<?xml version="1.0" encoding="UTF-8"?>
<gpx creator="StravaGPX" version="1.1" xmlns="http://www.topografix.com/GPX/1/1" xmlns:xsi="http://www.w3.org/2001/XMLSchema-instance" xsi:schemaLocation="http://www.topografix.com/GPX/1/1 http://www.topografix.com/GPX/1/1/gpx.xsd">
 <metadata>
  <time>2026-10-04T15:22:32Z</time>
 </metadata>
 <trk>
  <name>Afternoon Ride</name>
  <type>cycling</type>
  <trkseg>
   <trkpt lat="51.4872520" lon="-0.1258920">
    <ele>9.2</ele>
    <time>2026-10-04T15:22:32Z</time>
   </trkpt>
   <trkpt lat="51.4872750" lon="-0.1259630">
    <ele>9.3</ele>
    <time>2026-10-04T15:22:33Z</time>
   </trkpt>
   <trkpt lat="51.4872970" lon="-0.1260340">
    <ele>9.5</ele>
    <time>2026-10-04T15:22:34Z</time>
   </trkpt>
   <trkpt lat="51.4873030" lon="-0.1261020">
    <ele>9.6</ele>
    <time>2026-10-04T15:22:35Z</time>
   </trkpt>
   <trkpt lat="51.4873120" lon="-0.1261600">
    <ele>9.7</ele>
    <time>2026-10-04T15:22:36Z</time>
   </trkpt>
   <trkpt lat="51.4873350" lon="-0.1261900">
    <ele>9.8</ele>
    <time>2026-10-04T15:22:37Z</time>
   </trkpt>
   <trkpt lat="51.4873550" lon="-0.1262050">
    <ele>9.8</ele>
    <time>2026-10-04T15:22:38Z</time>
   </trkpt>
   <trkpt lat="51.4873830" lon="-0.1262480">
    <ele>10.0</ele>
    <time>2026-10-04T15:22:39Z</time>
   </trkpt>
   <trkpt lat="51.4873950" lon="-0.1262720">
    <ele>10.0</ele>
    <time>2026-10-04T15:22:40Z</time>
   </trkpt>
   <trkpt lat="51.4874320" lon="-0.1263580">
    <ele>10.2</ele>
    <time>2026-10-04T15:22:41Z</time>
   </trkpt>
   <trkpt lat="51.4874460" lon="-0.1264040">
    <ele>10.2</ele>
    <time>2026-10-04T15:22:42Z</time>
   </trkpt>
   <trkpt lat="51.4874620" lon="-0.1264490">
    <ele>10.3</ele>
    <time>2026-10-04T15:22:43Z</time>
   </trkpt>
   <trkpt lat="51.4874830" lon="-0.1264880">
    <ele>10.3</ele>
    <time>2026-10-04T15:22:44Z</time>
   </trkpt>
   <trkpt lat="51.4874990" lon="-0.1265430">
    <ele>10.4</ele>
    <time>2026-10-04T15:22:45Z</time>
   </trkpt>
   <trkpt lat="51.4875170" lon="-0.1265970">
    <ele>10.5</ele>
    <time>2026-10-04T15:22:46Z</time>
   </trkpt>
   <trkpt lat="51.4875360" lon="-0.1266460">
    <ele>10.5</ele>
    <time>2026-10-04T15:22:47Z</time>
   </trkpt>
   <trkpt lat="51.4875580" lon="-0.1266970">
    <ele>10.5</ele>
    <time>2026-10-04T15:22:48Z</time>
   </trkpt>
   <trkpt lat="51.4875770" lon="-0.1267430">
    <ele>10.6</ele>
    <time>2026-10-04T15:22:49Z</time>
   </trkpt>
   <trkpt lat="51.4875980" lon="-0.1267950">
    <ele>10.6</ele>
    <time>2026-10-04T15:22:50Z</time>
   </trkpt>
   <trkpt lat="51.4876200" lon="-0.1268480">
    <ele>10.6</ele>
    <time>2026-10-04T15:22:51Z</time>
   </trkpt>
   <trkpt lat="51.4876430" lon="-0.1268960">
    <ele>10.6</ele>
    <time>2026-10-04T15:22:52Z</time>
   </trkpt>
   <trkpt lat="51.4876620" lon="-0.1269460">
    <ele>10.6</ele>
    <time>2026-10-04T15:22:53Z</time>
   </trkpt>
   <trkpt lat="51.4876830" lon="-0.1269990">
    <ele>10.5</ele>
    <time>2026-10-04T15:22:54Z</time>
   </trkpt>
   <trkpt lat="51.4877070" lon="-0.1270460">
    <ele>10.5</ele>
    <time>2026-10-04T15:22:55Z</time>
   </trkpt>
   <trkpt lat="51.4877280" lon="-0.1270920">
    <ele>10.5</ele>
    <time>2026-10-04T15:22:56Z</time>
   </trkpt>
   <trkpt lat="51.4877480" lon="-0.1271420">
    <ele>10.5</ele>
    <time>2026-10-04T15:22:57Z</time>
   </trkpt>
   <trkpt lat="51.4877740" lon="-0.1271920">
    <ele>10.4</ele>
    <time>2026-10-04T15:22:58Z</time>
   </trkpt>
   <trkpt lat="51.4877960" lon="-0.1272440">
    <ele>10.4</ele>
    <time>2026-10-04T15:22:59Z</time>
   </trkpt>
   <trkpt lat="51.4878180" lon="-0.1272970">
    <ele>10.3</ele>
    <time>2026-10-04T15:23:00Z</time>
   </trkpt>
   <trkpt lat="51.4878440" lon="-0.1273560">
    <ele>10.3</ele>
    <time>2026-10-04T15:23:01Z</time>
   </trkpt>
   <trkpt lat="51.4878710" lon="-0.1274150">
    <ele>10.2</ele>
    <time>2026-10-04T15:23:02Z</time>
   </trkpt>
   <trkpt lat="51.4878960" lon="-0.1274680">
    <ele>10.1</ele>
    <time>2026-10-04T15:23:03Z</time>
   </trkpt>
   <trkpt lat="51.4879200" lon="-0.1275190">
    <ele>10.0</ele>
    <time>2026-10-04T15:23:04Z</time>
   </trkpt>
   <trkpt lat="51.4879410" lon="-0.1275620">
    <ele>9.9</ele>
    <time>2026-10-04T15:23:05Z</time>
   </trkpt>
   <trkpt lat="51.4879660" lon="-0.1276120">
    <ele>9.8</ele>
    <time>2026-10-04T15:23:06Z</time>
   </trkpt>
   <trkpt lat="51.4879930" lon="-0.1276670">
    <ele>9.7</ele>
    <time>2026-10-04T15:23:07Z</time>
   </trkpt>
   <trkpt lat="51.4880190" lon="-0.1277250">
    <ele>9.6</ele>
    <time>2026-10-04T15:23:08Z</time>
   </trkpt>
   <trkpt lat="51.4880420" lon="-0.1277780">
    <ele>9.5</ele>
    <time>2026-10-04T15:23:09Z</time>
   </trkpt>
   <trkpt lat="51.4880660" lon="-0.1278400">
    <ele>9.4</ele>
    <time>2026-10-04T15:23:10Z</time>
   </trkpt>
   <trkpt lat="51.4880920" lon="-0.1279010">
    <ele>9.2</ele>
    <time>2026-10-04T15:23:11Z</time>
   </trkpt>
   <trkpt lat="51.4881210" lon="-0.1279630">
    <ele>9.1</ele>
    <time>2026-10-04T15:23:12Z</time>
   </trkpt>
   <trkpt lat="51.4881490" lon="-0.1280270">
    <ele>8.9</ele>
    <time>2026-10-04T15:23:13Z</time>
   </trkpt>
   <trkpt lat="51.4881780" lon="-0.1280990">
    <ele>8.8</ele>
    <time>2026-10-04T15:23:14Z</time>
   </trkpt>
   <trkpt lat="51.4882060" lon="-0.1281690">
    <ele>8.6</ele>
    <time>2026-10-04T15:23:15Z</time>
   </trkpt>
   <trkpt lat="51.4882340" lon="-0.1282300">
    <ele>8.5</ele>
    <time>2026-10-04T15:23:16Z</time>
   </trkpt>
   <trkpt lat="51.4882610" lon="-0.1282900">
    <ele>8.3</ele>
    <time>2026-10-04T15:23:17Z</time>
   </trkpt>
   <trkpt lat="51.4882900" lon="-0.1283520">
    <ele>8.2</ele>
    <time>2026-10-04T15:23:18Z</time>
   </trkpt>
   <trkpt lat="51.4883200" lon="-0.1284100">
    <ele>8.1</ele>
    <time>2026-10-04T15:23:19Z</time>
   </trkpt>
   <trkpt lat="51.4883460" lon="-0.1284780">
    <ele>8.1</ele>
    <time>2026-10-04T15:23:20Z</time>
   </trkpt>
   <trkpt lat="51.4883730" lon="-0.1285460">
    <ele>7.8</ele>
    <time>2026-10-04T15:23:21Z</time>
   </trkpt>
   <trkpt lat="51.4884000" lon="-0.1286210">
    <ele>7.7</ele>
    <time>2026-10-04T15:23:22Z</time>
   </trkpt>
   <trkpt lat="51.4884370" lon="-0.1286960">
    <ele>7.6</ele>
    <time>2026-10-04T15:23:23Z</time>
   </trkpt>
   <trkpt lat="51.4884770" lon="-0.1287600">
    <ele>7.5</ele>
    <time>2026-10-04T15:23:24Z</time>
   </trkpt>
   <trkpt lat="51.4885080" lon="-0.1288200">
    <ele>7.4</ele>
    <time>2026-10-04T15:23:25Z</time>
   </trkpt>
   <trkpt lat="51.4885420" lon="-0.1288790">
    <ele>7.3</ele>
    <time>2026-10-04T15:23:26Z</time>
   </trkpt>
   <trkpt lat="51.4885810" lon="-0.1289630">
    <ele>7.1</ele>
    <time>2026-10-04T15:23:27Z</time>
   </trkpt>
   <trkpt lat="51.4886240" lon="-0.1290320">
    <ele>6.8</ele>
    <time>2026-10-04T15:23:28Z</time>
   </trkpt>
   <trkpt lat="51.4886620" lon="-0.1291050">
    <ele>6.7</ele>
    <time>2026-10-04T15:23:29Z</time>
   </trkpt>
   <trkpt lat="51.4886950" lon="-0.1291750">
    <ele>6.8</ele>
    <time>2026-10-04T15:23:30Z</time>
   </trkpt>
   <trkpt lat="51.4887310" lon="-0.1292310">
    <ele>6.9</ele>
    <time>2026-10-04T15:23:31Z</time>
   </trkpt>
   <trkpt lat="51.4887730" lon="-0.1292610">
    <ele>6.8</ele>
    <time>2026-10-04T15:23:32Z</time>
   </trkpt>
   <trkpt lat="51.4888260" lon="-0.1292720">
    <ele>6.6</ele>
    <time>2026-10-04T15:23:33Z</time>
   </trkpt>
   <trkpt lat="51.4888620" lon="-0.1293120">
    <ele>6.4</ele>
    <time>2026-10-04T15:23:34Z</time>
   </trkpt>
   <trkpt lat="51.4889030" lon="-0.1293240">
    <ele>6.2</ele>
    <time>2026-10-04T15:23:35Z</time>
   </trkpt>
   <trkpt lat="51.4889380" lon="-0.1293030">
    <ele>6.1</ele>
    <time>2026-10-04T15:23:36Z</time>
   </trkpt>
   <trkpt lat="51.4889930" lon="-0.1292510">
    <ele>5.9</ele>
    <time>2026-10-04T15:23:37Z</time>
   </trkpt>
   <trkpt lat="51.4890270" lon="-0.1291600">
    <ele>5.8</ele>
    <time>2026-10-04T15:23:39Z</time>
   </trkpt>
   <trkpt lat="51.4890600" lon="-0.1290920">
    <ele>5.7</ele>
    <time>2026-10-04T15:23:40Z</time>
   </trkpt>
   <trkpt lat="51.4890910" lon="-0.1289980">
    <ele>5.5</ele>
    <time>2026-10-04T15:23:41Z</time>
   </trkpt>
   <trkpt lat="51.4891250" lon="-0.1289220">
    <ele>5.4</ele>
    <time>2026-10-04T15:23:42Z</time>
   </trkpt>
   <trkpt lat="51.4891650" lon="-0.1288530">
    <ele>5.3</ele>
    <time>2026-10-04T15:23:43Z</time>
   </trkpt>
   <trkpt lat="51.4892060" lon="-0.1287840">
    <ele>5.3</ele>
    <time>2026-10-04T15:23:44Z</time>
   </trkpt>
   <trkpt lat="51.4892390" lon="-0.1287190">
    <ele>5.2</ele>
    <time>2026-10-04T15:23:45Z</time>
   </trkpt>
   <trkpt lat="51.4892690" lon="-0.1286370">
    <ele>5.2</ele>
    <time>2026-10-04T15:23:46Z</time>
   </trkpt>
   <trkpt lat="51.4893050" lon="-0.1285610">
    <ele>5.1</ele>
    <time>2026-10-04T15:23:47Z</time>
   </trkpt>
   <trkpt lat="51.4893400" lon="-0.1284940">
    <ele>5.1</ele>
    <time>2026-10-04T15:23:48Z</time>
   </trkpt>
   <trkpt lat="51.4893730" lon="-0.1284110">
    <ele>5.0</ele>
    <time>2026-10-04T15:23:49Z</time>
   </trkpt>
   <trkpt lat="51.4894070" lon="-0.1283390">
    <ele>4.9</ele>
    <time>2026-10-04T15:23:50Z</time>
   </trkpt>
   <trkpt lat="51.4894370" lon="-0.1282670">
    <ele>4.8</ele>
    <time>2026-10-04T15:23:51Z</time>
   </trkpt>
   <trkpt lat="51.4894700" lon="-0.1281910">
    <ele>4.8</ele>
    <time>2026-10-04T15:23:52Z</time>
   </trkpt>
   <trkpt lat="51.4894980" lon="-0.1281150">
    <ele>4.7</ele>
    <time>2026-10-04T15:23:53Z</time>
   </trkpt>
   <trkpt lat="51.4895280" lon="-0.1280360">
    <ele>4.7</ele>
    <time>2026-10-04T15:23:54Z</time>
   </trkpt>
   <trkpt lat="51.4895610" lon="-0.1279580">
    <ele>4.6</ele>
    <time>2026-10-04T15:23:55Z</time>
   </trkpt>
   <trkpt lat="51.4895870" lon="-0.1278730">
    <ele>4.5</ele>
    <time>2026-10-04T15:23:56Z</time>
   </trkpt>
   <trkpt lat="51.4896190" lon="-0.1277930">
    <ele>4.5</ele>
    <time>2026-10-04T15:23:57Z</time>
   </trkpt>
   <trkpt lat="51.4896510" lon="-0.1277130">
    <ele>4.4</ele>
    <time>2026-10-04T15:23:58Z</time>
   </trkpt>
   <trkpt lat="51.4896860" lon="-0.1276380">
    <ele>4.3</ele>
    <time>2026-10-04T15:23:59Z</time>
   </trkpt>
   <trkpt lat="51.4897240" lon="-0.1275660">
    <ele>4.3</ele>
    <time>2026-10-04T15:24:00Z</time>
   </trkpt>
   <trkpt lat="51.4897570" lon="-0.1274930">
    <ele>4.2</ele>
    <time>2026-10-04T15:24:01Z</time>
   </trkpt>
   <trkpt lat="51.4897920" lon="-0.1274150">
    <ele>4.1</ele>
    <time>2026-10-04T15:24:02Z</time>
   </trkpt>
   <trkpt lat="51.4898270" lon="-0.1273360">
    <ele>4.1</ele>
    <time>2026-10-04T15:24:03Z</time>
   </trkpt>
   <trkpt lat="51.4898690" lon="-0.1272740">
    <ele>4.0</ele>
    <time>2026-10-04T15:24:04Z</time>
   </trkpt>
   <trkpt lat="51.4899130" lon="-0.1272180">
    <ele>4.0</ele>
    <time>2026-10-04T15:24:05Z</time>
   </trkpt>
   <trkpt lat="51.4899500" lon="-0.1271670">
    <ele>3.9</ele>
    <time>2026-10-04T15:24:06Z</time>
   </trkpt>
   <trkpt lat="51.4899940" lon="-0.1271000">
    <ele>3.9</ele>
    <time>2026-10-04T15:24:07Z</time>
   </trkpt>
   <trkpt lat="51.4900360" lon="-0.1270530">
    <ele>3.8</ele>
    <time>2026-10-04T15:24:08Z</time>
   </trkpt>
   <trkpt lat="51.4900700" lon="-0.1270340">
    <ele>3.8</ele>
    <time>2026-10-04T15:24:09Z</time>
   </trkpt>
   <trkpt lat="51.4901360" lon="-0.1270750">
    <ele>3.7</ele>
    <time>2026-10-04T15:24:10Z</time>
   </trkpt>
   <trkpt lat="51.4902110" lon="-0.1270340">
    <ele>3.7</ele>
    <time>2026-10-04T15:24:11Z</time>
   </trkpt>
   <trkpt lat="51.4902920" lon="-0.1270640">
    <ele>3.6</ele>
    <time>2026-10-04T15:24:12Z</time>
   </trkpt>
   <trkpt lat="51.4903210" lon="-0.1270370">
    <ele>3.6</ele>
    <time>2026-10-04T15:24:13Z</time>
   </trkpt>
   <trkpt lat="51.4903850" lon="-0.1270000">
    <ele>3.7</ele>
    <time>2026-10-04T15:24:14Z</time>
   </trkpt>
   <trkpt lat="51.4904310" lon="-0.1269720">
    <ele>3.7</ele>
    <time>2026-10-04T15:24:15Z</time>
   </trkpt>
   <trkpt lat="51.4904950" lon="-0.1269220">
    <ele>3.6</ele>
    <time>2026-10-04T15:24:16Z</time>
   </trkpt>
   <trkpt lat="51.4905510" lon="-0.1268620">
    <ele>3.6</ele>
    <time>2026-10-04T15:24:17Z</time>
   </trkpt>
   <trkpt lat="51.4906040" lon="-0.1268010">
    <ele>3.5</ele>
    <time>2026-10-04T15:24:18Z</time>
   </trkpt>
   <trkpt lat="51.4906820" lon="-0.1267660">
    <ele>3.5</ele>
    <time>2026-10-04T15:24:19Z</time>
   </trkpt>
   <trkpt lat="51.4907550" lon="-0.1267250">
    <ele>3.5</ele>
    <time>2026-10-04T15:24:20Z</time>
   </trkpt>
   <trkpt lat="51.4908270" lon="-0.1266890">
    <ele>3.5</ele>
    <time>2026-10-04T15:24:21Z</time>
   </trkpt>
   <trkpt lat="51.4908800" lon="-0.1266290">
    <ele>3.5</ele>
    <time>2026-10-04T15:24:22Z</time>
   </trkpt>
   <trkpt lat="51.4909500" lon="-0.1265850">
    <ele>3.5</ele>
    <time>2026-10-04T15:24:23Z</time>
   </trkpt>
   <trkpt lat="51.4910180" lon="-0.1265440">
    <ele>3.6</ele>
    <time>2026-10-04T15:24:24Z</time>
   </trkpt>
   <trkpt lat="51.4910950" lon="-0.1265440">
    <ele>3.6</ele>
    <time>2026-10-04T15:24:25Z</time>
   </trkpt>
   <trkpt lat="51.4911630" lon="-0.1264930">
    <ele>3.6</ele>
    <time>2026-10-04T15:24:26Z</time>
   </trkpt>
   <trkpt lat="51.4912540" lon="-0.1263440">
    <ele>3.6</ele>
    <time>2026-10-04T15:24:27Z</time>
   </trkpt>
   <trkpt lat="51.4912750" lon="-0.1262520">
    <ele>3.6</ele>
    <time>2026-10-04T15:24:28Z</time>
   </trkpt>
   <trkpt lat="51.4913250" lon="-0.1261720">
    <ele>3.6</ele>
    <time>2026-10-04T15:24:29Z</time>
   </trkpt>
   <trkpt lat="51.4913790" lon="-0.1260740">
    <ele>3.6</ele>
    <time>2026-10-04T15:24:30Z</time>
   </trkpt>
   <trkpt lat="51.4914590" lon="-0.1260220">
    <ele>3.6</ele>
    <time>2026-10-04T15:24:31Z</time>
   </trkpt>
   <trkpt lat="51.4915200" lon="-0.1259190">
    <ele>3.6</ele>
    <time>2026-10-04T15:24:32Z</time>
   </trkpt>
   <trkpt lat="51.4915790" lon="-0.1258450">
    <ele>3.7</ele>
    <time>2026-10-04T15:24:33Z</time>
   </trkpt>
   <trkpt lat="51.4916510" lon="-0.1258170">
    <ele>3.7</ele>
    <time>2026-10-04T15:24:34Z</time>
   </trkpt>
   <trkpt lat="51.4917190" lon="-0.1257630">
    <ele>3.7</ele>
    <time>2026-10-04T15:24:35Z</time>
   </trkpt>
   <trkpt lat="51.4917680" lon="-0.1256920">
    <ele>3.8</ele>
    <time>2026-10-04T15:24:36Z</time>
   </trkpt>
   <trkpt lat="51.4918480" lon="-0.1256420">
    <ele>3.8</ele>
    <time>2026-10-04T15:24:37Z</time>
   </trkpt>
   <trkpt lat="51.4919190" lon="-0.1255980">
    <ele>3.8</ele>
    <time>2026-10-04T15:24:38Z</time>
   </trkpt>
   <trkpt lat="51.4919960" lon="-0.1255660">
    <ele>3.8</ele>
    <time>2026-10-04T15:24:39Z</time>
   </trkpt>
   <trkpt lat="51.4920700" lon="-0.1255420">
    <ele>3.8</ele>
    <time>2026-10-04T15:24:40Z</time>
   </trkpt>
   <trkpt lat="51.4921420" lon="-0.1255050">
    <ele>3.8</ele>
    <time>2026-10-04T15:24:41Z</time>
   </trkpt>
   <trkpt lat="51.4922190" lon="-0.1254810">
    <ele>3.8</ele>
    <time>2026-10-04T15:24:42Z</time>
   </trkpt>
   <trkpt lat="51.4922930" lon="-0.1254460">
    <ele>3.8</ele>
    <time>2026-10-04T15:24:44Z</time>
   </trkpt>
   <trkpt lat="51.4923690" lon="-0.1254150">
    <ele>3.8</ele>
    <time>2026-10-04T15:24:45Z</time>
   </trkpt>
   <trkpt lat="51.4924400" lon="-0.1253840">
    <ele>3.9</ele>
    <time>2026-10-04T15:24:46Z</time>
   </trkpt>
   <trkpt lat="51.4925090" lon="-0.1253390">
    <ele>4.0</ele>
    <time>2026-10-04T15:24:47Z</time>
   </trkpt>
   <trkpt lat="51.4925700" lon="-0.1253210">
    <ele>4.1</ele>
    <time>2026-10-04T15:24:48Z</time>
   </trkpt>
   <trkpt lat="51.4926380" lon="-0.1253080">
    <ele>4.2</ele>
    <time>2026-10-04T15:24:49Z</time>
   </trkpt>
   <trkpt lat="51.4927060" lon="-0.1253020">
    <ele>4.3</ele>
    <time>2026-10-04T15:24:50Z</time>
   </trkpt>
   <trkpt lat="51.4927680" lon="-0.1252730">
    <ele>4.3</ele>
    <time>2026-10-04T15:24:51Z</time>
   </trkpt>
   <trkpt lat="51.4928360" lon="-0.1252600">
    <ele>4.4</ele>
    <time>2026-10-04T15:24:52Z</time>
   </trkpt>
   <trkpt lat="51.4928960" lon="-0.1252430">
    <ele>4.4</ele>
    <time>2026-10-04T15:24:53Z</time>
   </trkpt>
   <trkpt lat="51.4929610" lon="-0.1252190">
    <ele>4.5</ele>
    <time>2026-10-04T15:24:54Z</time>
   </trkpt>
   <trkpt lat="51.4930260" lon="-0.1252140">
    <ele>4.5</ele>
    <time>2026-10-04T15:24:55Z</time>
   </trkpt>
   <trkpt lat="51.4930970" lon="-0.1252030">
    <ele>4.5</ele>
    <time>2026-10-04T15:24:56Z</time>
   </trkpt>
   <trkpt lat="51.4932320" lon="-0.1251950">
    <ele>4.7</ele>
    <time>2026-10-04T15:24:57Z</time>
   </trkpt>
   <trkpt lat="51.4932900" lon="-0.1251990">
    <ele>4.8</ele>
    <time>2026-10-04T15:24:58Z</time>
   </trkpt>
   <trkpt lat="51.4933550" lon="-0.1251990">
    <ele>4.8</ele>
    <time>2026-10-04T15:24:59Z</time>
   </trkpt>
   <trkpt lat="51.4934120" lon="-0.1251850">
    <ele>4.9</ele>
    <time>2026-10-04T15:25:00Z</time>
   </trkpt>
   <trkpt lat="51.4934750" lon="-0.1251980">
    <ele>5.0</ele>
    <time>2026-10-04T15:25:01Z</time>
   </trkpt>
   <trkpt lat="51.4935400" lon="-0.1252300">
    <ele>5.1</ele>
    <time>2026-10-04T15:25:02Z</time>
   </trkpt>
   <trkpt lat="51.4936030" lon="-0.1252420">
    <ele>5.2</ele>
    <time>2026-10-04T15:25:03Z</time>
   </trkpt>
   <trkpt lat="51.4936620" lon="-0.1252490">
    <ele>5.3</ele>
    <time>2026-10-04T15:25:04Z</time>
   </trkpt>
   <trkpt lat="51.4937230" lon="-0.1252570">
    <ele>5.4</ele>
    <time>2026-10-04T15:25:05Z</time>
   </trkpt>
   <trkpt lat="51.4937910" lon="-0.1252600">
    <ele>5.5</ele>
    <time>2026-10-04T15:25:06Z</time>
   </trkpt>
   <trkpt lat="51.4938490" lon="-0.1252720">
    <ele>5.6</ele>
    <time>2026-10-04T15:25:07Z</time>
   </trkpt>
   <trkpt lat="51.4939100" lon="-0.1252670">
    <ele>5.6</ele>
    <time>2026-10-04T15:25:08Z</time>
   </trkpt>
   <trkpt lat="51.4939670" lon="-0.1252790">
    <ele>5.7</ele>
    <time>2026-10-04T15:25:09Z</time>
   </trkpt>
   <trkpt lat="51.4940340" lon="-0.1252980">
    <ele>5.8</ele>
    <time>2026-10-04T15:25:10Z</time>
   </trkpt>
   <trkpt lat="51.4940990" lon="-0.1253240">
    <ele>5.9</ele>
    <time>2026-10-04T15:25:11Z</time>
   </trkpt>
   <trkpt lat="51.4941660" lon="-0.1253290">
    <ele>6.1</ele>
    <time>2026-10-04T15:25:12Z</time>
   </trkpt>
   <trkpt lat="51.4942210" lon="-0.1253330">
    <ele>6.2</ele>
    <time>2026-10-04T15:25:13Z</time>
   </trkpt>
   <trkpt lat="51.4942810" lon="-0.1253170">
    <ele>6.2</ele>
    <time>2026-10-04T15:25:14Z</time>
   </trkpt>
   <trkpt lat="51.4943350" lon="-0.1252920">
    <ele>6.2</ele>
    <time>2026-10-04T15:25:15Z</time>
   </trkpt>
   <trkpt lat="51.4944070" lon="-0.1252870">
    <ele>6.3</ele>
    <time>2026-10-04T15:25:16Z</time>
   </trkpt>
   <trkpt lat="51.4944720" lon="-0.1253250">
    <ele>6.3</ele>
    <time>2026-10-04T15:25:17Z</time>
   </trkpt>
   <trkpt lat="51.4945390" lon="-0.1253490">
    <ele>6.4</ele>
    <time>2026-10-04T15:25:18Z</time>
   </trkpt>
   <trkpt lat="51.4945870" lon="-0.1253050">
    <ele>6.5</ele>
    <time>2026-10-04T15:25:19Z</time>
   </trkpt>
   <trkpt lat="51.4946540" lon="-0.1253240">
    <ele>6.5</ele>
    <time>2026-10-04T15:25:20Z</time>
   </trkpt>
   <trkpt lat="51.4947100" lon="-0.1253050">
    <ele>6.6</ele>
    <time>2026-10-04T15:25:21Z</time>
   </trkpt>
   <trkpt lat="51.4947690" lon="-0.1252680">
    <ele>6.7</ele>
    <time>2026-10-04T15:25:22Z</time>
   </trkpt>
   <trkpt lat="51.4948260" lon="-0.1252560">
    <ele>6.6</ele>
    <time>2026-10-04T15:25:23Z</time>
   </trkpt>
   <trkpt lat="51.4948900" lon="-0.1252420">
    <ele>6.6</ele>
    <time>2026-10-04T15:25:24Z</time>
   </trkpt>
   <trkpt lat="51.4949560" lon="-0.1252360">
    <ele>6.5</ele>
    <time>2026-10-04T15:25:25Z</time>
   </trkpt>
   <trkpt lat="51.4950200" lon="-0.1252150">
    <ele>6.5</ele>
    <time>2026-10-04T15:25:26Z</time>
   </trkpt>
   <trkpt lat="51.4950870" lon="-0.1251990">
    <ele>6.4</ele>
    <time>2026-10-04T15:25:27Z</time>
   </trkpt>
   <trkpt lat="51.4951590" lon="-0.1251900">
    <ele>6.3</ele>
    <time>2026-10-04T15:25:28Z</time>
   </trkpt>
   <trkpt lat="51.4952350" lon="-0.1252010">
    <ele>6.1</ele>
    <time>2026-10-04T15:25:29Z</time>
   </trkpt>
   <trkpt lat="51.4952990" lon="-0.1251790">
    <ele>6.0</ele>
    <time>2026-10-04T15:25:30Z</time>
   </trkpt>
   <trkpt lat="51.4953590" lon="-0.1251610">
    <ele>5.9</ele>
    <time>2026-10-04T15:25:31Z</time>
   </trkpt>
   <trkpt lat="51.4954210" lon="-0.1251740">
    <ele>5.8</ele>
    <time>2026-10-04T15:25:32Z</time>
   </trkpt>
   <trkpt lat="51.4954910" lon="-0.1251830">
    <ele>5.7</ele>
    <time>2026-10-04T15:25:33Z</time>
   </trkpt>
   <trkpt lat="51.4955530" lon="-0.1251930">
    <ele>5.6</ele>
    <time>2026-10-04T15:25:34Z</time>
   </trkpt>
   <trkpt lat="51.4956110" lon="-0.1252000">
    <ele>5.5</ele>
    <time>2026-10-04T15:25:35Z</time>
   </trkpt>
   <trkpt lat="51.4956710" lon="-0.1252080">
    <ele>5.4</ele>
    <time>2026-10-04T15:25:36Z</time>
   </trkpt>
   <trkpt lat="51.4957390" lon="-0.1252530">
    <ele>5.3</ele>
    <time>2026-10-04T15:25:37Z</time>
   </trkpt>
   <trkpt lat="51.4958100" lon="-0.1252880">
    <ele>5.2</ele>
    <time>2026-10-04T15:25:38Z</time>
   </trkpt>
   <trkpt lat="51.4959000" lon="-0.1253980">
    <ele>5.1</ele>
    <time>2026-10-04T15:25:39Z</time>
   </trkpt>
   <trkpt lat="51.4959750" lon="-0.1254280">
    <ele>5.1</ele>
    <time>2026-10-04T15:25:40Z</time>
   </trkpt>
   <trkpt lat="51.4960490" lon="-0.1254370">
    <ele>5.0</ele>
    <time>2026-10-04T15:25:41Z</time>
   </trkpt>
   <trkpt lat="51.4961190" lon="-0.1254590">
    <ele>5.0</ele>
    <time>2026-10-04T15:25:42Z</time>
   </trkpt>
   <trkpt lat="51.4961730" lon="-0.1254790">
    <ele>4.9</ele>
    <time>2026-10-04T15:25:43Z</time>
   </trkpt>
   <trkpt lat="51.4962300" lon="-0.1254670">
    <ele>4.9</ele>
    <time>2026-10-04T15:25:44Z</time>
   </trkpt>
   <trkpt lat="51.4963130" lon="-0.1255030">
    <ele>4.9</ele>
    <time>2026-10-04T15:25:45Z</time>
   </trkpt>
   <trkpt lat="51.4963770" lon="-0.1255310">
    <ele>4.8</ele>
    <time>2026-10-04T15:25:46Z</time>
   </trkpt>
   <trkpt lat="51.4964330" lon="-0.1255460">
    <ele>4.8</ele>
    <time>2026-10-04T15:25:47Z</time>
   </trkpt>
   <trkpt lat="51.4965040" lon="-0.1255680">
    <ele>4.8</ele>
    <time>2026-10-04T15:25:48Z</time>
   </trkpt>
   <trkpt lat="51.4965810" lon="-0.1256040">
    <ele>4.8</ele>
    <time>2026-10-04T15:25:49Z</time>
   </trkpt>
   <trkpt lat="51.4966430" lon="-0.1256170">
    <ele>4.8</ele>
    <time>2026-10-04T15:25:50Z</time>
   </trkpt>
   <trkpt lat="51.4967050" lon="-0.1256410">
    <ele>4.7</ele>
    <time>2026-10-04T15:25:51Z</time>
   </trkpt>
   <trkpt lat="51.4967610" lon="-0.1256370">
    <ele>4.7</ele>
    <time>2026-10-04T15:25:52Z</time>
   </trkpt>
   <trkpt lat="51.4968140" lon="-0.1256400">
    <ele>4.7</ele>
    <time>2026-10-04T15:25:53Z</time>
   </trkpt>
   <trkpt lat="51.4968830" lon="-0.1256720">
    <ele>4.6</ele>
    <time>2026-10-04T15:25:54Z</time>
   </trkpt>
   <trkpt lat="51.4969390" lon="-0.1256750">
    <ele>4.6</ele>
    <time>2026-10-04T15:25:55Z</time>
   </trkpt>
   <trkpt lat="51.4969930" lon="-0.1256630">
    <ele>4.6</ele>
    <time>2026-10-04T15:25:56Z</time>
   </trkpt>
   <trkpt lat="51.4970410" lon="-0.1256810">
    <ele>4.6</ele>
    <time>2026-10-04T15:25:57Z</time>
   </trkpt>
   <trkpt lat="51.4970980" lon="-0.1256940">
    <ele>4.7</ele>
    <time>2026-10-04T15:25:58Z</time>
   </trkpt>
   <trkpt lat="51.4971560" lon="-0.1257050">
    <ele>4.7</ele>
    <time>2026-10-04T15:25:59Z</time>
   </trkpt>
   <trkpt lat="51.4972120" lon="-0.1257280">
    <ele>4.7</ele>
    <time>2026-10-04T15:26:00Z</time>
   </trkpt>
   <trkpt lat="51.4972760" lon="-0.1257430">
    <ele>4.7</ele>
    <time>2026-10-04T15:26:01Z</time>
   </trkpt>
   <trkpt lat="51.4973310" lon="-0.1257660">
    <ele>4.7</ele>
    <time>2026-10-04T15:26:02Z</time>
   </trkpt>
   <trkpt lat="51.4973820" lon="-0.1257830">
    <ele>4.8</ele>
    <time>2026-10-04T15:26:03Z</time>
   </trkpt>
   <trkpt lat="51.4974200" lon="-0.1258060">
    <ele>4.8</ele>
    <time>2026-10-04T15:26:04Z</time>
   </trkpt>
   <trkpt lat="51.4974660" lon="-0.1258250">
    <ele>4.8</ele>
    <time>2026-10-04T15:26:05Z</time>
   </trkpt>
   <trkpt lat="51.4975130" lon="-0.1258180">
    <ele>4.8</ele>
    <time>2026-10-04T15:26:06Z</time>
   </trkpt>
   <trkpt lat="51.4975690" lon="-0.1258300">
    <ele>4.8</ele>
    <time>2026-10-04T15:26:07Z</time>
   </trkpt>
   <trkpt lat="51.4976230" lon="-0.1258390">
    <ele>4.9</ele>
    <time>2026-10-04T15:26:08Z</time>
   </trkpt>
   <trkpt lat="51.4976430" lon="-0.1258280">
    <ele>4.9</ele>
    <time>2026-10-04T15:26:09Z</time>
   </trkpt>
   <trkpt lat="51.4976640" lon="-0.1258160">
    <ele>4.9</ele>
    <time>2026-10-04T15:26:10Z</time>
   </trkpt>
   <trkpt lat="51.4976860" lon="-0.1258110">
    <ele>4.9</ele>
    <time>2026-10-04T15:26:11Z</time>
   </trkpt>
   <trkpt lat="51.4977240" lon="-0.1258020">
    <ele>4.9</ele>
    <time>2026-10-04T15:26:12Z</time>
   </trkpt>
   <trkpt lat="51.4977660" lon="-0.1258060">
    <ele>4.9</ele>
    <time>2026-10-04T15:26:13Z</time>
   </trkpt>
   <trkpt lat="51.4978050" lon="-0.1258090">
    <ele>4.9</ele>
    <time>2026-10-04T15:26:14Z</time>
   </trkpt>
   <trkpt lat="51.4978530" lon="-0.1258020">
    <ele>5.0</ele>
    <time>2026-10-04T15:26:15Z</time>
   </trkpt>
   <trkpt lat="51.4978800" lon="-0.1257960">
    <ele>5.0</ele>
    <time>2026-10-04T15:26:16Z</time>
   </trkpt>
   <trkpt lat="51.4979070" lon="-0.1257890">
    <ele>5.0</ele>
    <time>2026-10-04T15:26:17Z</time>
   </trkpt>
   <trkpt lat="51.4979340" lon="-0.1257830">
    <ele>5.0</ele>
    <time>2026-10-04T15:26:18Z</time>
   </trkpt>
   <trkpt lat="51.4979550" lon="-0.1258200">
    <ele>5.0</ele>
    <time>2026-10-04T15:26:19Z</time>
   </trkpt>
   <trkpt lat="51.4979820" lon="-0.1258360">
    <ele>5.0</ele>
    <time>2026-10-04T15:26:20Z</time>
   </trkpt>
   <trkpt lat="51.4980010" lon="-0.1258550">
    <ele>5.0</ele>
    <time>2026-10-04T15:26:21Z</time>
   </trkpt>
   <trkpt lat="51.4980240" lon="-0.1258400">
    <ele>5.0</ele>
    <time>2026-10-04T15:26:22Z</time>
   </trkpt>
   <trkpt lat="51.4980570" lon="-0.1258180">
    <ele>5.0</ele>
    <time>2026-10-04T15:26:23Z</time>
   </trkpt>
   <trkpt lat="51.4980740" lon="-0.1257950">
    <ele>5.0</ele>
    <time>2026-10-04T15:26:24Z</time>
   </trkpt>
   <trkpt lat="51.4981120" lon="-0.1257890">
    <ele>5.0</ele>
    <time>2026-10-04T15:26:25Z</time>
   </trkpt>
   <trkpt lat="51.4981260" lon="-0.1258240">
    <ele>5.0</ele>
    <time>2026-10-04T15:26:26Z</time>
   </trkpt>
   <trkpt lat="51.4981420" lon="-0.1258260">
    <ele>5.0</ele>
    <time>2026-10-04T15:26:27Z</time>
   </trkpt>
   <trkpt lat="51.4981640" lon="-0.1258340">
    <ele>5.0</ele>
    <time>2026-10-04T15:26:28Z</time>
   </trkpt>
   <trkpt lat="51.4981940" lon="-0.1258190">
    <ele>5.0</ele>
    <time>2026-10-04T15:26:29Z</time>
   </trkpt>
   <trkpt lat="51.4982170" lon="-0.1257670">
    <ele>5.0</ele>
    <time>2026-10-04T15:26:30Z</time>
   </trkpt>
   <trkpt lat="51.4982280" lon="-0.1257530">
    <ele>5.0</ele>
    <time>2026-10-04T15:26:31Z</time>
   </trkpt>
   <trkpt lat="51.4982440" lon="-0.1257390">
    <ele>5.0</ele>
    <time>2026-10-04T15:26:32Z</time>
   </trkpt>
   <trkpt lat="51.4983140" lon="-0.1258700">
    <ele>5.1</ele>
    <time>2026-10-04T15:26:33Z</time>
   </trkpt>
   <trkpt lat="51.4983300" lon="-0.1259060">
    <ele>5.1</ele>
    <time>2026-10-04T15:26:34Z</time>
   </trkpt>
   <trkpt lat="51.4983610" lon="-0.1259100">
    <ele>5.1</ele>
    <time>2026-10-04T15:26:35Z</time>
   </trkpt>
   <trkpt lat="51.4983610" lon="-0.1259100">
    <ele>5.1</ele>
    <time>2026-10-04T15:26:36Z</time>
   </trkpt>
   <trkpt lat="51.4983820" lon="-0.1258840">
    <ele>5.1</ele>
    <time>2026-10-04T15:26:37Z</time>
   </trkpt>
   <trkpt lat="51.4984280" lon="-0.1258290">
    <ele>5.1</ele>
    <time>2026-10-04T15:26:38Z</time>
   </trkpt>
   <trkpt lat="51.4984470" lon="-0.1258680">
    <ele>5.1</ele>
    <time>2026-10-04T15:26:39Z</time>
   </trkpt>
   <trkpt lat="51.4984950" lon="-0.1258550">
    <ele>5.1</ele>
    <time>2026-10-04T15:26:40Z</time>
   </trkpt>
   <trkpt lat="51.4985010" lon="-0.1258670">
    <ele>5.1</ele>
    <time>2026-10-04T15:26:41Z</time>
   </trkpt>
   <trkpt lat="51.4985340" lon="-0.1258740">
    <ele>5.2</ele>
    <time>2026-10-04T15:26:42Z</time>
   </trkpt>
   <trkpt lat="51.4997690" lon="-0.1262910">
    <ele>4.5</ele>
    <time>2026-10-04T15:26:43Z</time>
   </trkpt>
   <trkpt lat="51.4998260" lon="-0.1262930">
    <ele>4.5</ele>
    <time>2026-10-04T15:26:44Z</time>
   </trkpt>
   <trkpt lat="51.4998830" lon="-0.1262840">
    <ele>4.5</ele>
    <time>2026-10-04T15:26:45Z</time>
   </trkpt>
   <trkpt lat="51.4999330" lon="-0.1262540">
    <ele>4.4</ele>
    <time>2026-10-04T15:26:46Z</time>
   </trkpt>
   <trkpt lat="51.4999830" lon="-0.1262360">
    <ele>4.4</ele>
    <time>2026-10-04T15:26:47Z</time>
   </trkpt>
   <trkpt lat="51.5000380" lon="-0.1262210">
    <ele>4.4</ele>
    <time>2026-10-04T15:26:48Z</time>
   </trkpt>
   <trkpt lat="51.5000850" lon="-0.1262090">
    <ele>4.5</ele>
    <time>2026-10-04T15:26:50Z</time>
   </trkpt>
   <trkpt lat="51.5001250" lon="-0.1261980">
    <ele>4.7</ele>
    <time>2026-10-04T15:26:51Z</time>
   </trkpt>
   <trkpt lat="51.5001340" lon="-0.1262040">
    <ele>4.7</ele>
    <time>2026-10-04T15:26:52Z</time>
   </trkpt>
   <trkpt lat="51.5001420" lon="-0.1262540">
    <ele>4.7</ele>
    <time>2026-10-04T15:26:53Z</time>
   </trkpt>
   <trkpt lat="51.5001600" lon="-0.1262740">
    <ele>4.7</ele>
    <time>2026-10-04T15:26:54Z</time>
   </trkpt>
   <trkpt lat="51.5001850" lon="-0.1262930">
    <ele>4.7</ele>
    <time>2026-10-04T15:26:55Z</time>
   </trkpt>
   <trkpt lat="51.5002130" lon="-0.1263480">
    <ele>4.7</ele>
    <time>2026-10-04T15:26:56Z</time>
   </trkpt>
   <trkpt lat="51.5002320" lon="-0.1264360">
    <ele>4.7</ele>
    <time>2026-10-04T15:26:57Z</time>
   </trkpt>
   <trkpt lat="51.5002340" lon="-0.1265240">
    <ele>4.7</ele>
    <time>2026-10-04T15:26:58Z</time>
   </trkpt>
   <trkpt lat="51.5002450" lon="-0.1266060">
    <ele>4.7</ele>
    <time>2026-10-04T15:26:59Z</time>
   </trkpt>
   <trkpt lat="51.5002540" lon="-0.1267020">
    <ele>4.7</ele>
    <time>2026-10-04T15:27:00Z</time>
   </trkpt>
   <trkpt lat="51.5002600" lon="-0.1267910">
    <ele>4.7</ele>
    <time>2026-10-04T15:27:01Z</time>
   </trkpt>
   <trkpt lat="51.5002580" lon="-0.1268930">
    <ele>4.7</ele>
    <time>2026-10-04T15:27:02Z</time>
   </trkpt>
   <trkpt lat="51.4996350" lon="-0.1265040">
    <ele>5.1</ele>
    <time>2026-10-04T15:27:03Z</time>
   </trkpt>
   <trkpt lat="51.4997780" lon="-0.1267050">
    <ele>4.9</ele>
    <time>2026-10-04T15:27:04Z</time>
   </trkpt>
   <trkpt lat="51.4998250" lon="-0.1268060">
    <ele>5.1</ele>
    <time>2026-10-04T15:27:05Z</time>
   </trkpt>
   <trkpt lat="51.4998720" lon="-0.1269080">
    <ele>5.3</ele>
    <time>2026-10-04T15:27:06Z</time>
   </trkpt>
   <trkpt lat="51.4993990" lon="-0.1268830">
    <ele>5.6</ele>
    <time>2026-10-04T15:27:07Z</time>
   </trkpt>
   <trkpt lat="51.4994480" lon="-0.1269210">
    <ele>5.7</ele>
    <time>2026-10-04T15:27:08Z</time>
   </trkpt>
   <trkpt lat="51.4994900" lon="-0.1269740">
    <ele>5.8</ele>
    <time>2026-10-04T15:27:09Z</time>
   </trkpt>
   <trkpt lat="51.4994870" lon="-0.1270030">
    <ele>5.8</ele>
    <time>2026-10-04T15:27:10Z</time>
   </trkpt>
   <trkpt lat="51.4994900" lon="-0.1270430">
    <ele>5.9</ele>
    <time>2026-10-04T15:27:11Z</time>
   </trkpt>
   <trkpt lat="51.4995050" lon="-0.1270640">
    <ele>5.9</ele>
    <time>2026-10-04T15:27:12Z</time>
   </trkpt>
   <trkpt lat="51.4995160" lon="-0.1270930">
    <ele>5.9</ele>
    <time>2026-10-04T15:27:13Z</time>
   </trkpt>
   <trkpt lat="51.4995280" lon="-0.1271290">
    <ele>5.9</ele>
    <time>2026-10-04T15:27:14Z</time>
   </trkpt>
   <trkpt lat="51.4995460" lon="-0.1271250">
    <ele>5.9</ele>
    <time>2026-10-04T15:27:15Z</time>
   </trkpt>
   <trkpt lat="51.4995680" lon="-0.1271360">
    <ele>5.8</ele>
    <time>2026-10-04T15:27:16Z</time>
   </trkpt>
   <trkpt lat="51.4995900" lon="-0.1271470">
    <ele>5.7</ele>
    <time>2026-10-04T15:27:17Z</time>
   </trkpt>
   <trkpt lat="51.4996250" lon="-0.1271620">
    <ele>5.5</ele>
    <time>2026-10-04T15:27:18Z</time>
   </trkpt>
   <trkpt lat="51.4996580" lon="-0.1271680">
    <ele>5.4</ele>
    <time>2026-10-04T15:27:19Z</time>
   </trkpt>
   <trkpt lat="51.4996800" lon="-0.1271770">
    <ele>5.2</ele>
    <time>2026-10-04T15:27:20Z</time>
   </trkpt>
   <trkpt lat="51.4997110" lon="-0.1271850">
    <ele>5.1</ele>
    <time>2026-10-04T15:27:21Z</time>
   </trkpt>
   <trkpt lat="51.4997700" lon="-0.1272100">
    <ele>4.9</ele>
    <time>2026-10-04T15:27:22Z</time>
   </trkpt>
   <trkpt lat="51.4998250" lon="-0.1272460">
    <ele>4.9</ele>
    <time>2026-10-04T15:27:23Z</time>
   </trkpt>
   <trkpt lat="51.4998850" lon="-0.1273050">
    <ele>4.9</ele>
    <time>2026-10-04T15:27:24Z</time>
   </trkpt>
   <trkpt lat="51.4999620" lon="-0.1273360">
    <ele>4.9</ele>
    <time>2026-10-04T15:27:25Z</time>
   </trkpt>
   <trkpt lat="51.5000560" lon="-0.1273570">
    <ele>4.8</ele>
    <time>2026-10-04T15:27:26Z</time>
   </trkpt>
   <trkpt lat="51.5001260" lon="-0.1273820">
    <ele>4.7</ele>
    <time>2026-10-04T15:27:27Z</time>
   </trkpt>
   <trkpt lat="51.5002000" lon="-0.1274030">
    <ele>4.8</ele>
    <time>2026-10-04T15:27:28Z</time>
   </trkpt>
   <trkpt lat="51.5002950" lon="-0.1274130">
    <ele>5.0</ele>
    <time>2026-10-04T15:27:29Z</time>
   </trkpt>
   <trkpt lat="51.5003770" lon="-0.1274460">
    <ele>5.1</ele>
    <time>2026-10-04T15:27:30Z</time>
   </trkpt>
   <trkpt lat="51.5004430" lon="-0.1274660">
    <ele>5.1</ele>
    <time>2026-10-04T15:27:31Z</time>
   </trkpt>
   <trkpt lat="51.5005310" lon="-0.1274480">
    <ele>5.1</ele>
    <time>2026-10-04T15:27:32Z</time>
   </trkpt>
   <trkpt lat="51.5006390" lon="-0.1274670">
    <ele>5.2</ele>
    <time>2026-10-04T15:27:33Z</time>
   </trkpt>
   <trkpt lat="51.5007330" lon="-0.1274800">
    <ele>5.3</ele>
    <time>2026-10-04T15:27:34Z</time>
   </trkpt>
   <trkpt lat="51.5008120" lon="-0.1274810">
    <ele>5.3</ele>
    <time>2026-10-04T15:27:35Z</time>
   </trkpt>
   <trkpt lat="51.5008880" lon="-0.1274910">
    <ele>5.3</ele>
    <time>2026-10-04T15:27:36Z</time>
   </trkpt>
   <trkpt lat="51.5009490" lon="-0.1275020">
    <ele>5.3</ele>
    <time>2026-10-04T15:27:37Z</time>
   </trkpt>
   <trkpt lat="51.5009890" lon="-0.1275390">
    <ele>5.3</ele>
    <time>2026-10-04T15:27:38Z</time>
   </trkpt>
   <trkpt lat="51.5010200" lon="-0.1276550">
    <ele>5.3</ele>
    <time>2026-10-04T15:27:39Z</time>
   </trkpt>
   <trkpt lat="51.5010150" lon="-0.1277390">
    <ele>5.3</ele>
    <time>2026-10-04T15:27:40Z</time>
   </trkpt>
   <trkpt lat="51.5010390" lon="-0.1278620">
    <ele>5.3</ele>
    <time>2026-10-04T15:27:41Z</time>
   </trkpt>
   <trkpt lat="51.5010580" lon="-0.1279910">
    <ele>5.4</ele>
    <time>2026-10-04T15:27:42Z</time>
   </trkpt>
   <trkpt lat="51.5011030" lon="-0.1280990">
    <ele>5.4</ele>
    <time>2026-10-04T15:27:43Z</time>
   </trkpt>
   <trkpt lat="51.5011360" lon="-0.1282070">
    <ele>5.4</ele>
    <time>2026-10-04T15:27:44Z</time>
   </trkpt>
   <trkpt lat="51.5011690" lon="-0.1283260">
    <ele>5.4</ele>
    <time>2026-10-04T15:27:45Z</time>
   </trkpt>
   <trkpt lat="51.5012140" lon="-0.1284170">
    <ele>5.3</ele>
    <time>2026-10-04T15:27:46Z</time>
   </trkpt>
   <trkpt lat="51.5012180" lon="-0.1285170">
    <ele>5.3</ele>
    <time>2026-10-04T15:27:47Z</time>
   </trkpt>
   <trkpt lat="51.5012450" lon="-0.1286350">
    <ele>5.3</ele>
    <time>2026-10-04T15:27:48Z</time>
   </trkpt>
   <trkpt lat="51.5012570" lon="-0.1287340">
    <ele>5.3</ele>
    <time>2026-10-04T15:27:49Z</time>
   </trkpt>
   <trkpt lat="51.5012810" lon="-0.1288430">
    <ele>5.3</ele>
    <time>2026-10-04T15:27:50Z</time>
   </trkpt>
   <trkpt lat="51.5013100" lon="-0.1289480">
    <ele>5.2</ele>
    <time>2026-10-04T15:27:51Z</time>
   </trkpt>
   <trkpt lat="51.5013440" lon="-0.1290580">
    <ele>5.2</ele>
    <time>2026-10-04T15:27:52Z</time>
   </trkpt>
   <trkpt lat="51.5013820" lon="-0.1291820">
    <ele>5.2</ele>
    <time>2026-10-04T15:27:53Z</time>
   </trkpt>
   <trkpt lat="51.5014130" lon="-0.1293150">
    <ele>5.1</ele>
    <time>2026-10-04T15:27:54Z</time>
   </trkpt>
   <trkpt lat="51.5014270" lon="-0.1294230">
    <ele>5.1</ele>
    <time>2026-10-04T15:27:55Z</time>
   </trkpt>
   <trkpt lat="51.5014490" lon="-0.1295090">
    <ele>5.0</ele>
    <time>2026-10-04T15:27:56Z</time>
   </trkpt>
   <trkpt lat="51.5014670" lon="-0.1296060">
    <ele>5.0</ele>
    <time>2026-10-04T15:27:57Z</time>
   </trkpt>
   <trkpt lat="51.5014670" lon="-0.1297270">
    <ele>4.8</ele>
    <time>2026-10-04T15:27:58Z</time>
   </trkpt>
   <trkpt lat="51.5014700" lon="-0.1298320">
    <ele>4.5</ele>
    <time>2026-10-04T15:27:59Z</time>
   </trkpt>
   <trkpt lat="51.5014590" lon="-0.1299490">
    <ele>4.4</ele>
    <time>2026-10-04T15:28:00Z</time>
   </trkpt>
   <trkpt lat="51.5014500" lon="-0.1300750">
    <ele>4.2</ele>
    <time>2026-10-04T15:28:01Z</time>
   </trkpt>
   <trkpt lat="51.5014460" lon="-0.1301840">
    <ele>4.0</ele>
    <time>2026-10-04T15:28:02Z</time>
   </trkpt>
   <trkpt lat="51.5014420" lon="-0.1303060">
    <ele>3.9</ele>
    <time>2026-10-04T15:28:03Z</time>
   </trkpt>
   <trkpt lat="51.5014480" lon="-0.1304460">
    <ele>3.7</ele>
    <time>2026-10-04T15:28:04Z</time>
   </trkpt>
   <trkpt lat="51.5014220" lon="-0.1305800">
    <ele>3.6</ele>
    <time>2026-10-04T15:28:05Z</time>
   </trkpt>
   <trkpt lat="51.5013950" lon="-0.1306940">
    <ele>3.6</ele>
    <time>2026-10-04T15:28:06Z</time>
   </trkpt>
   <trkpt lat="51.5013720" lon="-0.1308050">
    <ele>3.6</ele>
    <time>2026-10-04T15:28:07Z</time>
   </trkpt>
   <trkpt lat="51.5013590" lon="-0.1309120">
    <ele>3.6</ele>
    <time>2026-10-04T15:28:08Z</time>
   </trkpt>
   <trkpt lat="51.5013560" lon="-0.1310260">
    <ele>3.6</ele>
    <time>2026-10-04T15:28:09Z</time>
   </trkpt>
   <trkpt lat="51.5013390" lon="-0.1311420">
    <ele>3.6</ele>
    <time>2026-10-04T15:28:10Z</time>
   </trkpt>
   <trkpt lat="51.5013170" lon="-0.1312400">
    <ele>3.6</ele>
    <time>2026-10-04T15:28:11Z</time>
   </trkpt>
   <trkpt lat="51.5012940" lon="-0.1313460">
    <ele>3.6</ele>
    <time>2026-10-04T15:28:12Z</time>
   </trkpt>
   <trkpt lat="51.5012860" lon="-0.1314490">
    <ele>3.6</ele>
    <time>2026-10-04T15:28:13Z</time>
   </trkpt>
   <trkpt lat="51.5012860" lon="-0.1315570">
    <ele>3.6</ele>
    <time>2026-10-04T15:28:14Z</time>
   </trkpt>
   <trkpt lat="51.5012700" lon="-0.1316500">
    <ele>3.6</ele>
    <time>2026-10-04T15:28:15Z</time>
   </trkpt>
   <trkpt lat="51.5012570" lon="-0.1317350">
    <ele>3.6</ele>
    <time>2026-10-04T15:28:16Z</time>
   </trkpt>
   <trkpt lat="51.5012430" lon="-0.1318200">
    <ele>3.6</ele>
    <time>2026-10-04T15:28:17Z</time>
   </trkpt>
   <trkpt lat="51.5012190" lon="-0.1319090">
    <ele>3.6</ele>
    <time>2026-10-04T15:28:18Z</time>
   </trkpt>
   <trkpt lat="51.5012070" lon="-0.1320180">
    <ele>3.6</ele>
    <time>2026-10-04T15:28:19Z</time>
   </trkpt>
   <trkpt lat="51.5011940" lon="-0.1321040">
    <ele>3.6</ele>
    <time>2026-10-04T15:28:20Z</time>
   </trkpt>
   <trkpt lat="51.5011770" lon="-0.1321910">
    <ele>3.6</ele>
    <time>2026-10-04T15:28:21Z</time>
   </trkpt>
   <trkpt lat="51.5011570" lon="-0.1322930">
    <ele>3.6</ele>
    <time>2026-10-04T15:28:22Z</time>
   </trkpt>
   <trkpt lat="51.5011530" lon="-0.1323910">
    <ele>3.6</ele>
    <time>2026-10-04T15:28:23Z</time>
   </trkpt>
   <trkpt lat="51.5011490" lon="-0.1324870">
    <ele>3.6</ele>
    <time>2026-10-04T15:28:24Z</time>
   </trkpt>
   <trkpt lat="51.5011420" lon="-0.1325820">
    <ele>3.6</ele>
    <time>2026-10-04T15:28:25Z</time>
   </trkpt>
   <trkpt lat="51.5011220" lon="-0.1326700">
    <ele>3.6</ele>
    <time>2026-10-04T15:28:26Z</time>
   </trkpt>
   <trkpt lat="51.5011030" lon="-0.1327590">
    <ele>3.6</ele>
    <time>2026-10-04T15:28:27Z</time>
   </trkpt>
   <trkpt lat="51.5010940" lon="-0.1328580">
    <ele>3.7</ele>
    <time>2026-10-04T15:28:28Z</time>
   </trkpt>
   <trkpt lat="51.5010840" lon="-0.1329570">
    <ele>3.7</ele>
    <time>2026-10-04T15:28:29Z</time>
   </trkpt>
   <trkpt lat="51.5010810" lon="-0.1330410">
    <ele>3.7</ele>
    <time>2026-10-04T15:28:30Z</time>
   </trkpt>
   <trkpt lat="51.5010700" lon="-0.1331430">
    <ele>3.7</ele>
    <time>2026-10-04T15:28:31Z</time>
   </trkpt>
   <trkpt lat="51.5010750" lon="-0.1332530">
    <ele>3.7</ele>
    <time>2026-10-04T15:28:32Z</time>
   </trkpt>
   <trkpt lat="51.5010670" lon="-0.1333450">
    <ele>3.8</ele>
    <time>2026-10-04T15:28:33Z</time>
   </trkpt>
   <trkpt lat="51.5010440" lon="-0.1334390">
    <ele>3.8</ele>
    <time>2026-10-04T15:28:34Z</time>
   </trkpt>
   <trkpt lat="51.5010230" lon="-0.1335340">
    <ele>3.8</ele>
    <time>2026-10-04T15:28:35Z</time>
   </trkpt>
   <trkpt lat="51.5010050" lon="-0.1336280">
    <ele>3.8</ele>
    <time>2026-10-04T15:28:36Z</time>
   </trkpt>
   <trkpt lat="51.5009870" lon="-0.1337040">
    <ele>3.9</ele>
    <time>2026-10-04T15:28:37Z</time>
   </trkpt>
   <trkpt lat="51.5009680" lon="-0.1337800">
    <ele>3.9</ele>
    <time>2026-10-04T15:28:38Z</time>
   </trkpt>
   <trkpt lat="51.5009510" lon="-0.1338770">
    <ele>3.9</ele>
    <time>2026-10-04T15:28:39Z</time>
   </trkpt>
   <trkpt lat="51.5009390" lon="-0.1339650">
    <ele>3.9</ele>
    <time>2026-10-04T15:28:40Z</time>
   </trkpt>
   <trkpt lat="51.5009390" lon="-0.1340500">
    <ele>3.9</ele>
    <time>2026-10-04T15:28:41Z</time>
   </trkpt>
   <trkpt lat="51.5009340" lon="-0.1341380">
    <ele>4.0</ele>
    <time>2026-10-04T15:28:42Z</time>
   </trkpt>
   <trkpt lat="51.5009300" lon="-0.1342480">
    <ele>4.0</ele>
    <time>2026-10-04T15:28:43Z</time>
   </trkpt>
   <trkpt lat="51.5009220" lon="-0.1343100">
    <ele>4.0</ele>
    <time>2026-10-04T15:28:44Z</time>
   </trkpt>
   <trkpt lat="51.5009140" lon="-0.1343720">
    <ele>4.0</ele>
    <time>2026-10-04T15:28:45Z</time>
   </trkpt>
   <trkpt lat="51.5008960" lon="-0.1345080">
    <ele>4.0</ele>
    <time>2026-10-04T15:28:46Z</time>
   </trkpt>
   <trkpt lat="51.5008760" lon="-0.1346090">
    <ele>4.0</ele>
    <time>2026-10-04T15:28:47Z</time>
   </trkpt>
   <trkpt lat="51.5008660" lon="-0.1347140">
    <ele>4.0</ele>
    <time>2026-10-04T15:28:48Z</time>
   </trkpt>
   <trkpt lat="51.5008340" lon="-0.1348180">
    <ele>4.0</ele>
    <time>2026-10-04T15:28:49Z</time>
   </trkpt>
   <trkpt lat="51.5008190" lon="-0.1349460">
    <ele>4.1</ele>
    <time>2026-10-04T15:28:50Z</time>
   </trkpt>
   <trkpt lat="51.5008280" lon="-0.1350690">
    <ele>4.1</ele>
    <time>2026-10-04T15:28:51Z</time>
   </trkpt>
   <trkpt lat="51.5008130" lon="-0.1351430">
    <ele>4.1</ele>
    <time>2026-10-04T15:28:52Z</time>
   </trkpt>
   <trkpt lat="51.5008020" lon="-0.1352510">
    <ele>4.2</ele>
    <time>2026-10-04T15:28:53Z</time>
   </trkpt>
   <trkpt lat="51.5007960" lon="-0.1353300">
    <ele>4.2</ele>
    <time>2026-10-04T15:28:55Z</time>
   </trkpt>
   <trkpt lat="51.5007950" lon="-0.1354240">
    <ele>4.3</ele>
    <time>2026-10-04T15:28:56Z</time>
   </trkpt>
   <trkpt lat="51.5007980" lon="-0.1355270">
    <ele>4.3</ele>
    <time>2026-10-04T15:28:57Z</time>
   </trkpt>
   <trkpt lat="51.5007980" lon="-0.1356220">
    <ele>4.3</ele>
    <time>2026-10-04T15:28:58Z</time>
   </trkpt>
   <trkpt lat="51.5007880" lon="-0.1357040">
    <ele>4.3</ele>
    <time>2026-10-04T15:28:59Z</time>
   </trkpt>
   <trkpt lat="51.5007420" lon="-0.1357950">
    <ele>4.4</ele>
    <time>2026-10-04T15:29:00Z</time>
   </trkpt>
   <trkpt lat="51.5007250" lon="-0.1359690">
    <ele>4.4</ele>
    <time>2026-10-04T15:29:01Z</time>
   </trkpt>
   <trkpt lat="51.5007190" lon="-0.1360270">
    <ele>4.4</ele>
    <time>2026-10-04T15:29:02Z</time>
   </trkpt>
   <trkpt lat="51.5007140" lon="-0.1361120">
    <ele>4.5</ele>
    <time>2026-10-04T15:29:03Z</time>
   </trkpt>
   <trkpt lat="51.5007050" lon="-0.1362340">
    <ele>4.5</ele>
    <time>2026-10-04T15:29:04Z</time>
   </trkpt>
   <trkpt lat="51.5006870" lon="-0.1363330">
    <ele>4.5</ele>
    <time>2026-10-04T15:29:05Z</time>
   </trkpt>
   <trkpt lat="51.5006780" lon="-0.1364670">
    <ele>4.5</ele>
    <time>2026-10-04T15:29:06Z</time>
   </trkpt>
   <trkpt lat="51.5006770" lon="-0.1365950">
    <ele>4.6</ele>
    <time>2026-10-04T15:29:07Z</time>
   </trkpt>
   <trkpt lat="51.5006720" lon="-0.1366780">
    <ele>4.6</ele>
    <time>2026-10-04T15:29:08Z</time>
   </trkpt>
   <trkpt lat="51.5006630" lon="-0.1367570">
    <ele>4.6</ele>
    <time>2026-10-04T15:29:09Z</time>
   </trkpt>
   <trkpt lat="51.5006510" lon="-0.1368660">
    <ele>4.6</ele>
    <time>2026-10-04T15:29:10Z</time>
   </trkpt>
   <trkpt lat="51.5006470" lon="-0.1369780">
    <ele>4.6</ele>
    <time>2026-10-04T15:29:11Z</time>
   </trkpt>
   <trkpt lat="51.5006600" lon="-0.1370790">
    <ele>4.7</ele>
    <time>2026-10-04T15:29:12Z</time>
   </trkpt>
   <trkpt lat="51.5006560" lon="-0.1372500">
    <ele>4.7</ele>
    <time>2026-10-04T15:29:13Z</time>
   </trkpt>
   <trkpt lat="51.5006580" lon="-0.1373370">
    <ele>4.7</ele>
    <time>2026-10-04T15:29:14Z</time>
   </trkpt>
   <trkpt lat="51.5006460" lon="-0.1374110">
    <ele>4.7</ele>
    <time>2026-10-04T15:29:15Z</time>
   </trkpt>
   <trkpt lat="51.5006330" lon="-0.1374920">
    <ele>4.8</ele>
    <time>2026-10-04T15:29:16Z</time>
   </trkpt>
   <trkpt lat="51.5006140" lon="-0.1375960">
    <ele>4.8</ele>
    <time>2026-10-04T15:29:17Z</time>
   </trkpt>
   <trkpt lat="51.5005940" lon="-0.1377000">
    <ele>4.8</ele>
    <time>2026-10-04T15:29:18Z</time>
   </trkpt>
   <trkpt lat="51.5005810" lon="-0.1378110">
    <ele>4.8</ele>
    <time>2026-10-04T15:29:19Z</time>
   </trkpt>
   <trkpt lat="51.5005700" lon="-0.1379060">
    <ele>4.9</ele>
    <time>2026-10-04T15:29:20Z</time>
   </trkpt>
   <trkpt lat="51.5005600" lon="-0.1380000">
    <ele>4.9</ele>
    <time>2026-10-04T15:29:21Z</time>
   </trkpt>
   <trkpt lat="51.5005480" lon="-0.1380970">
    <ele>4.9</ele>
    <time>2026-10-04T15:29:22Z</time>
   </trkpt>
   <trkpt lat="51.5005430" lon="-0.1381870">
    <ele>4.9</ele>
    <time>2026-10-04T15:29:23Z</time>
   </trkpt>
   <trkpt lat="51.5005350" lon="-0.1382820">
    <ele>5.0</ele>
    <time>2026-10-04T15:29:24Z</time>
   </trkpt>
   <trkpt lat="51.5005290" lon="-0.1383660">
    <ele>5.0</ele>
    <time>2026-10-04T15:29:25Z</time>
   </trkpt>
   <trkpt lat="51.5005210" lon="-0.1384570">
    <ele>5.0</ele>
    <time>2026-10-04T15:29:26Z</time>
   </trkpt>
   <trkpt lat="51.5005180" lon="-0.1385400">
    <ele>5.0</ele>
    <time>2026-10-04T15:29:27Z</time>
   </trkpt>
   <trkpt lat="51.5005130" lon="-0.1386330">
    <ele>5.1</ele>
    <time>2026-10-04T15:29:28Z</time>
   </trkpt>
   <trkpt lat="51.5005090" lon="-0.1387110">
    <ele>5.1</ele>
    <time>2026-10-04T15:29:29Z</time>
   </trkpt>
   <trkpt lat="51.5004980" lon="-0.1387910">
    <ele>5.1</ele>
    <time>2026-10-04T15:29:30Z</time>
   </trkpt>
   <trkpt lat="51.5004920" lon="-0.1388760">
    <ele>5.2</ele>
    <time>2026-10-04T15:29:31Z</time>
   </trkpt>
   <trkpt lat="51.5004850" lon="-0.1389630">
    <ele>5.2</ele>
    <time>2026-10-04T15:29:32Z</time>
   </trkpt>
   <trkpt lat="51.5004840" lon="-0.1390540">
    <ele>5.3</ele>
    <time>2026-10-04T15:29:33Z</time>
   </trkpt>
   <trkpt lat="51.5004890" lon="-0.1391300">
    <ele>5.3</ele>
    <time>2026-10-04T15:29:34Z</time>
   </trkpt>
   <trkpt lat="51.5005190" lon="-0.1392090">
    <ele>5.4</ele>
    <time>2026-10-04T15:29:35Z</time>
   </trkpt>
   <trkpt lat="51.5005540" lon="-0.1392530">
    <ele>5.4</ele>
    <time>2026-10-04T15:29:36Z</time>
   </trkpt>
   <trkpt lat="51.5006080" lon="-0.1393130">
    <ele>5.4</ele>
    <time>2026-10-04T15:29:37Z</time>
   </trkpt>
   <trkpt lat="51.5006680" lon="-0.1393500">
    <ele>5.4</ele>
    <time>2026-10-04T15:29:38Z</time>
   </trkpt>
   <trkpt lat="51.5007290" lon="-0.1393840">
    <ele>5.4</ele>
    <time>2026-10-04T15:29:39Z</time>
   </trkpt>
   <trkpt lat="51.5007930" lon="-0.1394180">
    <ele>5.4</ele>
    <time>2026-10-04T15:29:40Z</time>
   </trkpt>
   <trkpt lat="51.5008500" lon="-0.1394650">
    <ele>5.4</ele>
    <time>2026-10-04T15:29:41Z</time>
   </trkpt>
   <trkpt lat="51.5009080" lon="-0.1395130">
    <ele>5.4</ele>
    <time>2026-10-04T15:29:42Z</time>
   </trkpt>
   <trkpt lat="51.5009660" lon="-0.1395680">
    <ele>5.4</ele>
    <time>2026-10-04T15:29:43Z</time>
   </trkpt>
   <trkpt lat="51.5010250" lon="-0.1396170">
    <ele>5.4</ele>
    <time>2026-10-04T15:29:44Z</time>
   </trkpt>
   <trkpt lat="51.5010700" lon="-0.1396800">
    <ele>5.4</ele>
    <time>2026-10-04T15:29:45Z</time>
   </trkpt>
   <trkpt lat="51.5011240" lon="-0.1397420">
    <ele>5.5</ele>
    <time>2026-10-04T15:29:46Z</time>
   </trkpt>
   <trkpt lat="51.5011700" lon="-0.1397960">
    <ele>5.5</ele>
    <time>2026-10-04T15:29:47Z</time>
   </trkpt>
   <trkpt lat="51.5012220" lon="-0.1398490">
    <ele>5.5</ele>
    <time>2026-10-04T15:29:48Z</time>
   </trkpt>
   <trkpt lat="51.5012770" lon="-0.1398900">
    <ele>5.5</ele>
    <time>2026-10-04T15:29:49Z</time>
   </trkpt>
   <trkpt lat="51.5013340" lon="-0.1399300">
    <ele>5.5</ele>
    <time>2026-10-04T15:29:50Z</time>
   </trkpt>
   <trkpt lat="51.5013890" lon="-0.1399730">
    <ele>5.6</ele>
    <time>2026-10-04T15:29:51Z</time>
   </trkpt>
   <trkpt lat="51.5014420" lon="-0.1400230">
    <ele>5.6</ele>
    <time>2026-10-04T15:29:52Z</time>
   </trkpt>
   <trkpt lat="51.5014910" lon="-0.1400640">
    <ele>5.6</ele>
    <time>2026-10-04T15:29:53Z</time>
   </trkpt>
   <trkpt lat="51.5015390" lon="-0.1400770">
    <ele>5.7</ele>
    <time>2026-10-04T15:29:54Z</time>
   </trkpt>
   <trkpt lat="51.5015950" lon="-0.1400580">
    <ele>5.7</ele>
    <time>2026-10-04T15:29:55Z</time>
   </trkpt>
   <trkpt lat="51.5016450" lon="-0.1400090">
    <ele>5.8</ele>
    <time>2026-10-04T15:29:56Z</time>
   </trkpt>
   <trkpt lat="51.5016810" lon="-0.1399460">
    <ele>5.9</ele>
    <time>2026-10-04T15:29:57Z</time>
   </trkpt>
   <trkpt lat="51.5016920" lon="-0.1399190">
    <ele>5.9</ele>
    <time>2026-10-04T15:29:58Z</time>
   </trkpt>
   <trkpt lat="51.5017610" lon="-0.1399010">
    <ele>6.0</ele>
    <time>2026-10-04T15:29:59Z</time>
   </trkpt>
   <trkpt lat="51.5018330" lon="-0.1398560">
    <ele>6.0</ele>
    <time>2026-10-04T15:30:00Z</time>
   </trkpt>
   <trkpt lat="51.5018850" lon="-0.1398580">
    <ele>6.1</ele>
    <time>2026-10-04T15:30:01Z</time>
   </trkpt>
   <trkpt lat="51.5019360" lon="-0.1398600">
    <ele>6.1</ele>
    <time>2026-10-04T15:30:02Z</time>
   </trkpt>
   <trkpt lat="51.5019850" lon="-0.1398810">
    <ele>6.1</ele>
    <time>2026-10-04T15:30:03Z</time>
   </trkpt>
   <trkpt lat="51.5020330" lon="-0.1399020">
    <ele>6.1</ele>
    <time>2026-10-04T15:30:04Z</time>
   </trkpt>
   <trkpt lat="51.5020980" lon="-0.1399620">
    <ele>6.2</ele>
    <time>2026-10-04T15:30:05Z</time>
   </trkpt>
   <trkpt lat="51.5021280" lon="-0.1400360">
    <ele>6.1</ele>
    <time>2026-10-04T15:30:06Z</time>
   </trkpt>
   <trkpt lat="51.5021510" lon="-0.1401090">
    <ele>6.1</ele>
    <time>2026-10-04T15:30:07Z</time>
   </trkpt>
   <trkpt lat="51.5021800" lon="-0.1401880">
    <ele>6.1</ele>
    <time>2026-10-04T15:30:08Z</time>
   </trkpt>
   <trkpt lat="51.5022100" lon="-0.1402660">
    <ele>6.1</ele>
    <time>2026-10-04T15:30:09Z</time>
   </trkpt>
   <trkpt lat="51.5022390" lon="-0.1403450">
    <ele>6.1</ele>
    <time>2026-10-04T15:30:10Z</time>
   </trkpt>
   <trkpt lat="51.5022640" lon="-0.1404160">
    <ele>6.1</ele>
    <time>2026-10-04T15:30:11Z</time>
   </trkpt>
   <trkpt lat="51.5022840" lon="-0.1405200">
    <ele>6.1</ele>
    <time>2026-10-04T15:30:12Z</time>
   </trkpt>
   <trkpt lat="51.5022970" lon="-0.1406170">
    <ele>6.1</ele>
    <time>2026-10-04T15:30:13Z</time>
   </trkpt>
   <trkpt lat="51.5023000" lon="-0.1407250">
    <ele>6.1</ele>
    <time>2026-10-04T15:30:14Z</time>
   </trkpt>
   <trkpt lat="51.5022980" lon="-0.1408280">
    <ele>6.1</ele>
    <time>2026-10-04T15:30:15Z</time>
   </trkpt>
   <trkpt lat="51.5022920" lon="-0.1409280">
    <ele>6.1</ele>
    <time>2026-10-04T15:30:16Z</time>
   </trkpt>
   <trkpt lat="51.5022840" lon="-0.1410220">
    <ele>6.1</ele>
    <time>2026-10-04T15:30:17Z</time>
   </trkpt>
   <trkpt lat="51.5022690" lon="-0.1411170">
    <ele>6.1</ele>
    <time>2026-10-04T15:30:18Z</time>
   </trkpt>
   <trkpt lat="51.5022570" lon="-0.1412070">
    <ele>6.1</ele>
    <time>2026-10-04T15:30:19Z</time>
   </trkpt>
   <trkpt lat="51.5022500" lon="-0.1413010">
    <ele>6.1</ele>
    <time>2026-10-04T15:30:20Z</time>
   </trkpt>
   <trkpt lat="51.5022440" lon="-0.1413980">
    <ele>6.1</ele>
    <time>2026-10-04T15:30:21Z</time>
   </trkpt>
   <trkpt lat="51.5022410" lon="-0.1415010">
    <ele>6.1</ele>
    <time>2026-10-04T15:30:22Z</time>
   </trkpt>
   <trkpt lat="51.5022430" lon="-0.1415990">
    <ele>6.1</ele>
    <time>2026-10-04T15:30:23Z</time>
   </trkpt>
   <trkpt lat="51.5022550" lon="-0.1416770">
    <ele>6.1</ele>
    <time>2026-10-04T15:30:24Z</time>
   </trkpt>
   <trkpt lat="51.5022670" lon="-0.1417580">
    <ele>6.1</ele>
    <time>2026-10-04T15:30:25Z</time>
   </trkpt>
   <trkpt lat="51.5022780" lon="-0.1418500">
    <ele>6.1</ele>
    <time>2026-10-04T15:30:26Z</time>
   </trkpt>
   <trkpt lat="51.5022890" lon="-0.1419530">
    <ele>6.1</ele>
    <time>2026-10-04T15:30:27Z</time>
   </trkpt>
   <trkpt lat="51.5023000" lon="-0.1420610">
    <ele>6.1</ele>
    <time>2026-10-04T15:30:28Z</time>
   </trkpt>
   <trkpt lat="51.5023180" lon="-0.1421590">
    <ele>6.2</ele>
    <time>2026-10-04T15:30:29Z</time>
   </trkpt>
   <trkpt lat="51.5023490" lon="-0.1422460">
    <ele>6.3</ele>
    <time>2026-10-04T15:30:30Z</time>
   </trkpt>
   <trkpt lat="51.5023800" lon="-0.1423390">
    <ele>6.4</ele>
    <time>2026-10-04T15:30:31Z</time>
   </trkpt>
   <trkpt lat="51.5023910" lon="-0.1424310">
    <ele>6.4</ele>
    <time>2026-10-04T15:30:32Z</time>
   </trkpt>
   <trkpt lat="51.5023780" lon="-0.1425370">
    <ele>6.5</ele>
    <time>2026-10-04T15:30:33Z</time>
   </trkpt>
   <trkpt lat="51.5024010" lon="-0.1426140">
    <ele>6.5</ele>
    <time>2026-10-04T15:30:34Z</time>
   </trkpt>
   <trkpt lat="51.5024110" lon="-0.1427090">
    <ele>6.6</ele>
    <time>2026-10-04T15:30:35Z</time>
   </trkpt>
   <trkpt lat="51.5024170" lon="-0.1427990">
    <ele>6.6</ele>
    <time>2026-10-04T15:30:36Z</time>
   </trkpt>
   <trkpt lat="51.5024020" lon="-0.1429130">
    <ele>6.7</ele>
    <time>2026-10-04T15:30:37Z</time>
   </trkpt>
   <trkpt lat="51.5023920" lon="-0.1430060">
    <ele>6.7</ele>
    <time>2026-10-04T15:30:38Z</time>
   </trkpt>
   <trkpt lat="51.5023860" lon="-0.1430880">
    <ele>6.7</ele>
    <time>2026-10-04T15:30:39Z</time>
   </trkpt>
   <trkpt lat="51.5023740" lon="-0.1431750">
    <ele>6.8</ele>
    <time>2026-10-04T15:30:40Z</time>
   </trkpt>
   <trkpt lat="51.5023800" lon="-0.1432640">
    <ele>6.8</ele>
    <time>2026-10-04T15:30:41Z</time>
   </trkpt>
   <trkpt lat="51.5023830" lon="-0.1433670">
    <ele>6.9</ele>
    <time>2026-10-04T15:30:42Z</time>
   </trkpt>
   <trkpt lat="51.5023850" lon="-0.1434510">
    <ele>6.9</ele>
    <time>2026-10-04T15:30:43Z</time>
   </trkpt>
   <trkpt lat="51.5023900" lon="-0.1435390">
    <ele>7.0</ele>
    <time>2026-10-04T15:30:44Z</time>
   </trkpt>
   <trkpt lat="51.5023930" lon="-0.1436340">
    <ele>7.0</ele>
    <time>2026-10-04T15:30:45Z</time>
   </trkpt>
   <trkpt lat="51.5023960" lon="-0.1437320">
    <ele>7.0</ele>
    <time>2026-10-04T15:30:46Z</time>
   </trkpt>
   <trkpt lat="51.5024010" lon="-0.1438230">
    <ele>7.1</ele>
    <time>2026-10-04T15:30:47Z</time>
   </trkpt>
   <trkpt lat="51.5024070" lon="-0.1439090">
    <ele>7.2</ele>
    <time>2026-10-04T15:30:48Z</time>
   </trkpt>
   <trkpt lat="51.5024180" lon="-0.1440010">
    <ele>7.3</ele>
    <time>2026-10-04T15:30:49Z</time>
   </trkpt>
   <trkpt lat="51.5024240" lon="-0.1440980">
    <ele>7.4</ele>
    <time>2026-10-04T15:30:50Z</time>
   </trkpt>
   <trkpt lat="51.5024340" lon="-0.1441830">
    <ele>7.5</ele>
    <time>2026-10-04T15:30:51Z</time>
   </trkpt>
   <trkpt lat="51.5024460" lon="-0.1442620">
    <ele>7.5</ele>
    <time>2026-10-04T15:30:52Z</time>
   </trkpt>
   <trkpt lat="51.5024550" lon="-0.1443500">
    <ele>7.6</ele>
    <time>2026-10-04T15:30:53Z</time>
   </trkpt>
   <trkpt lat="51.5024670" lon="-0.1444480">
    <ele>7.8</ele>
    <time>2026-10-04T15:30:54Z</time>
   </trkpt>
   <trkpt lat="51.5024800" lon="-0.1445380">
    <ele>7.9</ele>
    <time>2026-10-04T15:30:55Z</time>
   </trkpt>
   <trkpt lat="51.5024840" lon="-0.1446190">
    <ele>8.0</ele>
    <time>2026-10-04T15:30:56Z</time>
   </trkpt>
   <trkpt lat="51.5024860" lon="-0.1446760">
    <ele>8.1</ele>
    <time>2026-10-04T15:30:57Z</time>
   </trkpt>
   <trkpt lat="51.5024880" lon="-0.1447330">
    <ele>8.1</ele>
    <time>2026-10-04T15:30:58Z</time>
   </trkpt>
   <trkpt lat="51.5024870" lon="-0.1448290">
    <ele>8.3</ele>
    <time>2026-10-04T15:31:00Z</time>
   </trkpt>
   <trkpt lat="51.5024860" lon="-0.1448770">
    <ele>8.3</ele>
    <time>2026-10-04T15:31:01Z</time>
   </trkpt>
   <trkpt lat="51.5025050" lon="-0.1449550">
    <ele>8.4</ele>
    <time>2026-10-04T15:31:02Z</time>
   </trkpt>
   <trkpt lat="51.5025240" lon="-0.1450640">
    <ele>8.6</ele>
    <time>2026-10-04T15:31:03Z</time>
   </trkpt>
   <trkpt lat="51.5025280" lon="-0.1451390">
    <ele>8.7</ele>
    <time>2026-10-04T15:31:04Z</time>
   </trkpt>
   <trkpt lat="51.5025320" lon="-0.1452150">
    <ele>8.8</ele>
    <time>2026-10-04T15:31:05Z</time>
   </trkpt>
   <trkpt lat="51.5025400" lon="-0.1452410">
    <ele>8.8</ele>
    <time>2026-10-04T15:31:06Z</time>
   </trkpt>
   <trkpt lat="51.5025640" lon="-0.1455530">
    <ele>9.2</ele>
    <time>2026-10-04T15:31:07Z</time>
   </trkpt>
   <trkpt lat="51.5025640" lon="-0.1455530">
    <ele>9.2</ele>
    <time>2026-10-04T15:31:08Z</time>
   </trkpt>
   <trkpt lat="51.5025670" lon="-0.1456400">
    <ele>9.3</ele>
    <time>2026-10-04T15:31:09Z</time>
   </trkpt>
   <trkpt lat="51.5025730" lon="-0.1457230">
    <ele>9.4</ele>
    <time>2026-10-04T15:31:10Z</time>
   </trkpt>
   <trkpt lat="51.5025830" lon="-0.1458170">
    <ele>9.5</ele>
    <time>2026-10-04T15:31:11Z</time>
   </trkpt>
   <trkpt lat="51.5025860" lon="-0.1458950">
    <ele>9.6</ele>
    <time>2026-10-04T15:31:12Z</time>
   </trkpt>
   <trkpt lat="51.5025930" lon="-0.1459730">
    <ele>9.7</ele>
    <time>2026-10-04T15:31:13Z</time>
   </trkpt>
   <trkpt lat="51.5025950" lon="-0.1460650">
    <ele>9.9</ele>
    <time>2026-10-04T15:31:14Z</time>
   </trkpt>
   <trkpt lat="51.5025990" lon="-0.1461530">
    <ele>10.0</ele>
    <time>2026-10-04T15:31:15Z</time>
   </trkpt>
   <trkpt lat="51.5025980" lon="-0.1462230">
    <ele>10.1</ele>
    <time>2026-10-04T15:31:16Z</time>
   </trkpt>
   <trkpt lat="51.5026030" lon="-0.1463030">
    <ele>10.2</ele>
    <time>2026-10-04T15:31:17Z</time>
   </trkpt>
   <trkpt lat="51.5026030" lon="-0.1464770">
    <ele>10.5</ele>
    <time>2026-10-04T15:31:18Z</time>
   </trkpt>
   <trkpt lat="51.5025950" lon="-0.1465470">
    <ele>10.6</ele>
    <time>2026-10-04T15:31:19Z</time>
   </trkpt>
   <trkpt lat="51.5025830" lon="-0.1466320">
    <ele>10.7</ele>
    <time>2026-10-04T15:31:20Z</time>
   </trkpt>
   <trkpt lat="51.5025740" lon="-0.1467050">
    <ele>10.9</ele>
    <time>2026-10-04T15:31:21Z</time>
   </trkpt>
   <trkpt lat="51.5025700" lon="-0.1467980">
    <ele>11.0</ele>
    <time>2026-10-04T15:31:22Z</time>
   </trkpt>
   <trkpt lat="51.5025720" lon="-0.1468860">
    <ele>11.1</ele>
    <time>2026-10-04T15:31:23Z</time>
   </trkpt>
   <trkpt lat="51.5025770" lon="-0.1469730">
    <ele>11.3</ele>
    <time>2026-10-04T15:31:24Z</time>
   </trkpt>
   <trkpt lat="51.5026040" lon="-0.1470290">
    <ele>11.4</ele>
    <time>2026-10-04T15:31:25Z</time>
   </trkpt>
   <trkpt lat="51.5025920" lon="-0.1471250">
    <ele>11.6</ele>
    <time>2026-10-04T15:31:26Z</time>
   </trkpt>
   <trkpt lat="51.5025910" lon="-0.1472050">
    <ele>11.7</ele>
    <time>2026-10-04T15:31:27Z</time>
   </trkpt>
   <trkpt lat="51.5025880" lon="-0.1472840">
    <ele>11.8</ele>
    <time>2026-10-04T15:31:28Z</time>
   </trkpt>
   <trkpt lat="51.5025870" lon="-0.1473560">
    <ele>11.9</ele>
    <time>2026-10-04T15:31:29Z</time>
   </trkpt>
   <trkpt lat="51.5025920" lon="-0.1474300">
    <ele>12.0</ele>
    <time>2026-10-04T15:31:30Z</time>
   </trkpt>
   <trkpt lat="51.5026010" lon="-0.1475060">
    <ele>12.2</ele>
    <time>2026-10-04T15:31:31Z</time>
   </trkpt>
   <trkpt lat="51.5026030" lon="-0.1475770">
    <ele>12.3</ele>
    <time>2026-10-04T15:31:32Z</time>
   </trkpt>
   <trkpt lat="51.5026120" lon="-0.1476620">
    <ele>12.5</ele>
    <time>2026-10-04T15:31:33Z</time>
   </trkpt>
   <trkpt lat="51.5026140" lon="-0.1477450">
    <ele>12.6</ele>
    <time>2026-10-04T15:31:34Z</time>
   </trkpt>
   <trkpt lat="51.5026210" lon="-0.1478380">
    <ele>12.7</ele>
    <time>2026-10-04T15:31:35Z</time>
   </trkpt>
   <trkpt lat="51.5026180" lon="-0.1479210">
    <ele>12.8</ele>
    <time>2026-10-04T15:31:36Z</time>
   </trkpt>
   <trkpt lat="51.5026260" lon="-0.1479910">
    <ele>12.9</ele>
    <time>2026-10-04T15:31:37Z</time>
   </trkpt>
   <trkpt lat="51.5026250" lon="-0.1480810">
    <ele>12.9</ele>
    <time>2026-10-04T15:31:38Z</time>
   </trkpt>
   <trkpt lat="51.5026250" lon="-0.1481820">
    <ele>13.0</ele>
    <time>2026-10-04T15:31:39Z</time>
   </trkpt>
   <trkpt lat="51.5026270" lon="-0.1482590">
    <ele>13.1</ele>
    <time>2026-10-04T15:31:40Z</time>
   </trkpt>
   <trkpt lat="51.5026260" lon="-0.1483400">
    <ele>13.2</ele>
    <time>2026-10-04T15:31:41Z</time>
   </trkpt>
   <trkpt lat="51.5026280" lon="-0.1484210">
    <ele>13.2</ele>
    <time>2026-10-04T15:31:42Z</time>
   </trkpt>
   <trkpt lat="51.5026310" lon="-0.1484950">
    <ele>13.3</ele>
    <time>2026-10-04T15:31:43Z</time>
   </trkpt>
   <trkpt lat="51.5026350" lon="-0.1485740">
    <ele>13.3</ele>
    <time>2026-10-04T15:31:44Z</time>
   </trkpt>
   <trkpt lat="51.5026290" lon="-0.1486380">
    <ele>13.4</ele>
    <time>2026-10-04T15:31:45Z</time>
   </trkpt>
   <trkpt lat="51.5026240" lon="-0.1487000">
    <ele>13.4</ele>
    <time>2026-10-04T15:31:46Z</time>
   </trkpt>
   <trkpt lat="51.5026190" lon="-0.1487320">
    <ele>13.4</ele>
    <time>2026-10-04T15:31:47Z</time>
   </trkpt>
   <trkpt lat="51.5026130" lon="-0.1487870">
    <ele>13.4</ele>
    <time>2026-10-04T15:31:48Z</time>
   </trkpt>
   <trkpt lat="51.5026150" lon="-0.1488330">
    <ele>13.5</ele>
    <time>2026-10-04T15:31:49Z</time>
   </trkpt>
   <trkpt lat="51.5026160" lon="-0.1490040">
    <ele>13.6</ele>
    <time>2026-10-04T15:31:50Z</time>
   </trkpt>
   <trkpt lat="51.5026060" lon="-0.1490770">
    <ele>13.7</ele>
    <time>2026-10-04T15:31:51Z</time>
   </trkpt>
   <trkpt lat="51.5026050" lon="-0.1491460">
    <ele>13.8</ele>
    <time>2026-10-04T15:31:52Z</time>
   </trkpt>
   <trkpt lat="51.5026030" lon="-0.1492180">
    <ele>13.8</ele>
    <time>2026-10-04T15:31:53Z</time>
   </trkpt>
   <trkpt lat="51.5026110" lon="-0.1492880">
    <ele>13.9</ele>
    <time>2026-10-04T15:31:54Z</time>
   </trkpt>
   <trkpt lat="51.5026270" lon="-0.1493540">
    <ele>14.0</ele>
    <time>2026-10-04T15:31:55Z</time>
   </trkpt>
   <trkpt lat="51.5026260" lon="-0.1494340">
    <ele>14.2</ele>
    <time>2026-10-04T15:31:56Z</time>
   </trkpt>
   <trkpt lat="51.5026250" lon="-0.1494980">
    <ele>14.3</ele>
    <time>2026-10-04T15:31:57Z</time>
   </trkpt>
   <trkpt lat="51.5026280" lon="-0.1495480">
    <ele>14.5</ele>
    <time>2026-10-04T15:31:58Z</time>
   </trkpt>
   <trkpt lat="51.5026430" lon="-0.1496000">
    <ele>14.5</ele>
    <time>2026-10-04T15:31:59Z</time>
   </trkpt>
   <trkpt lat="51.5026470" lon="-0.1496350">
    <ele>14.5</ele>
    <time>2026-10-04T15:32:00Z</time>
   </trkpt>
   <trkpt lat="51.5026470" lon="-0.1496650">
    <ele>14.5</ele>
    <time>2026-10-04T15:32:01Z</time>
   </trkpt>
   <trkpt lat="51.5026510" lon="-0.1496990">
    <ele>14.6</ele>
    <time>2026-10-04T15:32:02Z</time>
   </trkpt>
   <trkpt lat="51.5026510" lon="-0.1496980">
    <ele>14.6</ele>
    <time>2026-10-04T15:32:03Z</time>
   </trkpt>
   <trkpt lat="51.5026470" lon="-0.1496900">
    <ele>14.6</ele>
    <time>2026-10-04T15:32:04Z</time>
   </trkpt>
   <trkpt lat="51.5026390" lon="-0.1496950">
    <ele>14.6</ele>
    <time>2026-10-04T15:32:05Z</time>
   </trkpt>
   <trkpt lat="51.5026280" lon="-0.1496870">
    <ele>14.6</ele>
    <time>2026-10-04T15:32:06Z</time>
   </trkpt>
   <trkpt lat="51.5026230" lon="-0.1496850">
    <ele>14.6</ele>
    <time>2026-10-04T15:32:07Z</time>
   </trkpt>
   <trkpt lat="51.5026240" lon="-0.1496870">
    <ele>14.6</ele>
    <time>2026-10-04T15:32:08Z</time>
   </trkpt>
   <trkpt lat="51.5026230" lon="-0.1496850">
    <ele>14.6</ele>
    <time>2026-10-04T15:32:09Z</time>
   </trkpt>
   <trkpt lat="51.5026260" lon="-0.1496970">
    <ele>14.6</ele>
    <time>2026-10-04T15:32:10Z</time>
   </trkpt>
   <trkpt lat="51.5026260" lon="-0.1496970">
    <ele>14.6</ele>
    <time>2026-10-04T15:32:11Z</time>
   </trkpt>
   <trkpt lat="51.5026250" lon="-0.1496960">
    <ele>14.6</ele>
    <time>2026-10-04T15:32:12Z</time>
   </trkpt>
   <trkpt lat="51.5026250" lon="-0.1496960">
    <ele>14.6</ele>
    <time>2026-10-04T15:32:13Z</time>
   </trkpt>
   <trkpt lat="51.5026250" lon="-0.1496960">
    <ele>14.6</ele>
    <time>2026-10-04T15:32:14Z</time>
   </trkpt>
   <trkpt lat="51.5026310" lon="-0.1496930">
    <ele>14.6</ele>
    <time>2026-10-04T15:32:15Z</time>
   </trkpt>
   <trkpt lat="51.5026310" lon="-0.1496920">
    <ele>14.6</ele>
    <time>2026-10-04T15:32:16Z</time>
   </trkpt>
   <trkpt lat="51.5026090" lon="-0.1497930">
    <ele>14.7</ele>
    <time>2026-10-04T15:32:30Z</time>
   </trkpt>
   <trkpt lat="51.5026040" lon="-0.1498420">
    <ele>14.7</ele>
    <time>2026-10-04T15:32:31Z</time>
   </trkpt>
   <trkpt lat="51.5025960" lon="-0.1498940">
    <ele>14.7</ele>
    <time>2026-10-04T15:32:32Z</time>
   </trkpt>
   <trkpt lat="51.5025790" lon="-0.1499590">
    <ele>14.6</ele>
    <time>2026-10-04T15:32:33Z</time>
   </trkpt>
   <trkpt lat="51.5025710" lon="-0.1500260">
    <ele>14.6</ele>
    <time>2026-10-04T15:32:34Z</time>
   </trkpt>
   <trkpt lat="51.5025670" lon="-0.1501240">
    <ele>14.5</ele>
    <time>2026-10-04T15:32:35Z</time>
   </trkpt>
   <trkpt lat="51.5025640" lon="-0.1502080">
    <ele>14.4</ele>
    <time>2026-10-04T15:32:36Z</time>
   </trkpt>
   <trkpt lat="51.5025550" lon="-0.1502950">
    <ele>14.3</ele>
    <time>2026-10-04T15:32:37Z</time>
   </trkpt>
   <trkpt lat="51.5025450" lon="-0.1503690">
    <ele>14.3</ele>
    <time>2026-10-04T15:32:38Z</time>
   </trkpt>
   <trkpt lat="51.5025450" lon="-0.1504450">
    <ele>14.3</ele>
    <time>2026-10-04T15:32:39Z</time>
   </trkpt>
   <trkpt lat="51.5025510" lon="-0.1505320">
    <ele>14.3</ele>
    <time>2026-10-04T15:32:40Z</time>
   </trkpt>
   <trkpt lat="51.5025600" lon="-0.1505920">
    <ele>14.3</ele>
    <time>2026-10-04T15:32:41Z</time>
   </trkpt>
   <trkpt lat="51.5025570" lon="-0.1506580">
    <ele>14.3</ele>
    <time>2026-10-04T15:32:42Z</time>
   </trkpt>
   <trkpt lat="51.5025780" lon="-0.1506890">
    <ele>14.4</ele>
    <time>2026-10-04T15:32:43Z</time>
   </trkpt>
   <trkpt lat="51.5025760" lon="-0.1507340">
    <ele>14.4</ele>
    <time>2026-10-04T15:32:44Z</time>
   </trkpt>
   <trkpt lat="51.5025870" lon="-0.1507700">
    <ele>14.4</ele>
    <time>2026-10-04T15:32:45Z</time>
   </trkpt>
   <trkpt lat="51.5025770" lon="-0.1508140">
    <ele>14.4</ele>
    <time>2026-10-04T15:32:46Z</time>
   </trkpt>
   <trkpt lat="51.5025730" lon="-0.1508610">
    <ele>14.4</ele>
    <time>2026-10-04T15:32:47Z</time>
   </trkpt>
   <trkpt lat="51.5025710" lon="-0.1509060">
    <ele>14.5</ele>
    <time>2026-10-04T15:32:48Z</time>
   </trkpt>
   <trkpt lat="51.5025920" lon="-0.1509690">
    <ele>14.5</ele>
    <time>2026-10-04T15:32:49Z</time>
   </trkpt>
   <trkpt lat="51.5026020" lon="-0.1510080">
    <ele>14.5</ele>
    <time>2026-10-04T15:32:50Z</time>
   </trkpt>
   <trkpt lat="51.5026190" lon="-0.1510590">
    <ele>14.5</ele>
    <time>2026-10-04T15:32:51Z</time>
   </trkpt>
   <trkpt lat="51.5026180" lon="-0.1511330">
    <ele>14.6</ele>
    <time>2026-10-04T15:32:52Z</time>
   </trkpt>
   <trkpt lat="51.5026230" lon="-0.1511970">
    <ele>14.6</ele>
    <time>2026-10-04T15:32:53Z</time>
   </trkpt>
   <trkpt lat="51.5026190" lon="-0.1512590">
    <ele>14.6</ele>
    <time>2026-10-04T15:32:54Z</time>
   </trkpt>
   <trkpt lat="51.5026080" lon="-0.1513300">
    <ele>14.7</ele>
    <time>2026-10-04T15:32:55Z</time>
   </trkpt>
   <trkpt lat="51.5026050" lon="-0.1513950">
    <ele>14.7</ele>
    <time>2026-10-04T15:32:56Z</time>
   </trkpt>
   <trkpt lat="51.5026050" lon="-0.1514640">
    <ele>14.7</ele>
    <time>2026-10-04T15:32:57Z</time>
   </trkpt>
   <trkpt lat="51.5026030" lon="-0.1515320">
    <ele>14.8</ele>
    <time>2026-10-04T15:32:58Z</time>
   </trkpt>
   <trkpt lat="51.5025920" lon="-0.1515990">
    <ele>14.8</ele>
    <time>2026-10-04T15:32:59Z</time>
   </trkpt>
   <trkpt lat="51.5026000" lon="-0.1516730">
    <ele>14.9</ele>
    <time>2026-10-04T15:33:00Z</time>
   </trkpt>
   <trkpt lat="51.5026090" lon="-0.1517340">
    <ele>15.0</ele>
    <time>2026-10-04T15:33:01Z</time>
   </trkpt>
   <trkpt lat="51.5026230" lon="-0.1518000">
    <ele>15.1</ele>
    <time>2026-10-04T15:33:02Z</time>
   </trkpt>
   <trkpt lat="51.5026570" lon="-0.1518440">
    <ele>15.1</ele>
    <time>2026-10-04T15:33:03Z</time>
   </trkpt>
   <trkpt lat="51.5026930" lon="-0.1518740">
    <ele>15.2</ele>
    <time>2026-10-04T15:33:04Z</time>
   </trkpt>
   <trkpt lat="51.5027290" lon="-0.1519020">
    <ele>15.3</ele>
    <time>2026-10-04T15:33:06Z</time>
   </trkpt>
   <trkpt lat="51.5027670" lon="-0.1519250">
    <ele>15.4</ele>
    <time>2026-10-04T15:33:07Z</time>
   </trkpt>
   <trkpt lat="51.5027960" lon="-0.1519530">
    <ele>15.4</ele>
    <time>2026-10-04T15:33:08Z</time>
   </trkpt>
   <trkpt lat="51.5028240" lon="-0.1519790">
    <ele>15.5</ele>
    <time>2026-10-04T15:33:09Z</time>
   </trkpt>
   <trkpt lat="51.5028490" lon="-0.1520100">
    <ele>15.5</ele>
    <time>2026-10-04T15:33:10Z</time>
   </trkpt>
   <trkpt lat="51.5028700" lon="-0.1520330">
    <ele>15.6</ele>
    <time>2026-10-04T15:33:11Z</time>
   </trkpt>
   <trkpt lat="51.5028860" lon="-0.1520550">
    <ele>15.6</ele>
    <time>2026-10-04T15:33:12Z</time>
   </trkpt>
   <trkpt lat="51.5028980" lon="-0.1520800">
    <ele>15.7</ele>
    <time>2026-10-04T15:33:13Z</time>
   </trkpt>
   <trkpt lat="51.5028980" lon="-0.1520910">
    <ele>15.7</ele>
    <time>2026-10-04T15:33:14Z</time>
   </trkpt>
   <trkpt lat="51.5028930" lon="-0.1520890">
    <ele>15.7</ele>
    <time>2026-10-04T15:33:15Z</time>
   </trkpt>
   <trkpt lat="51.5028920" lon="-0.1520880">
    <ele>15.7</ele>
    <time>2026-10-04T15:33:16Z</time>
   </trkpt>
   <trkpt lat="51.5028920" lon="-0.1520870">
    <ele>15.7</ele>
    <time>2026-10-04T15:33:17Z</time>
   </trkpt>
   <trkpt lat="51.5028920" lon="-0.1520870">
    <ele>15.7</ele>
    <time>2026-10-04T15:33:18Z</time>
   </trkpt>
   <trkpt lat="51.5028980" lon="-0.1520850">
    <ele>15.7</ele>
    <time>2026-10-04T15:33:19Z</time>
   </trkpt>
   <trkpt lat="51.5028980" lon="-0.1520840">
    <ele>15.7</ele>
    <time>2026-10-04T15:33:20Z</time>
   </trkpt>
   <trkpt lat="51.5029040" lon="-0.1520830">
    <ele>15.7</ele>
    <time>2026-10-04T15:33:21Z</time>
   </trkpt>
   <trkpt lat="51.5029130" lon="-0.1521150">
    <ele>15.8</ele>
    <time>2026-10-04T15:33:22Z</time>
   </trkpt>
   <trkpt lat="51.5029170" lon="-0.1521460">
    <ele>15.8</ele>
    <time>2026-10-04T15:33:23Z</time>
   </trkpt>
   <trkpt lat="51.5029240" lon="-0.1521710">
    <ele>15.9</ele>
    <time>2026-10-04T15:33:24Z</time>
   </trkpt>
   <trkpt lat="51.5029320" lon="-0.1522070">
    <ele>15.9</ele>
    <time>2026-10-04T15:33:25Z</time>
   </trkpt>
   <trkpt lat="51.5029420" lon="-0.1522410">
    <ele>16.0</ele>
    <time>2026-10-04T15:33:26Z</time>
   </trkpt>
   <trkpt lat="51.5029450" lon="-0.1522810">
    <ele>16.0</ele>
    <time>2026-10-04T15:33:27Z</time>
   </trkpt>
   <trkpt lat="51.5029470" lon="-0.1523320">
    <ele>16.1</ele>
    <time>2026-10-04T15:33:28Z</time>
   </trkpt>
   <trkpt lat="51.5029570" lon="-0.1523580">
    <ele>16.1</ele>
    <time>2026-10-04T15:33:29Z</time>
   </trkpt>
   <trkpt lat="51.5029680" lon="-0.1523840">
    <ele>16.2</ele>
    <time>2026-10-04T15:33:30Z</time>
   </trkpt>
   <trkpt lat="51.5029890" lon="-0.1524180">
    <ele>16.2</ele>
    <time>2026-10-04T15:33:31Z</time>
   </trkpt>
   <trkpt lat="51.5030070" lon="-0.1524410">
    <ele>16.3</ele>
    <time>2026-10-04T15:33:32Z</time>
   </trkpt>
   <trkpt lat="51.5030150" lon="-0.1524480">
    <ele>16.3</ele>
    <time>2026-10-04T15:33:33Z</time>
   </trkpt>
   <trkpt lat="51.5030160" lon="-0.1524440">
    <ele>16.3</ele>
    <time>2026-10-04T15:33:34Z</time>
   </trkpt>
   <trkpt lat="51.5030170" lon="-0.1524380">
    <ele>16.3</ele>
    <time>2026-10-04T15:33:35Z</time>
   </trkpt>
   <trkpt lat="51.5030210" lon="-0.1524420">
    <ele>16.3</ele>
    <time>2026-10-04T15:33:36Z</time>
   </trkpt>
   <trkpt lat="51.5030270" lon="-0.1524410">
    <ele>16.3</ele>
    <time>2026-10-04T15:33:37Z</time>
   </trkpt>
   <trkpt lat="51.5030240" lon="-0.1524380">
    <ele>16.3</ele>
    <time>2026-10-04T15:33:38Z</time>
   </trkpt>
   <trkpt lat="51.5030270" lon="-0.1524440">
    <ele>16.3</ele>
    <time>2026-10-04T15:33:39Z</time>
   </trkpt>
   <trkpt lat="51.5030270" lon="-0.1524470">
    <ele>16.3</ele>
    <time>2026-10-04T15:33:40Z</time>
   </trkpt>
   <trkpt lat="51.5030350" lon="-0.1524490">
    <ele>16.3</ele>
    <time>2026-10-04T15:33:41Z</time>
   </trkpt>
   <trkpt lat="51.5030540" lon="-0.1524570">
    <ele>16.4</ele>
    <time>2026-10-04T15:33:42Z</time>
   </trkpt>
   <trkpt lat="51.5030720" lon="-0.1524680">
    <ele>16.4</ele>
    <time>2026-10-04T15:33:43Z</time>
   </trkpt>
   <trkpt lat="51.5030980" lon="-0.1524930">
    <ele>16.5</ele>
    <time>2026-10-04T15:33:44Z</time>
   </trkpt>
   <trkpt lat="51.5031200" lon="-0.1525030">
    <ele>16.5</ele>
    <time>2026-10-04T15:33:45Z</time>
   </trkpt>
   <trkpt lat="51.5031440" lon="-0.1525090">
    <ele>16.5</ele>
    <time>2026-10-04T15:33:46Z</time>
   </trkpt>
   <trkpt lat="51.5031770" lon="-0.1525310">
    <ele>16.6</ele>
    <time>2026-10-04T15:33:47Z</time>
   </trkpt>
   <trkpt lat="51.5031880" lon="-0.1525430">
    <ele>16.6</ele>
    <time>2026-10-04T15:33:48Z</time>
   </trkpt>
   <trkpt lat="51.5032010" lon="-0.1525570">
    <ele>16.6</ele>
    <time>2026-10-04T15:33:49Z</time>
   </trkpt>
   <trkpt lat="51.5032170" lon="-0.1525710">
    <ele>16.7</ele>
    <time>2026-10-04T15:33:50Z</time>
   </trkpt>
   <trkpt lat="51.5032310" lon="-0.1525750">
    <ele>16.7</ele>
    <time>2026-10-04T15:33:51Z</time>
   </trkpt>
   <trkpt lat="51.5032510" lon="-0.1525920">
    <ele>16.7</ele>
    <time>2026-10-04T15:33:52Z</time>
   </trkpt>
   <trkpt lat="51.5032700" lon="-0.1526090">
    <ele>16.7</ele>
    <time>2026-10-04T15:33:53Z</time>
   </trkpt>
   <trkpt lat="51.5032970" lon="-0.1526190">
    <ele>16.7</ele>
    <time>2026-10-04T15:33:54Z</time>
   </trkpt>
   <trkpt lat="51.5033240" lon="-0.1526230">
    <ele>16.8</ele>
    <time>2026-10-04T15:33:55Z</time>
   </trkpt>
   <trkpt lat="51.5033460" lon="-0.1526320">
    <ele>16.8</ele>
    <time>2026-10-04T15:33:56Z</time>
   </trkpt>
   <trkpt lat="51.5033730" lon="-0.1526290">
    <ele>16.8</ele>
    <time>2026-10-04T15:33:57Z</time>
   </trkpt>
   <trkpt lat="51.5033840" lon="-0.1526250">
    <ele>16.8</ele>
    <time>2026-10-04T15:33:58Z</time>
   </trkpt>
   <trkpt lat="51.5034090" lon="-0.1526330">
    <ele>16.8</ele>
    <time>2026-10-04T15:33:59Z</time>
   </trkpt>
   <trkpt lat="51.5034290" lon="-0.1526580">
    <ele>16.8</ele>
    <time>2026-10-04T15:34:00Z</time>
   </trkpt>
   <trkpt lat="51.5034450" lon="-0.1526800">
    <ele>16.8</ele>
    <time>2026-10-04T15:34:01Z</time>
   </trkpt>
   <trkpt lat="51.5034640" lon="-0.1527010">
    <ele>16.8</ele>
    <time>2026-10-04T15:34:02Z</time>
   </trkpt>
   <trkpt lat="51.5034760" lon="-0.1527250">
    <ele>16.9</ele>
    <time>2026-10-04T15:34:03Z</time>
   </trkpt>
   <trkpt lat="51.5034830" lon="-0.1527400">
    <ele>16.8</ele>
    <time>2026-10-04T15:34:04Z</time>
   </trkpt>
   <trkpt lat="51.5034900" lon="-0.1527610">
    <ele>16.8</ele>
    <time>2026-10-04T15:34:05Z</time>
   </trkpt>
   <trkpt lat="51.5034850" lon="-0.1527970">
    <ele>16.8</ele>
    <time>2026-10-04T15:34:06Z</time>
   </trkpt>
   <trkpt lat="51.5034680" lon="-0.1528380">
    <ele>16.7</ele>
    <time>2026-10-04T15:34:07Z</time>
   </trkpt>
   <trkpt lat="51.5034490" lon="-0.1528830">
    <ele>16.6</ele>
    <time>2026-10-04T15:34:08Z</time>
   </trkpt>
   <trkpt lat="51.5034340" lon="-0.1529230">
    <ele>16.5</ele>
    <time>2026-10-04T15:34:09Z</time>
   </trkpt>
   <trkpt lat="51.5033990" lon="-0.1529790">
    <ele>16.4</ele>
    <time>2026-10-04T15:34:10Z</time>
   </trkpt>
   <trkpt lat="51.5033810" lon="-0.1530500">
    <ele>16.3</ele>
    <time>2026-10-04T15:34:11Z</time>
   </trkpt>
   <trkpt lat="51.5033580" lon="-0.1531040">
    <ele>16.2</ele>
    <time>2026-10-04T15:34:12Z</time>
   </trkpt>
   <trkpt lat="51.5033340" lon="-0.1531690">
    <ele>16.1</ele>
    <time>2026-10-04T15:34:13Z</time>
   </trkpt>
   <trkpt lat="51.5033150" lon="-0.1532340">
    <ele>16.0</ele>
    <time>2026-10-04T15:34:14Z</time>
   </trkpt>
   <trkpt lat="51.5032840" lon="-0.1532790">
    <ele>16.0</ele>
    <time>2026-10-04T15:34:15Z</time>
   </trkpt>
   <trkpt lat="51.5032650" lon="-0.1533470">
    <ele>15.9</ele>
    <time>2026-10-04T15:34:16Z</time>
   </trkpt>
   <trkpt lat="51.5032530" lon="-0.1534130">
    <ele>15.8</ele>
    <time>2026-10-04T15:34:17Z</time>
   </trkpt>
   <trkpt lat="51.5032450" lon="-0.1534890">
    <ele>15.7</ele>
    <time>2026-10-04T15:34:18Z</time>
   </trkpt>
   <trkpt lat="51.5032300" lon="-0.1535660">
    <ele>15.7</ele>
    <time>2026-10-04T15:34:19Z</time>
   </trkpt>
   <trkpt lat="51.5032170" lon="-0.1536490">
    <ele>15.6</ele>
    <time>2026-10-04T15:34:20Z</time>
   </trkpt>
   <trkpt lat="51.5032240" lon="-0.1537530">
    <ele>15.5</ele>
    <time>2026-10-04T15:34:21Z</time>
   </trkpt>
   <trkpt lat="51.5032150" lon="-0.1538350">
    <ele>15.5</ele>
    <time>2026-10-04T15:34:22Z</time>
   </trkpt>
   <trkpt lat="51.5032010" lon="-0.1539240">
    <ele>15.4</ele>
    <time>2026-10-04T15:34:23Z</time>
   </trkpt>
   <trkpt lat="51.5031770" lon="-0.1540090">
    <ele>15.3</ele>
    <time>2026-10-04T15:34:24Z</time>
   </trkpt>
   <trkpt lat="51.5031550" lon="-0.1540980">
    <ele>15.2</ele>
    <time>2026-10-04T15:34:25Z</time>
   </trkpt>
   <trkpt lat="51.5031270" lon="-0.1541870">
    <ele>15.2</ele>
    <time>2026-10-04T15:34:26Z</time>
   </trkpt>
   <trkpt lat="51.5031330" lon="-0.1543050">
    <ele>15.0</ele>
    <time>2026-10-04T15:34:27Z</time>
   </trkpt>
   <trkpt lat="51.5031270" lon="-0.1543980">
    <ele>15.0</ele>
    <time>2026-10-04T15:34:28Z</time>
   </trkpt>
   <trkpt lat="51.5031180" lon="-0.1544920">
    <ele>14.9</ele>
    <time>2026-10-04T15:34:29Z</time>
   </trkpt>
   <trkpt lat="51.5031090" lon="-0.1545750">
    <ele>14.8</ele>
    <time>2026-10-04T15:34:30Z</time>
   </trkpt>
   <trkpt lat="51.5030940" lon="-0.1546900">
    <ele>14.6</ele>
    <time>2026-10-04T15:34:31Z</time>
   </trkpt>
   <trkpt lat="51.5030920" lon="-0.1547820">
    <ele>14.5</ele>
    <time>2026-10-04T15:34:32Z</time>
   </trkpt>
   <trkpt lat="51.5030790" lon="-0.1548730">
    <ele>14.4</ele>
    <time>2026-10-04T15:34:33Z</time>
   </trkpt>
   <trkpt lat="51.5030630" lon="-0.1549760">
    <ele>14.3</ele>
    <time>2026-10-04T15:34:34Z</time>
   </trkpt>
   <trkpt lat="51.5030500" lon="-0.1550840">
    <ele>14.2</ele>
    <time>2026-10-04T15:34:35Z</time>
   </trkpt>
   <trkpt lat="51.5030510" lon="-0.1551910">
    <ele>14.1</ele>
    <time>2026-10-04T15:34:36Z</time>
   </trkpt>
   <trkpt lat="51.5030420" lon="-0.1552930">
    <ele>14.0</ele>
    <time>2026-10-04T15:34:37Z</time>
   </trkpt>
   <trkpt lat="51.5030200" lon="-0.1553900">
    <ele>13.9</ele>
    <time>2026-10-04T15:34:38Z</time>
   </trkpt>
   <trkpt lat="51.5030030" lon="-0.1554950">
    <ele>13.8</ele>
    <time>2026-10-04T15:34:39Z</time>
   </trkpt>
   <trkpt lat="51.5030020" lon="-0.1555780">
    <ele>13.7</ele>
    <time>2026-10-04T15:34:40Z</time>
   </trkpt>
   <trkpt lat="51.5029910" lon="-0.1556710">
    <ele>13.7</ele>
    <time>2026-10-04T15:34:41Z</time>
   </trkpt>
   <trkpt lat="51.5029650" lon="-0.1557790">
    <ele>13.5</ele>
    <time>2026-10-04T15:34:42Z</time>
   </trkpt>
   <trkpt lat="51.5029490" lon="-0.1558960">
    <ele>13.4</ele>
    <time>2026-10-04T15:34:43Z</time>
   </trkpt>
   <trkpt lat="51.5029320" lon="-0.1560060">
    <ele>13.3</ele>
    <time>2026-10-04T15:34:44Z</time>
   </trkpt>
   <trkpt lat="51.5029140" lon="-0.1561080">
    <ele>13.2</ele>
    <time>2026-10-04T15:34:45Z</time>
   </trkpt>
   <trkpt lat="51.5029070" lon="-0.1562240">
    <ele>13.1</ele>
    <time>2026-10-04T15:34:46Z</time>
   </trkpt>
   <trkpt lat="51.5028970" lon="-0.1563370">
    <ele>13.0</ele>
    <time>2026-10-04T15:34:47Z</time>
   </trkpt>
   <trkpt lat="51.5028950" lon="-0.1564420">
    <ele>12.8</ele>
    <time>2026-10-04T15:34:48Z</time>
   </trkpt>
   <trkpt lat="51.5028900" lon="-0.1565560">
    <ele>12.7</ele>
    <time>2026-10-04T15:34:49Z</time>
   </trkpt>
   <trkpt lat="51.5028800" lon="-0.1566640">
    <ele>12.6</ele>
    <time>2026-10-04T15:34:50Z</time>
   </trkpt>
   <trkpt lat="51.5028690" lon="-0.1567720">
    <ele>12.4</ele>
    <time>2026-10-04T15:34:51Z</time>
   </trkpt>
   <trkpt lat="51.5028440" lon="-0.1568700">
    <ele>12.3</ele>
    <time>2026-10-04T15:34:52Z</time>
   </trkpt>
   <trkpt lat="51.5028410" lon="-0.1569990">
    <ele>12.2</ele>
    <time>2026-10-04T15:34:53Z</time>
   </trkpt>
   <trkpt lat="51.5028380" lon="-0.1571220">
    <ele>12.1</ele>
    <time>2026-10-04T15:34:54Z</time>
   </trkpt>
   <trkpt lat="51.5028310" lon="-0.1572530">
    <ele>12.0</ele>
    <time>2026-10-04T15:34:55Z</time>
   </trkpt>
   <trkpt lat="51.5028350" lon="-0.1573760">
    <ele>11.9</ele>
    <time>2026-10-04T15:34:56Z</time>
   </trkpt>
   <trkpt lat="51.5028340" lon="-0.1574940">
    <ele>11.9</ele>
    <time>2026-10-04T15:34:57Z</time>
   </trkpt>
   <trkpt lat="51.5028310" lon="-0.1576130">
    <ele>11.8</ele>
    <time>2026-10-04T15:34:58Z</time>
   </trkpt>
   <trkpt lat="51.5028180" lon="-0.1577310">
    <ele>11.7</ele>
    <time>2026-10-04T15:34:59Z</time>
   </trkpt>
   <trkpt lat="51.5027990" lon="-0.1578430">
    <ele>11.6</ele>
    <time>2026-10-04T15:35:00Z</time>
   </trkpt>
   <trkpt lat="51.5027900" lon="-0.1579510">
    <ele>11.6</ele>
    <time>2026-10-04T15:35:01Z</time>
   </trkpt>
   <trkpt lat="51.5027760" lon="-0.1580610">
    <ele>11.5</ele>
    <time>2026-10-04T15:35:02Z</time>
   </trkpt>
   <trkpt lat="51.5027570" lon="-0.1581700">
    <ele>11.5</ele>
    <time>2026-10-04T15:35:03Z</time>
   </trkpt>
   <trkpt lat="51.5027420" lon="-0.1582800">
    <ele>11.5</ele>
    <time>2026-10-04T15:35:04Z</time>
   </trkpt>
   <trkpt lat="51.5027250" lon="-0.1583850">
    <ele>11.5</ele>
    <time>2026-10-04T15:35:05Z</time>
   </trkpt>
   <trkpt lat="51.5027130" lon="-0.1584900">
    <ele>11.6</ele>
    <time>2026-10-04T15:35:06Z</time>
   </trkpt>
   <trkpt lat="51.5027020" lon="-0.1586010">
    <ele>11.6</ele>
    <time>2026-10-04T15:35:07Z</time>
   </trkpt>
   <trkpt lat="51.5026970" lon="-0.1587050">
    <ele>11.6</ele>
    <time>2026-10-04T15:35:08Z</time>
   </trkpt>
   <trkpt lat="51.5026960" lon="-0.1588090">
    <ele>11.7</ele>
    <time>2026-10-04T15:35:09Z</time>
   </trkpt>
   <trkpt lat="51.5027030" lon="-0.1589090">
    <ele>11.7</ele>
    <time>2026-10-04T15:35:10Z</time>
   </trkpt>
   <trkpt lat="51.5026850" lon="-0.1590050">
    <ele>11.8</ele>
    <time>2026-10-04T15:35:11Z</time>
   </trkpt>
   <trkpt lat="51.5026810" lon="-0.1590910">
    <ele>11.8</ele>
    <time>2026-10-04T15:35:12Z</time>
   </trkpt>
   <trkpt lat="51.5026800" lon="-0.1591870">
    <ele>11.9</ele>
    <time>2026-10-04T15:35:13Z</time>
   </trkpt>
   <trkpt lat="51.5026720" lon="-0.1592780">
    <ele>11.9</ele>
    <time>2026-10-04T15:35:14Z</time>
   </trkpt>
   <trkpt lat="51.5026840" lon="-0.1593620">
    <ele>12.0</ele>
    <time>2026-10-04T15:35:15Z</time>
   </trkpt>
   <trkpt lat="51.5026790" lon="-0.1594540">
    <ele>12.0</ele>
    <time>2026-10-04T15:35:16Z</time>
   </trkpt>
   <trkpt lat="51.5026660" lon="-0.1595550">
    <ele>12.1</ele>
    <time>2026-10-04T15:35:17Z</time>
   </trkpt>
   <trkpt lat="51.5026590" lon="-0.1596460">
    <ele>12.1</ele>
    <time>2026-10-04T15:35:18Z</time>
   </trkpt>
   <trkpt lat="51.5026500" lon="-0.1597500">
    <ele>12.2</ele>
    <time>2026-10-04T15:35:19Z</time>
   </trkpt>
   <trkpt lat="51.5026470" lon="-0.1598400">
    <ele>12.3</ele>
    <time>2026-10-04T15:35:20Z</time>
   </trkpt>
   <trkpt lat="51.5026450" lon="-0.1599470">
    <ele>12.4</ele>
    <time>2026-10-04T15:35:21Z</time>
   </trkpt>
   <trkpt lat="51.5026350" lon="-0.1600260">
    <ele>12.4</ele>
    <time>2026-10-04T15:35:22Z</time>
   </trkpt>
   <trkpt lat="51.5026220" lon="-0.1601170">
    <ele>12.5</ele>
    <time>2026-10-04T15:35:23Z</time>
   </trkpt>
   <trkpt lat="51.5026250" lon="-0.1602150">
    <ele>12.6</ele>
    <time>2026-10-04T15:35:24Z</time>
   </trkpt>
   <trkpt lat="51.5026280" lon="-0.1603030">
    <ele>12.7</ele>
    <time>2026-10-04T15:35:25Z</time>
   </trkpt>
   <trkpt lat="51.5026220" lon="-0.1603880">
    <ele>12.7</ele>
    <time>2026-10-04T15:35:26Z</time>
   </trkpt>
   <trkpt lat="51.5026160" lon="-0.1604750">
    <ele>12.8</ele>
    <time>2026-10-04T15:35:27Z</time>
   </trkpt>
   <trkpt lat="51.5026090" lon="-0.1605570">
    <ele>12.9</ele>
    <time>2026-10-04T15:35:28Z</time>
   </trkpt>
   <trkpt lat="51.5026010" lon="-0.1606400">
    <ele>13.0</ele>
    <time>2026-10-04T15:35:29Z</time>
   </trkpt>
   <trkpt lat="51.5025970" lon="-0.1607240">
    <ele>13.1</ele>
    <time>2026-10-04T15:35:30Z</time>
   </trkpt>
   <trkpt lat="51.5025940" lon="-0.1608010">
    <ele>13.2</ele>
    <time>2026-10-04T15:35:31Z</time>
   </trkpt>
   <trkpt lat="51.5025920" lon="-0.1608790">
    <ele>13.3</ele>
    <time>2026-10-04T15:35:32Z</time>
   </trkpt>
   <trkpt lat="51.5025820" lon="-0.1609310">
    <ele>13.4</ele>
    <time>2026-10-04T15:35:33Z</time>
   </trkpt>
   <trkpt lat="51.5025720" lon="-0.1609840">
    <ele>13.5</ele>
    <time>2026-10-04T15:35:34Z</time>
   </trkpt>
   <trkpt lat="51.5025720" lon="-0.1610210">
    <ele>13.5</ele>
    <time>2026-10-04T15:35:35Z</time>
   </trkpt>
   <trkpt lat="51.5025650" lon="-0.1610840">
    <ele>13.6</ele>
    <time>2026-10-04T15:35:36Z</time>
   </trkpt>
   <trkpt lat="51.5025390" lon="-0.1612820">
    <ele>13.9</ele>
    <time>2026-10-04T15:35:37Z</time>
   </trkpt>
   <trkpt lat="51.5025330" lon="-0.1613570">
    <ele>14.0</ele>
    <time>2026-10-04T15:35:38Z</time>
   </trkpt>
   <trkpt lat="51.5025280" lon="-0.1614280">
    <ele>14.1</ele>
    <time>2026-10-04T15:35:39Z</time>
   </trkpt>
   <trkpt lat="51.5025220" lon="-0.1615040">
    <ele>14.2</ele>
    <time>2026-10-04T15:35:40Z</time>
   </trkpt>
   <trkpt lat="51.5025190" lon="-0.1615800">
    <ele>14.4</ele>
    <time>2026-10-04T15:35:41Z</time>
   </trkpt>
   <trkpt lat="51.5025080" lon="-0.1616500">
    <ele>14.4</ele>
    <time>2026-10-04T15:35:42Z</time>
   </trkpt>
   <trkpt lat="51.5025090" lon="-0.1617280">
    <ele>14.5</ele>
    <time>2026-10-04T15:35:43Z</time>
   </trkpt>
   <trkpt lat="51.5025090" lon="-0.1618100">
    <ele>14.6</ele>
    <time>2026-10-04T15:35:44Z</time>
   </trkpt>
   <trkpt lat="51.5025030" lon="-0.1618970">
    <ele>14.7</ele>
    <time>2026-10-04T15:35:45Z</time>
   </trkpt>
   <trkpt lat="51.5025010" lon="-0.1619640">
    <ele>14.8</ele>
    <time>2026-10-04T15:35:46Z</time>
   </trkpt>
   <trkpt lat="51.5024980" lon="-0.1620290">
    <ele>14.9</ele>
    <time>2026-10-04T15:35:47Z</time>
   </trkpt>
   <trkpt lat="51.5024920" lon="-0.1621040">
    <ele>15.0</ele>
    <time>2026-10-04T15:35:48Z</time>
   </trkpt>
   <trkpt lat="51.5024930" lon="-0.1621830">
    <ele>15.1</ele>
    <time>2026-10-04T15:35:49Z</time>
   </trkpt>
   <trkpt lat="51.5024910" lon="-0.1622550">
    <ele>15.2</ele>
    <time>2026-10-04T15:35:50Z</time>
   </trkpt>
   <trkpt lat="51.5024850" lon="-0.1623160">
    <ele>15.3</ele>
    <time>2026-10-04T15:35:51Z</time>
   </trkpt>
   <trkpt lat="51.5024810" lon="-0.1623750">
    <ele>15.3</ele>
    <time>2026-10-04T15:35:52Z</time>
   </trkpt>
   <trkpt lat="51.5024750" lon="-0.1624350">
    <ele>15.4</ele>
    <time>2026-10-04T15:35:53Z</time>
   </trkpt>
   <trkpt lat="51.5024690" lon="-0.1624780">
    <ele>15.4</ele>
    <time>2026-10-04T15:35:54Z</time>
   </trkpt>
   <trkpt lat="51.5024610" lon="-0.1625470">
    <ele>15.5</ele>
    <time>2026-10-04T15:35:55Z</time>
   </trkpt>
   <trkpt lat="51.5024640" lon="-0.1626180">
    <ele>15.6</ele>
    <time>2026-10-04T15:35:56Z</time>
   </trkpt>
   <trkpt lat="51.5024900" lon="-0.1627000">
    <ele>15.7</ele>
    <time>2026-10-04T15:35:57Z</time>
   </trkpt>
   <trkpt lat="51.5024930" lon="-0.1626970">
    <ele>15.7</ele>
    <time>2026-10-04T15:35:58Z</time>
   </trkpt>
   <trkpt lat="51.5024780" lon="-0.1627490">
    <ele>15.8</ele>
    <time>2026-10-04T15:35:59Z</time>
   </trkpt>
   <trkpt lat="51.5024620" lon="-0.1627890">
    <ele>15.8</ele>
    <time>2026-10-04T15:36:00Z</time>
   </trkpt>
   <trkpt lat="51.5024580" lon="-0.1629020">
    <ele>16.0</ele>
    <time>2026-10-04T15:36:01Z</time>
   </trkpt>
   <trkpt lat="51.5024470" lon="-0.1629970">
    <ele>16.1</ele>
    <time>2026-10-04T15:36:02Z</time>
   </trkpt>
   <trkpt lat="51.5024110" lon="-0.1630570">
    <ele>16.1</ele>
    <time>2026-10-04T15:36:03Z</time>
   </trkpt>
   <trkpt lat="51.5024090" lon="-0.1631340">
    <ele>16.2</ele>
    <time>2026-10-04T15:36:04Z</time>
   </trkpt>
   <trkpt lat="51.5024250" lon="-0.1632130">
    <ele>16.3</ele>
    <time>2026-10-04T15:36:05Z</time>
   </trkpt>
   <trkpt lat="51.5023980" lon="-0.1632770">
    <ele>16.4</ele>
    <time>2026-10-04T15:36:06Z</time>
   </trkpt>
   <trkpt lat="51.5023990" lon="-0.1633690">
    <ele>16.5</ele>
    <time>2026-10-04T15:36:07Z</time>
   </trkpt>
   <trkpt lat="51.5024060" lon="-0.1634590">
    <ele>16.6</ele>
    <time>2026-10-04T15:36:08Z</time>
   </trkpt>
   <trkpt lat="51.5024030" lon="-0.1635400">
    <ele>16.7</ele>
    <time>2026-10-04T15:36:09Z</time>
   </trkpt>
   <trkpt lat="51.5024000" lon="-0.1636400">
    <ele>16.9</ele>
    <time>2026-10-04T15:36:10Z</time>
   </trkpt>
   <trkpt lat="51.5023960" lon="-0.1637070">
    <ele>16.9</ele>
    <time>2026-10-04T15:36:11Z</time>
   </trkpt>
   <trkpt lat="51.5024000" lon="-0.1637840">
    <ele>17.0</ele>
    <time>2026-10-04T15:36:12Z</time>
   </trkpt>
   <trkpt lat="51.5023970" lon="-0.1638450">
    <ele>17.1</ele>
    <time>2026-10-04T15:36:13Z</time>
   </trkpt>
   <trkpt lat="51.5023980" lon="-0.1639150">
    <ele>17.2</ele>
    <time>2026-10-04T15:36:14Z</time>
   </trkpt>
   <trkpt lat="51.5023850" lon="-0.1640060">
    <ele>17.3</ele>
    <time>2026-10-04T15:36:15Z</time>
   </trkpt>
   <trkpt lat="51.5023810" lon="-0.1640870">
    <ele>17.4</ele>
    <time>2026-10-04T15:36:16Z</time>
   </trkpt>
   <trkpt lat="51.5023820" lon="-0.1641580">
    <ele>17.4</ele>
    <time>2026-10-04T15:36:17Z</time>
   </trkpt>
   <trkpt lat="51.5023720" lon="-0.1642400">
    <ele>17.5</ele>
    <time>2026-10-04T15:36:18Z</time>
   </trkpt>
   <trkpt lat="51.5023680" lon="-0.1643160">
    <ele>17.6</ele>
    <time>2026-10-04T15:36:19Z</time>
   </trkpt>
   <trkpt lat="51.5023620" lon="-0.1643950">
    <ele>17.7</ele>
    <time>2026-10-04T15:36:20Z</time>
   </trkpt>
   <trkpt lat="51.5023590" lon="-0.1644600">
    <ele>17.7</ele>
    <time>2026-10-04T15:36:21Z</time>
   </trkpt>
   <trkpt lat="51.5023400" lon="-0.1645410">
    <ele>17.8</ele>
    <time>2026-10-04T15:36:22Z</time>
   </trkpt>
   <trkpt lat="51.5023390" lon="-0.1646170">
    <ele>17.9</ele>
    <time>2026-10-04T15:36:23Z</time>
   </trkpt>
   <trkpt lat="51.5023340" lon="-0.1647010">
    <ele>18.0</ele>
    <time>2026-10-04T15:36:24Z</time>
   </trkpt>
   <trkpt lat="51.5023420" lon="-0.1647960">
    <ele>18.0</ele>
    <time>2026-10-04T15:36:25Z</time>
   </trkpt>
   <trkpt lat="51.5023440" lon="-0.1648540">
    <ele>18.1</ele>
    <time>2026-10-04T15:36:26Z</time>
   </trkpt>
   <trkpt lat="51.5023440" lon="-0.1649310">
    <ele>18.2</ele>
    <time>2026-10-04T15:36:27Z</time>
   </trkpt>
   <trkpt lat="51.5023120" lon="-0.1650210">
    <ele>18.3</ele>
    <time>2026-10-04T15:36:28Z</time>
   </trkpt>
   <trkpt lat="51.5022990" lon="-0.1650960">
    <ele>18.4</ele>
    <time>2026-10-04T15:36:29Z</time>
   </trkpt>
   <trkpt lat="51.5022910" lon="-0.1651570">
    <ele>18.4</ele>
    <time>2026-10-04T15:36:30Z</time>
   </trkpt>
   <trkpt lat="51.5022950" lon="-0.1652410">
    <ele>18.5</ele>
    <time>2026-10-04T15:36:31Z</time>
   </trkpt>
   <trkpt lat="51.5022940" lon="-0.1653220">
    <ele>18.6</ele>
    <time>2026-10-04T15:36:32Z</time>
   </trkpt>
   <trkpt lat="51.5022970" lon="-0.1653970">
    <ele>18.7</ele>
    <time>2026-10-04T15:36:33Z</time>
   </trkpt>
   <trkpt lat="51.5022880" lon="-0.1654840">
    <ele>18.8</ele>
    <time>2026-10-04T15:36:34Z</time>
   </trkpt>
   <trkpt lat="51.5022760" lon="-0.1655670">
    <ele>18.9</ele>
    <time>2026-10-04T15:36:35Z</time>
   </trkpt>
   <trkpt lat="51.5022720" lon="-0.1656440">
    <ele>18.9</ele>
    <time>2026-10-04T15:36:36Z</time>
   </trkpt>
   <trkpt lat="51.5022700" lon="-0.1657200">
    <ele>19.0</ele>
    <time>2026-10-04T15:36:37Z</time>
   </trkpt>
   <trkpt lat="51.5022720" lon="-0.1657910">
    <ele>19.0</ele>
    <time>2026-10-04T15:36:38Z</time>
   </trkpt>
   <trkpt lat="51.5022770" lon="-0.1658280">
    <ele>19.1</ele>
    <time>2026-10-04T15:36:39Z</time>
   </trkpt>
   <trkpt lat="51.5022820" lon="-0.1658660">
    <ele>19.1</ele>
    <time>2026-10-04T15:36:40Z</time>
   </trkpt>
   <trkpt lat="51.5022740" lon="-0.1658630">
    <ele>19.1</ele>
    <time>2026-10-04T15:36:41Z</time>
   </trkpt>
   <trkpt lat="51.5022590" lon="-0.1659130">
    <ele>19.1</ele>
    <time>2026-10-04T15:36:42Z</time>
   </trkpt>
   <trkpt lat="51.5022730" lon="-0.1659600">
    <ele>19.2</ele>
    <time>2026-10-04T15:36:43Z</time>
   </trkpt>
   <trkpt lat="51.5022730" lon="-0.1660740">
    <ele>19.3</ele>
    <time>2026-10-04T15:36:44Z</time>
   </trkpt>
   <trkpt lat="51.5022710" lon="-0.1661410">
    <ele>19.3</ele>
    <time>2026-10-04T15:36:45Z</time>
   </trkpt>
   <trkpt lat="51.5022690" lon="-0.1662080">
    <ele>19.4</ele>
    <time>2026-10-04T15:36:46Z</time>
   </trkpt>
   <trkpt lat="51.5022620" lon="-0.1662870">
    <ele>19.4</ele>
    <time>2026-10-04T15:36:47Z</time>
   </trkpt>
   <trkpt lat="51.5022550" lon="-0.1663670">
    <ele>19.5</ele>
    <time>2026-10-04T15:36:48Z</time>
   </trkpt>
   <trkpt lat="51.5022530" lon="-0.1664120">
    <ele>19.5</ele>
    <time>2026-10-04T15:36:49Z</time>
   </trkpt>
   <trkpt lat="51.5022510" lon="-0.1664580">
    <ele>19.6</ele>
    <time>2026-10-04T15:36:50Z</time>
   </trkpt>
   <trkpt lat="51.5022650" lon="-0.1666680">
    <ele>19.7</ele>
    <time>2026-10-04T15:36:51Z</time>
   </trkpt>
   <trkpt lat="51.5022800" lon="-0.1668790">
    <ele>19.8</ele>
    <time>2026-10-04T15:36:52Z</time>
   </trkpt>
   <trkpt lat="51.5022940" lon="-0.1670890">
    <ele>19.8</ele>
    <time>2026-10-04T15:36:53Z</time>
   </trkpt>
   <trkpt lat="51.5022980" lon="-0.1671830">
    <ele>19.9</ele>
    <time>2026-10-04T15:36:54Z</time>
   </trkpt>
   <trkpt lat="51.5022990" lon="-0.1672900">
    <ele>19.9</ele>
    <time>2026-10-04T15:36:55Z</time>
   </trkpt>
   <trkpt lat="51.5022930" lon="-0.1673640">
    <ele>19.9</ele>
    <time>2026-10-04T15:36:56Z</time>
   </trkpt>
   <trkpt lat="51.5022780" lon="-0.1674460">
    <ele>20.0</ele>
    <time>2026-10-04T15:36:57Z</time>
   </trkpt>
   <trkpt lat="51.5022740" lon="-0.1675420">
    <ele>20.0</ele>
    <time>2026-10-04T15:36:58Z</time>
   </trkpt>
   <trkpt lat="51.5022700" lon="-0.1676250">
    <ele>20.0</ele>
    <time>2026-10-04T15:36:59Z</time>
   </trkpt>
   <trkpt lat="51.5022630" lon="-0.1677290">
    <ele>20.1</ele>
    <time>2026-10-04T15:37:00Z</time>
   </trkpt>
   <trkpt lat="51.5022600" lon="-0.1678170">
    <ele>20.1</ele>
    <time>2026-10-04T15:37:01Z</time>
   </trkpt>
   <trkpt lat="51.5022540" lon="-0.1679170">
    <ele>20.1</ele>
    <time>2026-10-04T15:37:02Z</time>
   </trkpt>
   <trkpt lat="51.5022560" lon="-0.1680110">
    <ele>20.1</ele>
    <time>2026-10-04T15:37:03Z</time>
   </trkpt>
   <trkpt lat="51.5022610" lon="-0.1681100">
    <ele>20.2</ele>
    <time>2026-10-04T15:37:04Z</time>
   </trkpt>
   <trkpt lat="51.5022640" lon="-0.1682020">
    <ele>20.2</ele>
    <time>2026-10-04T15:37:05Z</time>
   </trkpt>
   <trkpt lat="51.5022780" lon="-0.1682870">
    <ele>20.2</ele>
    <time>2026-10-04T15:37:06Z</time>
   </trkpt>
   <trkpt lat="51.5022920" lon="-0.1683650">
    <ele>20.2</ele>
    <time>2026-10-04T15:37:07Z</time>
   </trkpt>
   <trkpt lat="51.5022980" lon="-0.1684580">
    <ele>20.3</ele>
    <time>2026-10-04T15:37:08Z</time>
   </trkpt>
   <trkpt lat="51.5023090" lon="-0.1685450">
    <ele>20.3</ele>
    <time>2026-10-04T15:37:09Z</time>
   </trkpt>
   <trkpt lat="51.5022440" lon="-0.1686290">
    <ele>20.3</ele>
    <time>2026-10-04T15:37:10Z</time>
   </trkpt>
   <trkpt lat="51.5022410" lon="-0.1687010">
    <ele>20.3</ele>
    <time>2026-10-04T15:37:11Z</time>
   </trkpt>
   <trkpt lat="51.5022400" lon="-0.1687920">
    <ele>20.4</ele>
    <time>2026-10-04T15:37:12Z</time>
   </trkpt>
   <trkpt lat="51.5022390" lon="-0.1688800">
    <ele>20.4</ele>
    <time>2026-10-04T15:37:13Z</time>
   </trkpt>
   <trkpt lat="51.5022340" lon="-0.1689720">
    <ele>20.4</ele>
    <time>2026-10-04T15:37:14Z</time>
   </trkpt>
   <trkpt lat="51.5022320" lon="-0.1690600">
    <ele>20.5</ele>
    <time>2026-10-04T15:37:15Z</time>
   </trkpt>
   <trkpt lat="51.5022340" lon="-0.1691440">
    <ele>20.5</ele>
    <time>2026-10-04T15:37:16Z</time>
   </trkpt>
   <trkpt lat="51.5022340" lon="-0.1692190">
    <ele>20.5</ele>
    <time>2026-10-04T15:37:17Z</time>
   </trkpt>
   <trkpt lat="51.5022330" lon="-0.1692770">
    <ele>20.5</ele>
    <time>2026-10-04T15:37:18Z</time>
   </trkpt>
   <trkpt lat="51.5022310" lon="-0.1693360">
    <ele>20.5</ele>
    <time>2026-10-04T15:37:19Z</time>
   </trkpt>
   <trkpt lat="51.5022370" lon="-0.1694510">
    <ele>20.5</ele>
    <time>2026-10-04T15:37:20Z</time>
   </trkpt>
   <trkpt lat="51.5022430" lon="-0.1695670">
    <ele>20.5</ele>
    <time>2026-10-04T15:37:21Z</time>
   </trkpt>
   <trkpt lat="51.5022400" lon="-0.1696510">
    <ele>20.6</ele>
    <time>2026-10-04T15:37:22Z</time>
   </trkpt>
   <trkpt lat="51.5022390" lon="-0.1697390">
    <ele>20.6</ele>
    <time>2026-10-04T15:37:23Z</time>
   </trkpt>
   <trkpt lat="51.5022330" lon="-0.1698220">
    <ele>20.6</ele>
    <time>2026-10-04T15:37:24Z</time>
   </trkpt>
   <trkpt lat="51.5022290" lon="-0.1699010">
    <ele>20.6</ele>
    <time>2026-10-04T15:37:25Z</time>
   </trkpt>
   <trkpt lat="51.5022250" lon="-0.1699730">
    <ele>20.6</ele>
    <time>2026-10-04T15:37:26Z</time>
   </trkpt>
   <trkpt lat="51.5022250" lon="-0.1700590">
    <ele>20.6</ele>
    <time>2026-10-04T15:37:27Z</time>
   </trkpt>
   <trkpt lat="51.5022230" lon="-0.1701350">
    <ele>20.6</ele>
    <time>2026-10-04T15:37:28Z</time>
   </trkpt>
   <trkpt lat="51.5022120" lon="-0.1702240">
    <ele>20.6</ele>
    <time>2026-10-04T15:37:29Z</time>
   </trkpt>
   <trkpt lat="51.5022030" lon="-0.1703090">
    <ele>20.7</ele>
    <time>2026-10-04T15:37:30Z</time>
   </trkpt>
   <trkpt lat="51.5022010" lon="-0.1704050">
    <ele>20.7</ele>
    <time>2026-10-04T15:37:31Z</time>
   </trkpt>
   <trkpt lat="51.5022030" lon="-0.1704930">
    <ele>20.7</ele>
    <time>2026-10-04T15:37:32Z</time>
   </trkpt>
   <trkpt lat="51.5022040" lon="-0.1705800">
    <ele>20.7</ele>
    <time>2026-10-04T15:37:33Z</time>
   </trkpt>
   <trkpt lat="51.5022100" lon="-0.1706650">
    <ele>20.7</ele>
    <time>2026-10-04T15:37:34Z</time>
   </trkpt>
   <trkpt lat="51.5022060" lon="-0.1707530">
    <ele>20.7</ele>
    <time>2026-10-04T15:37:35Z</time>
   </trkpt>
   <trkpt lat="51.5021990" lon="-0.1708360">
    <ele>20.7</ele>
    <time>2026-10-04T15:37:36Z</time>
   </trkpt>
   <trkpt lat="51.5021980" lon="-0.1709240">
    <ele>20.7</ele>
    <time>2026-10-04T15:37:37Z</time>
   </trkpt>
   <trkpt lat="51.5021970" lon="-0.1710100">
    <ele>20.7</ele>
    <time>2026-10-04T15:37:38Z</time>
   </trkpt>
   <trkpt lat="51.5022000" lon="-0.1710900">
    <ele>20.7</ele>
    <time>2026-10-04T15:37:39Z</time>
   </trkpt>
   <trkpt lat="51.5022030" lon="-0.1711620">
    <ele>20.7</ele>
    <time>2026-10-04T15:37:40Z</time>
   </trkpt>
   <trkpt lat="51.5022030" lon="-0.1712490">
    <ele>20.7</ele>
    <time>2026-10-04T15:37:41Z</time>
   </trkpt>
   <trkpt lat="51.5021980" lon="-0.1713360">
    <ele>20.8</ele>
    <time>2026-10-04T15:37:42Z</time>
   </trkpt>
   <trkpt lat="51.5022000" lon="-0.1714240">
    <ele>20.8</ele>
    <time>2026-10-04T15:37:43Z</time>
   </trkpt>
   <trkpt lat="51.5021890" lon="-0.1715170">
    <ele>20.8</ele>
    <time>2026-10-04T15:37:44Z</time>
   </trkpt>
   <trkpt lat="51.5021890" lon="-0.1716020">
    <ele>20.8</ele>
    <time>2026-10-04T15:37:45Z</time>
   </trkpt>
   <trkpt lat="51.5021960" lon="-0.1716960">
    <ele>20.8</ele>
    <time>2026-10-04T15:37:46Z</time>
   </trkpt>
   <trkpt lat="51.5021920" lon="-0.1717840">
    <ele>20.8</ele>
    <time>2026-10-04T15:37:47Z</time>
   </trkpt>
   <trkpt lat="51.5021900" lon="-0.1718650">
    <ele>20.8</ele>
    <time>2026-10-04T15:37:48Z</time>
   </trkpt>
   <trkpt lat="51.5021930" lon="-0.1719450">
    <ele>20.9</ele>
    <time>2026-10-04T15:37:49Z</time>
   </trkpt>
   <trkpt lat="51.5021970" lon="-0.1720360">
    <ele>20.9</ele>
    <time>2026-10-04T15:37:50Z</time>
   </trkpt>
   <trkpt lat="51.5022000" lon="-0.1721280">
    <ele>20.9</ele>
    <time>2026-10-04T15:37:51Z</time>
   </trkpt>
   <trkpt lat="51.5022040" lon="-0.1722190">
    <ele>20.9</ele>
    <time>2026-10-04T15:37:52Z</time>
   </trkpt>
   <trkpt lat="51.5022000" lon="-0.1722950">
    <ele>20.9</ele>
    <time>2026-10-04T15:37:53Z</time>
   </trkpt>
   <trkpt lat="51.5021970" lon="-0.1723690">
    <ele>21.0</ele>
    <time>2026-10-04T15:37:54Z</time>
   </trkpt>
   <trkpt lat="51.5021910" lon="-0.1724430">
    <ele>21.0</ele>
    <time>2026-10-04T15:37:55Z</time>
   </trkpt>
   <trkpt lat="51.5021800" lon="-0.1725240">
    <ele>21.0</ele>
    <time>2026-10-04T15:37:56Z</time>
   </trkpt>
   <trkpt lat="51.5021780" lon="-0.1725910">
    <ele>21.0</ele>
    <time>2026-10-04T15:37:57Z</time>
   </trkpt>
   <trkpt lat="51.5021710" lon="-0.1726590">
    <ele>21.0</ele>
    <time>2026-10-04T15:37:58Z</time>
   </trkpt>
   <trkpt lat="51.5021650" lon="-0.1727320">
    <ele>21.0</ele>
    <time>2026-10-04T15:37:59Z</time>
   </trkpt>
   <trkpt lat="51.5021630" lon="-0.1728180">
    <ele>21.1</ele>
    <time>2026-10-04T15:38:00Z</time>
   </trkpt>
   <trkpt lat="51.5021660" lon="-0.1728940">
    <ele>21.1</ele>
    <time>2026-10-04T15:38:01Z</time>
   </trkpt>
   <trkpt lat="51.5021730" lon="-0.1729790">
    <ele>21.1</ele>
    <time>2026-10-04T15:38:02Z</time>
   </trkpt>
   <trkpt lat="51.5021780" lon="-0.1730510">
    <ele>21.1</ele>
    <time>2026-10-04T15:38:03Z</time>
   </trkpt>
   <trkpt lat="51.5021860" lon="-0.1731080">
    <ele>21.1</ele>
    <time>2026-10-04T15:38:04Z</time>
   </trkpt>
   <trkpt lat="51.5021850" lon="-0.1731850">
    <ele>21.1</ele>
    <time>2026-10-04T15:38:05Z</time>
   </trkpt>
   <trkpt lat="51.5021830" lon="-0.1732540">
    <ele>21.2</ele>
    <time>2026-10-04T15:38:06Z</time>
   </trkpt>
   <trkpt lat="51.5021890" lon="-0.1733260">
    <ele>21.2</ele>
    <time>2026-10-04T15:38:07Z</time>
   </trkpt>
   <trkpt lat="51.5021870" lon="-0.1734030">
    <ele>21.2</ele>
    <time>2026-10-04T15:38:08Z</time>
   </trkpt>
   <trkpt lat="51.5021860" lon="-0.1734770">
    <ele>21.2</ele>
    <time>2026-10-04T15:38:09Z</time>
   </trkpt>
   <trkpt lat="51.5021810" lon="-0.1735420">
    <ele>21.2</ele>
    <time>2026-10-04T15:38:10Z</time>
   </trkpt>
   <trkpt lat="51.5021850" lon="-0.1735850">
    <ele>21.2</ele>
    <time>2026-10-04T15:38:11Z</time>
   </trkpt>
   <trkpt lat="51.5021860" lon="-0.1737050">
    <ele>21.2</ele>
    <time>2026-10-04T15:38:12Z</time>
   </trkpt>
   <trkpt lat="51.5021860" lon="-0.1737740">
    <ele>21.2</ele>
    <time>2026-10-04T15:38:13Z</time>
   </trkpt>
   <trkpt lat="51.5021810" lon="-0.1738610">
    <ele>21.2</ele>
    <time>2026-10-04T15:38:14Z</time>
   </trkpt>
   <trkpt lat="51.5021770" lon="-0.1739310">
    <ele>21.2</ele>
    <time>2026-10-04T15:38:15Z</time>
   </trkpt>
   <trkpt lat="51.5021760" lon="-0.1740020">
    <ele>21.2</ele>
    <time>2026-10-04T15:38:16Z</time>
   </trkpt>
   <trkpt lat="51.5021760" lon="-0.1740800">
    <ele>21.2</ele>
    <time>2026-10-04T15:38:17Z</time>
   </trkpt>
   <trkpt lat="51.5021700" lon="-0.1741550">
    <ele>21.2</ele>
    <time>2026-10-04T15:38:18Z</time>
   </trkpt>
   <trkpt lat="51.5021680" lon="-0.1742300">
    <ele>21.2</ele>
    <time>2026-10-04T15:38:19Z</time>
   </trkpt>
   <trkpt lat="51.5021620" lon="-0.1743000">
    <ele>21.2</ele>
    <time>2026-10-04T15:38:20Z</time>
   </trkpt>
   <trkpt lat="51.5021590" lon="-0.1743640">
    <ele>21.2</ele>
    <time>2026-10-04T15:38:21Z</time>
   </trkpt>
   <trkpt lat="51.5021610" lon="-0.1744250">
    <ele>21.2</ele>
    <time>2026-10-04T15:38:22Z</time>
   </trkpt>
   <trkpt lat="51.5021600" lon="-0.1744950">
    <ele>21.2</ele>
    <time>2026-10-04T15:38:23Z</time>
   </trkpt>
   <trkpt lat="51.5021620" lon="-0.1745580">
    <ele>21.2</ele>
    <time>2026-10-04T15:38:24Z</time>
   </trkpt>
   <trkpt lat="51.5021590" lon="-0.1745970">
    <ele>21.2</ele>
    <time>2026-10-04T15:38:25Z</time>
   </trkpt>
   <trkpt lat="51.5021610" lon="-0.1746170">
    <ele>21.2</ele>
    <time>2026-10-04T15:38:26Z</time>
   </trkpt>
   <trkpt lat="51.5021660" lon="-0.1746470">
    <ele>21.2</ele>
    <time>2026-10-04T15:38:27Z</time>
   </trkpt>
   <trkpt lat="51.5021740" lon="-0.1746620">
    <ele>21.2</ele>
    <time>2026-10-04T15:38:28Z</time>
   </trkpt>
   <trkpt lat="51.5021920" lon="-0.1746840">
    <ele>21.3</ele>
    <time>2026-10-04T15:38:29Z</time>
   </trkpt>
   <trkpt lat="51.5022110" lon="-0.1747190">
    <ele>21.3</ele>
    <time>2026-10-04T15:38:30Z</time>
   </trkpt>
   <trkpt lat="51.5022370" lon="-0.1747410">
    <ele>21.3</ele>
    <time>2026-10-04T15:38:31Z</time>
   </trkpt>
   <trkpt lat="51.5022740" lon="-0.1747400">
    <ele>21.3</ele>
    <time>2026-10-04T15:38:32Z</time>
   </trkpt>
   <trkpt lat="51.5022880" lon="-0.1747710">
    <ele>21.2</ele>
    <time>2026-10-04T15:38:33Z</time>
   </trkpt>
   <trkpt lat="51.5023000" lon="-0.1748090">
    <ele>21.2</ele>
    <time>2026-10-04T15:38:34Z</time>
   </trkpt>
   <trkpt lat="51.5023030" lon="-0.1748500">
    <ele>21.2</ele>
    <time>2026-10-04T15:38:35Z</time>
   </trkpt>
   <trkpt lat="51.5022850" lon="-0.1749100">
    <ele>21.1</ele>
    <time>2026-10-04T15:38:36Z</time>
   </trkpt>
   <trkpt lat="51.5022720" lon="-0.1749250">
    <ele>21.1</ele>
    <time>2026-10-04T15:38:37Z</time>
   </trkpt>
   <trkpt lat="51.5022710" lon="-0.1749120">
    <ele>21.1</ele>
    <time>2026-10-04T15:38:38Z</time>
   </trkpt>
   <trkpt lat="51.5022700" lon="-0.1749050">
    <ele>21.1</ele>
    <time>2026-10-04T15:38:39Z</time>
   </trkpt>
   <trkpt lat="51.5022680" lon="-0.1749030">
    <ele>21.1</ele>
    <time>2026-10-04T15:38:40Z</time>
   </trkpt>
   <trkpt lat="51.5022590" lon="-0.1748970">
    <ele>21.1</ele>
    <time>2026-10-04T15:38:41Z</time>
   </trkpt>
   <trkpt lat="51.5022480" lon="-0.1748880">
    <ele>21.1</ele>
    <time>2026-10-04T15:38:42Z</time>
   </trkpt>
   <trkpt lat="51.5022230" lon="-0.1748620">
    <ele>21.1</ele>
    <time>2026-10-04T15:38:43Z</time>
   </trkpt>
   <trkpt lat="51.5022160" lon="-0.1748440">
    <ele>21.1</ele>
    <time>2026-10-04T15:38:44Z</time>
   </trkpt>
   <trkpt lat="51.5022130" lon="-0.1748260">
    <ele>21.1</ele>
    <time>2026-10-04T15:38:45Z</time>
   </trkpt>
   <trkpt lat="51.5022120" lon="-0.1748060">
    <ele>21.1</ele>
    <time>2026-10-04T15:38:46Z</time>
   </trkpt>
   <trkpt lat="51.5022100" lon="-0.1747930">
    <ele>21.1</ele>
    <time>2026-10-04T15:38:47Z</time>
   </trkpt>
   <trkpt lat="51.5022090" lon="-0.1747950">
    <ele>21.1</ele>
    <time>2026-10-04T15:38:48Z</time>
   </trkpt>
   <trkpt lat="51.5022050" lon="-0.1747960">
    <ele>21.1</ele>
    <time>2026-10-04T15:38:49Z</time>
   </trkpt>
   <trkpt lat="51.5021990" lon="-0.1747980">
    <ele>21.1</ele>
    <time>2026-10-04T15:38:50Z</time>
   </trkpt>
   <trkpt lat="51.5021930" lon="-0.1747930">
    <ele>21.1</ele>
    <time>2026-10-04T15:38:51Z</time>
   </trkpt>
   <trkpt lat="51.5021960" lon="-0.1747960">
    <ele>21.1</ele>
    <time>2026-10-04T15:38:52Z</time>
   </trkpt>
   <trkpt lat="51.5021970" lon="-0.1747960">
    <ele>21.1</ele>
    <time>2026-10-04T15:38:53Z</time>
   </trkpt>
   <trkpt lat="51.5021960" lon="-0.1747940">
    <ele>21.1</ele>
    <time>2026-10-04T15:38:54Z</time>
   </trkpt>
   <trkpt lat="51.5021970" lon="-0.1747910">
    <ele>21.1</ele>
    <time>2026-10-04T15:38:55Z</time>
   </trkpt>
   <trkpt lat="51.5021990" lon="-0.1747910">
    <ele>21.1</ele>
    <time>2026-10-04T15:38:56Z</time>
   </trkpt>
   <trkpt lat="51.5021940" lon="-0.1748010">
    <ele>21.1</ele>
    <time>2026-10-04T15:38:57Z</time>
   </trkpt>
   <trkpt lat="51.5021850" lon="-0.1747940">
    <ele>21.1</ele>
    <time>2026-10-04T15:38:58Z</time>
   </trkpt>
   <trkpt lat="51.5021620" lon="-0.1749250">
    <ele>21.0</ele>
    <time>2026-10-04T15:39:07Z</time>
   </trkpt>
   <trkpt lat="51.5021640" lon="-0.1749680">
    <ele>21.0</ele>
    <time>2026-10-04T15:39:08Z</time>
   </trkpt>
   <trkpt lat="51.5021550" lon="-0.1749990">
    <ele>21.0</ele>
    <time>2026-10-04T15:39:09Z</time>
   </trkpt>
   <trkpt lat="51.5021560" lon="-0.1750310">
    <ele>20.9</ele>
    <time>2026-10-04T15:39:10Z</time>
   </trkpt>
   <trkpt lat="51.5021490" lon="-0.1750840">
    <ele>20.9</ele>
    <time>2026-10-04T15:39:11Z</time>
   </trkpt>
   <trkpt lat="51.5021420" lon="-0.1751400">
    <ele>20.9</ele>
    <time>2026-10-04T15:39:12Z</time>
   </trkpt>
   <trkpt lat="51.5021450" lon="-0.1751820">
    <ele>20.9</ele>
    <time>2026-10-04T15:39:13Z</time>
   </trkpt>
   <trkpt lat="51.5021430" lon="-0.1752270">
    <ele>20.8</ele>
    <time>2026-10-04T15:39:14Z</time>
   </trkpt>
   <trkpt lat="51.5021440" lon="-0.1752820">
    <ele>20.8</ele>
    <time>2026-10-04T15:39:15Z</time>
   </trkpt>
   <trkpt lat="51.5021500" lon="-0.1753280">
    <ele>20.8</ele>
    <time>2026-10-04T15:39:16Z</time>
   </trkpt>
   <trkpt lat="51.5021490" lon="-0.1753850">
    <ele>20.8</ele>
    <time>2026-10-04T15:39:17Z</time>
   </trkpt>
   <trkpt lat="51.5021500" lon="-0.1754380">
    <ele>20.7</ele>
    <time>2026-10-04T15:39:18Z</time>
   </trkpt>
   <trkpt lat="51.5021460" lon="-0.1755040">
    <ele>20.7</ele>
    <time>2026-10-04T15:39:19Z</time>
   </trkpt>
   <trkpt lat="51.5021500" lon="-0.1755690">
    <ele>20.7</ele>
    <time>2026-10-04T15:39:20Z</time>
   </trkpt>
   <trkpt lat="51.5021490" lon="-0.1756180">
    <ele>20.7</ele>
    <time>2026-10-04T15:39:22Z</time>
   </trkpt>
   <trkpt lat="51.5021470" lon="-0.1756810">
    <ele>20.7</ele>
    <time>2026-10-04T15:39:23Z</time>
   </trkpt>
   <trkpt lat="51.5021400" lon="-0.1757180">
    <ele>20.7</ele>
    <time>2026-10-04T15:39:24Z</time>
   </trkpt>
   <trkpt lat="51.5021350" lon="-0.1757820">
    <ele>20.7</ele>
    <time>2026-10-04T15:39:25Z</time>
   </trkpt>
   <trkpt lat="51.5021330" lon="-0.1758390">
    <ele>20.6</ele>
    <time>2026-10-04T15:39:26Z</time>
   </trkpt>
   <trkpt lat="51.5021310" lon="-0.1758970">
    <ele>20.6</ele>
    <time>2026-10-04T15:39:27Z</time>
   </trkpt>
   <trkpt lat="51.5021250" lon="-0.1759550">
    <ele>20.6</ele>
    <time>2026-10-04T15:39:28Z</time>
   </trkpt>
   <trkpt lat="51.5021180" lon="-0.1760170">
    <ele>20.6</ele>
    <time>2026-10-04T15:39:29Z</time>
   </trkpt>
   <trkpt lat="51.5021200" lon="-0.1760850">
    <ele>20.6</ele>
    <time>2026-10-04T15:39:30Z</time>
   </trkpt>
   <trkpt lat="51.5021260" lon="-0.1761560">
    <ele>20.6</ele>
    <time>2026-10-04T15:39:31Z</time>
   </trkpt>
   <trkpt lat="51.5021190" lon="-0.1762150">
    <ele>20.6</ele>
    <time>2026-10-04T15:39:32Z</time>
   </trkpt>
   <trkpt lat="51.5021190" lon="-0.1762830">
    <ele>20.6</ele>
    <time>2026-10-04T15:39:33Z</time>
   </trkpt>
   <trkpt lat="51.5021190" lon="-0.1763480">
    <ele>20.6</ele>
    <time>2026-10-04T15:39:34Z</time>
   </trkpt>
   <trkpt lat="51.5021170" lon="-0.1764170">
    <ele>20.6</ele>
    <time>2026-10-04T15:39:35Z</time>
   </trkpt>
   <trkpt lat="51.5021030" lon="-0.1765420">
    <ele>20.6</ele>
    <time>2026-10-04T15:39:36Z</time>
   </trkpt>
   <trkpt lat="51.5021000" lon="-0.1766090">
    <ele>20.6</ele>
    <time>2026-10-04T15:39:37Z</time>
   </trkpt>
   <trkpt lat="51.5021030" lon="-0.1766660">
    <ele>20.6</ele>
    <time>2026-10-04T15:39:38Z</time>
   </trkpt>
   <trkpt lat="51.5020970" lon="-0.1767310">
    <ele>20.6</ele>
    <time>2026-10-04T15:39:39Z</time>
   </trkpt>
   <trkpt lat="51.5020840" lon="-0.1767980">
    <ele>20.5</ele>
    <time>2026-10-04T15:39:40Z</time>
   </trkpt>
   <trkpt lat="51.5020730" lon="-0.1768700">
    <ele>20.5</ele>
    <time>2026-10-04T15:39:41Z</time>
   </trkpt>
   <trkpt lat="51.5020730" lon="-0.1769480">
    <ele>20.5</ele>
    <time>2026-10-04T15:39:42Z</time>
   </trkpt>
   <trkpt lat="51.5020660" lon="-0.1770130">
    <ele>20.5</ele>
    <time>2026-10-04T15:39:43Z</time>
   </trkpt>
   <trkpt lat="51.5020820" lon="-0.1770890">
    <ele>20.5</ele>
    <time>2026-10-04T15:39:44Z</time>
   </trkpt>
   <trkpt lat="51.5020820" lon="-0.1771710">
    <ele>20.5</ele>
    <time>2026-10-04T15:39:45Z</time>
   </trkpt>
   <trkpt lat="51.5020750" lon="-0.1772490">
    <ele>20.4</ele>
    <time>2026-10-04T15:39:46Z</time>
   </trkpt>
   <trkpt lat="51.5020760" lon="-0.1773110">
    <ele>20.4</ele>
    <time>2026-10-04T15:39:47Z</time>
   </trkpt>
   <trkpt lat="51.5020670" lon="-0.1773690">
    <ele>20.4</ele>
    <time>2026-10-04T15:39:48Z</time>
   </trkpt>
   <trkpt lat="51.5020610" lon="-0.1774460">
    <ele>20.4</ele>
    <time>2026-10-04T15:39:49Z</time>
   </trkpt>
   <trkpt lat="51.5020540" lon="-0.1774980">
    <ele>20.4</ele>
    <time>2026-10-04T15:39:50Z</time>
   </trkpt>
   <trkpt lat="51.5020460" lon="-0.1775360">
    <ele>20.4</ele>
    <time>2026-10-04T15:39:51Z</time>
   </trkpt>
   <trkpt lat="51.5020430" lon="-0.1776090">
    <ele>20.4</ele>
    <time>2026-10-04T15:39:52Z</time>
   </trkpt>
   <trkpt lat="51.5020420" lon="-0.1776930">
    <ele>20.3</ele>
    <time>2026-10-04T15:39:53Z</time>
   </trkpt>
   <trkpt lat="51.5020320" lon="-0.1777510">
    <ele>20.3</ele>
    <time>2026-10-04T15:39:54Z</time>
   </trkpt>
   <trkpt lat="51.5020270" lon="-0.1778130">
    <ele>20.3</ele>
    <time>2026-10-04T15:39:55Z</time>
   </trkpt>
   <trkpt lat="51.5020270" lon="-0.1778820">
    <ele>20.3</ele>
    <time>2026-10-04T15:39:56Z</time>
   </trkpt>
   <trkpt lat="51.5020130" lon="-0.1779330">
    <ele>20.3</ele>
    <time>2026-10-04T15:39:57Z</time>
   </trkpt>
   <trkpt lat="51.5020090" lon="-0.1780000">
    <ele>20.2</ele>
    <time>2026-10-04T15:39:58Z</time>
   </trkpt>
   <trkpt lat="51.5020060" lon="-0.1780660">
    <ele>20.2</ele>
    <time>2026-10-04T15:39:59Z</time>
   </trkpt>
   <trkpt lat="51.5019970" lon="-0.1781340">
    <ele>20.2</ele>
    <time>2026-10-04T15:40:00Z</time>
   </trkpt>
   <trkpt lat="51.5019930" lon="-0.1782060">
    <ele>20.2</ele>
    <time>2026-10-04T15:40:01Z</time>
   </trkpt>
   <trkpt lat="51.5019890" lon="-0.1782730">
    <ele>20.1</ele>
    <time>2026-10-04T15:40:02Z</time>
   </trkpt>
   <trkpt lat="51.5019820" lon="-0.1783420">
    <ele>20.1</ele>
    <time>2026-10-04T15:40:03Z</time>
   </trkpt>
   <trkpt lat="51.5019750" lon="-0.1784080">
    <ele>20.0</ele>
    <time>2026-10-04T15:40:04Z</time>
   </trkpt>
   <trkpt lat="51.5019730" lon="-0.1784750">
    <ele>20.0</ele>
    <time>2026-10-04T15:40:05Z</time>
   </trkpt>
   <trkpt lat="51.5019680" lon="-0.1785400">
    <ele>19.9</ele>
    <time>2026-10-04T15:40:06Z</time>
   </trkpt>
   <trkpt lat="51.5019620" lon="-0.1786020">
    <ele>19.8</ele>
    <time>2026-10-04T15:40:07Z</time>
   </trkpt>
   <trkpt lat="51.5019560" lon="-0.1786570">
    <ele>19.7</ele>
    <time>2026-10-04T15:40:08Z</time>
   </trkpt>
   <trkpt lat="51.5019550" lon="-0.1787080">
    <ele>19.6</ele>
    <time>2026-10-04T15:40:09Z</time>
   </trkpt>
   <trkpt lat="51.5019530" lon="-0.1787670">
    <ele>19.5</ele>
    <time>2026-10-04T15:40:10Z</time>
   </trkpt>
   <trkpt lat="51.5019510" lon="-0.1788240">
    <ele>19.5</ele>
    <time>2026-10-04T15:40:11Z</time>
   </trkpt>
   <trkpt lat="51.5019460" lon="-0.1788880">
    <ele>19.3</ele>
    <time>2026-10-04T15:40:12Z</time>
   </trkpt>
   <trkpt lat="51.5019380" lon="-0.1789510">
    <ele>19.2</ele>
    <time>2026-10-04T15:40:13Z</time>
   </trkpt>
   <trkpt lat="51.5019330" lon="-0.1790190">
    <ele>19.1</ele>
    <time>2026-10-04T15:40:14Z</time>
   </trkpt>
   <trkpt lat="51.5019240" lon="-0.1790820">
    <ele>19.0</ele>
    <time>2026-10-04T15:40:15Z</time>
   </trkpt>
   <trkpt lat="51.5019180" lon="-0.1791440">
    <ele>18.8</ele>
    <time>2026-10-04T15:40:16Z</time>
   </trkpt>
   <trkpt lat="51.5019100" lon="-0.1792150">
    <ele>18.7</ele>
    <time>2026-10-04T15:40:17Z</time>
   </trkpt>
   <trkpt lat="51.5019030" lon="-0.1792830">
    <ele>18.5</ele>
    <time>2026-10-04T15:40:18Z</time>
   </trkpt>
   <trkpt lat="51.5018960" lon="-0.1793530">
    <ele>18.4</ele>
    <time>2026-10-04T15:40:19Z</time>
   </trkpt>
   <trkpt lat="51.5018830" lon="-0.1794230">
    <ele>18.3</ele>
    <time>2026-10-04T15:40:20Z</time>
   </trkpt>
   <trkpt lat="51.5018770" lon="-0.1794860">
    <ele>18.1</ele>
    <time>2026-10-04T15:40:21Z</time>
   </trkpt>
   <trkpt lat="51.5018760" lon="-0.1795530">
    <ele>18.0</ele>
    <time>2026-10-04T15:40:22Z</time>
   </trkpt>
   <trkpt lat="51.5018660" lon="-0.1796210">
    <ele>17.8</ele>
    <time>2026-10-04T15:40:23Z</time>
   </trkpt>
   <trkpt lat="51.5018600" lon="-0.1796660">
    <ele>17.7</ele>
    <time>2026-10-04T15:40:24Z</time>
   </trkpt>
   <trkpt lat="51.5018630" lon="-0.1797200">
    <ele>17.6</ele>
    <time>2026-10-04T15:40:25Z</time>
   </trkpt>
   <trkpt lat="51.5018620" lon="-0.1797720">
    <ele>17.5</ele>
    <time>2026-10-04T15:40:26Z</time>
   </trkpt>
   <trkpt lat="51.5018580" lon="-0.1798190">
    <ele>17.4</ele>
    <time>2026-10-04T15:40:27Z</time>
   </trkpt>
   <trkpt lat="51.5018570" lon="-0.1798650">
    <ele>17.3</ele>
    <time>2026-10-04T15:40:28Z</time>
   </trkpt>
   <trkpt lat="51.5018560" lon="-0.1799070">
    <ele>17.2</ele>
    <time>2026-10-04T15:40:29Z</time>
   </trkpt>
   <trkpt lat="51.5018500" lon="-0.1799340">
    <ele>17.1</ele>
    <time>2026-10-04T15:40:30Z</time>
   </trkpt>
   <trkpt lat="51.5018420" lon="-0.1799760">
    <ele>17.1</ele>
    <time>2026-10-04T15:40:31Z</time>
   </trkpt>
   <trkpt lat="51.5018400" lon="-0.1800260">
    <ele>17.0</ele>
    <time>2026-10-04T15:40:32Z</time>
   </trkpt>
   <trkpt lat="51.5018380" lon="-0.1800760">
    <ele>16.9</ele>
    <time>2026-10-04T15:40:33Z</time>
   </trkpt>
   <trkpt lat="51.5018290" lon="-0.1801080">
    <ele>16.8</ele>
    <time>2026-10-04T15:40:34Z</time>
   </trkpt>
   <trkpt lat="51.5018170" lon="-0.1801350">
    <ele>16.8</ele>
    <time>2026-10-04T15:40:35Z</time>
   </trkpt>
   <trkpt lat="51.5017920" lon="-0.1801710">
    <ele>16.7</ele>
    <time>2026-10-04T15:40:36Z</time>
   </trkpt>
   <trkpt lat="51.5017720" lon="-0.1801920">
    <ele>16.7</ele>
    <time>2026-10-04T15:40:37Z</time>
   </trkpt>
   <trkpt lat="51.5017520" lon="-0.1801990">
    <ele>16.6</ele>
    <time>2026-10-04T15:40:38Z</time>
   </trkpt>
   <trkpt lat="51.5017210" lon="-0.1801990">
    <ele>16.6</ele>
    <time>2026-10-04T15:40:39Z</time>
   </trkpt>
   <trkpt lat="51.5017000" lon="-0.1802220">
    <ele>16.5</ele>
    <time>2026-10-04T15:40:40Z</time>
   </trkpt>
   <trkpt lat="51.5016760" lon="-0.1802260">
    <ele>16.4</ele>
    <time>2026-10-04T15:40:41Z</time>
   </trkpt>
   <trkpt lat="51.5016510" lon="-0.1802200">
    <ele>16.4</ele>
    <time>2026-10-04T15:40:42Z</time>
   </trkpt>
   <trkpt lat="51.5016300" lon="-0.1802150">
    <ele>16.4</ele>
    <time>2026-10-04T15:40:43Z</time>
   </trkpt>
   <trkpt lat="51.5016110" lon="-0.1802210">
    <ele>16.4</ele>
    <time>2026-10-04T15:40:44Z</time>
   </trkpt>
   <trkpt lat="51.5015930" lon="-0.1802120">
    <ele>16.3</ele>
    <time>2026-10-04T15:40:45Z</time>
   </trkpt>
   <trkpt lat="51.5015930" lon="-0.1801990">
    <ele>16.3</ele>
    <time>2026-10-04T15:40:46Z</time>
   </trkpt>
   <trkpt lat="51.5015830" lon="-0.1801880">
    <ele>16.3</ele>
    <time>2026-10-04T15:40:47Z</time>
   </trkpt>
   <trkpt lat="51.5015820" lon="-0.1801900">
    <ele>16.3</ele>
    <time>2026-10-04T15:40:48Z</time>
   </trkpt>
   <trkpt lat="51.5015710" lon="-0.1801860">
    <ele>16.3</ele>
    <time>2026-10-04T15:40:49Z</time>
   </trkpt>
   <trkpt lat="51.5015640" lon="-0.1801660">
    <ele>16.3</ele>
    <time>2026-10-04T15:40:50Z</time>
   </trkpt>
   <trkpt lat="51.5015660" lon="-0.1801640">
    <ele>16.3</ele>
    <time>2026-10-04T15:40:51Z</time>
   </trkpt>
   <trkpt lat="51.5015670" lon="-0.1801680">
    <ele>16.3</ele>
    <time>2026-10-04T15:40:52Z</time>
   </trkpt>
   <trkpt lat="51.5015360" lon="-0.1801890">
    <ele>16.2</ele>
    <time>2026-10-04T15:40:53Z</time>
   </trkpt>
   <trkpt lat="51.5015530" lon="-0.1801900">
    <ele>16.2</ele>
    <time>2026-10-04T15:40:54Z</time>
   </trkpt>
   <trkpt lat="51.5015380" lon="-0.1801830">
    <ele>16.1</ele>
    <time>2026-10-04T15:40:55Z</time>
   </trkpt>
   <trkpt lat="51.5015400" lon="-0.1801880">
    <ele>16.1</ele>
    <time>2026-10-04T15:40:56Z</time>
   </trkpt>
   <trkpt lat="51.5015340" lon="-0.1801760">
    <ele>16.1</ele>
    <time>2026-10-04T15:40:57Z</time>
   </trkpt>
   <trkpt lat="51.5015420" lon="-0.1801820">
    <ele>16.1</ele>
    <time>2026-10-04T15:40:58Z</time>
   </trkpt>
   <trkpt lat="51.5015420" lon="-0.1801830">
    <ele>16.1</ele>
    <time>2026-10-04T15:40:59Z</time>
   </trkpt>
   <trkpt lat="51.5015430" lon="-0.1801800">
    <ele>16.1</ele>
    <time>2026-10-04T15:41:00Z</time>
   </trkpt>
   <trkpt lat="51.5015460" lon="-0.1801690">
    <ele>16.0</ele>
    <time>2026-10-04T15:41:01Z</time>
   </trkpt>
   <trkpt lat="51.5015450" lon="-0.1801660">
    <ele>16.0</ele>
    <time>2026-10-04T15:41:02Z</time>
   </trkpt>
   <trkpt lat="51.5015450" lon="-0.1801660">
    <ele>16.0</ele>
    <time>2026-10-04T15:41:03Z</time>
   </trkpt>
   <trkpt lat="51.5015450" lon="-0.1801660">
    <ele>16.0</ele>
    <time>2026-10-04T15:41:04Z</time>
   </trkpt>
   <trkpt lat="51.5014810" lon="-0.1801950">
    <ele>15.9</ele>
    <time>2026-10-04T15:41:10Z</time>
   </trkpt>
   <trkpt lat="51.5014730" lon="-0.1802050">
    <ele>15.8</ele>
    <time>2026-10-04T15:41:11Z</time>
   </trkpt>
   <trkpt lat="51.5014580" lon="-0.1802050">
    <ele>15.8</ele>
    <time>2026-10-04T15:41:12Z</time>
   </trkpt>
   <trkpt lat="51.5014400" lon="-0.1801990">
    <ele>15.8</ele>
    <time>2026-10-04T15:41:13Z</time>
   </trkpt>
   <trkpt lat="51.5014180" lon="-0.1802090">
    <ele>15.7</ele>
    <time>2026-10-04T15:41:14Z</time>
   </trkpt>
   <trkpt lat="51.5014030" lon="-0.1802180">
    <ele>15.7</ele>
    <time>2026-10-04T15:41:15Z</time>
   </trkpt>
   <trkpt lat="51.5013920" lon="-0.1802190">
    <ele>15.7</ele>
    <time>2026-10-04T15:41:16Z</time>
   </trkpt>
   <trkpt lat="51.5013820" lon="-0.1802310">
    <ele>15.7</ele>
    <time>2026-10-04T15:41:17Z</time>
   </trkpt>
   <trkpt lat="51.5013710" lon="-0.1802530">
    <ele>15.7</ele>
    <time>2026-10-04T15:41:18Z</time>
   </trkpt>
   <trkpt lat="51.5013670" lon="-0.1802570">
    <ele>15.7</ele>
    <time>2026-10-04T15:41:19Z</time>
   </trkpt>
   <trkpt lat="51.5013750" lon="-0.1802560">
    <ele>15.7</ele>
    <time>2026-10-04T15:41:20Z</time>
   </trkpt>
   <trkpt lat="51.5013890" lon="-0.1802720">
    <ele>15.6</ele>
    <time>2026-10-04T15:41:21Z</time>
   </trkpt>
   <trkpt lat="51.5013840" lon="-0.1802670">
    <ele>15.6</ele>
    <time>2026-10-04T15:41:22Z</time>
   </trkpt>
   <trkpt lat="51.5013800" lon="-0.1802690">
    <ele>15.6</ele>
    <time>2026-10-04T15:41:23Z</time>
   </trkpt>
   <trkpt lat="51.5013760" lon="-0.1802910">
    <ele>15.6</ele>
    <time>2026-10-04T15:41:24Z</time>
   </trkpt>
   <trkpt lat="51.5013720" lon="-0.1803180">
    <ele>15.6</ele>
    <time>2026-10-04T15:41:25Z</time>
   </trkpt>
   <trkpt lat="51.5013680" lon="-0.1803500">
    <ele>15.6</ele>
    <time>2026-10-04T15:41:26Z</time>
   </trkpt>
   <trkpt lat="51.5013670" lon="-0.1803880">
    <ele>15.5</ele>
    <time>2026-10-04T15:41:28Z</time>
   </trkpt>
   <trkpt lat="51.5013570" lon="-0.1804300">
    <ele>15.5</ele>
    <time>2026-10-04T15:41:29Z</time>
   </trkpt>
   <trkpt lat="51.5013710" lon="-0.1805000">
    <ele>15.5</ele>
    <time>2026-10-04T15:41:30Z</time>
   </trkpt>
   <trkpt lat="51.5013720" lon="-0.1805590">
    <ele>15.4</ele>
    <time>2026-10-04T15:41:31Z</time>
   </trkpt>
   <trkpt lat="51.5013770" lon="-0.1806270">
    <ele>15.4</ele>
    <time>2026-10-04T15:41:32Z</time>
   </trkpt>
   <trkpt lat="51.5013790" lon="-0.1806870">
    <ele>15.3</ele>
    <time>2026-10-04T15:41:33Z</time>
   </trkpt>
   <trkpt lat="51.5013710" lon="-0.1807610">
    <ele>15.3</ele>
    <time>2026-10-04T15:41:34Z</time>
   </trkpt>
   <trkpt lat="51.5013590" lon="-0.1808160">
    <ele>15.2</ele>
    <time>2026-10-04T15:41:35Z</time>
   </trkpt>
   <trkpt lat="51.5013630" lon="-0.1808820">
    <ele>15.2</ele>
    <time>2026-10-04T15:41:36Z</time>
   </trkpt>
   <trkpt lat="51.5013770" lon="-0.1809490">
    <ele>15.1</ele>
    <time>2026-10-04T15:41:37Z</time>
   </trkpt>
   <trkpt lat="51.5013860" lon="-0.1810220">
    <ele>15.1</ele>
    <time>2026-10-04T15:41:38Z</time>
   </trkpt>
   <trkpt lat="51.5013970" lon="-0.1810940">
    <ele>15.0</ele>
    <time>2026-10-04T15:41:39Z</time>
   </trkpt>
   <trkpt lat="51.5013920" lon="-0.1811640">
    <ele>14.9</ele>
    <time>2026-10-04T15:41:40Z</time>
   </trkpt>
   <trkpt lat="51.5013920" lon="-0.1812460">
    <ele>14.9</ele>
    <time>2026-10-04T15:41:41Z</time>
   </trkpt>
   <trkpt lat="51.5013860" lon="-0.1813240">
    <ele>14.8</ele>
    <time>2026-10-04T15:41:42Z</time>
   </trkpt>
   <trkpt lat="51.5014020" lon="-0.1814680">
    <ele>14.8</ele>
    <time>2026-10-04T15:41:43Z</time>
   </trkpt>
   <trkpt lat="51.5014030" lon="-0.1815460">
    <ele>14.7</ele>
    <time>2026-10-04T15:41:44Z</time>
   </trkpt>
   <trkpt lat="51.5014080" lon="-0.1816100">
    <ele>14.7</ele>
    <time>2026-10-04T15:41:45Z</time>
   </trkpt>
   <trkpt lat="51.5014090" lon="-0.1816890">
    <ele>14.7</ele>
    <time>2026-10-04T15:41:46Z</time>
   </trkpt>
   <trkpt lat="51.5014100" lon="-0.1817800">
    <ele>14.6</ele>
    <time>2026-10-04T15:41:47Z</time>
   </trkpt>
   <trkpt lat="51.5014010" lon="-0.1818640">
    <ele>14.6</ele>
    <time>2026-10-04T15:41:48Z</time>
   </trkpt>
   <trkpt lat="51.5014050" lon="-0.1819470">
    <ele>14.6</ele>
    <time>2026-10-04T15:41:49Z</time>
   </trkpt>
   <trkpt lat="51.5014130" lon="-0.1820320">
    <ele>14.6</ele>
    <time>2026-10-04T15:41:50Z</time>
   </trkpt>
   <trkpt lat="51.5014200" lon="-0.1821190">
    <ele>14.5</ele>
    <time>2026-10-04T15:41:51Z</time>
   </trkpt>
   <trkpt lat="51.5014280" lon="-0.1822040">
    <ele>14.5</ele>
    <time>2026-10-04T15:41:52Z</time>
   </trkpt>
   <trkpt lat="51.5014390" lon="-0.1822880">
    <ele>14.5</ele>
    <time>2026-10-04T15:41:53Z</time>
   </trkpt>
   <trkpt lat="51.5014580" lon="-0.1823710">
    <ele>14.5</ele>
    <time>2026-10-04T15:41:54Z</time>
   </trkpt>
   <trkpt lat="51.5014580" lon="-0.1824620">
    <ele>14.5</ele>
    <time>2026-10-04T15:41:55Z</time>
   </trkpt>
   <trkpt lat="51.5014590" lon="-0.1825300">
    <ele>14.5</ele>
    <time>2026-10-04T15:41:56Z</time>
   </trkpt>
   <trkpt lat="51.5014590" lon="-0.1825980">
    <ele>14.5</ele>
    <time>2026-10-04T15:41:57Z</time>
   </trkpt>
   <trkpt lat="51.5014760" lon="-0.1826170">
    <ele>14.5</ele>
    <time>2026-10-04T15:41:58Z</time>
   </trkpt>
   <trkpt lat="51.5014900" lon="-0.1827290">
    <ele>14.5</ele>
    <time>2026-10-04T15:41:59Z</time>
   </trkpt>
   <trkpt lat="51.5015040" lon="-0.1827710">
    <ele>14.5</ele>
    <time>2026-10-04T15:42:00Z</time>
   </trkpt>
   <trkpt lat="51.5014900" lon="-0.1828710">
    <ele>14.5</ele>
    <time>2026-10-04T15:42:01Z</time>
   </trkpt>
   <trkpt lat="51.5015100" lon="-0.1829010">
    <ele>14.5</ele>
    <time>2026-10-04T15:42:02Z</time>
   </trkpt>
   <trkpt lat="51.5015350" lon="-0.1830160">
    <ele>14.5</ele>
    <time>2026-10-04T15:42:03Z</time>
   </trkpt>
   <trkpt lat="51.5015400" lon="-0.1830440">
    <ele>14.5</ele>
    <time>2026-10-04T15:42:04Z</time>
   </trkpt>
   <trkpt lat="51.5015580" lon="-0.1832770">
    <ele>14.5</ele>
    <time>2026-10-04T15:42:05Z</time>
   </trkpt>
   <trkpt lat="51.5015610" lon="-0.1833530">
    <ele>14.5</ele>
    <time>2026-10-04T15:42:06Z</time>
   </trkpt>
   <trkpt lat="51.5015730" lon="-0.1834290">
    <ele>14.5</ele>
    <time>2026-10-04T15:42:07Z</time>
   </trkpt>
   <trkpt lat="51.5015920" lon="-0.1835150">
    <ele>14.5</ele>
    <time>2026-10-04T15:42:08Z</time>
   </trkpt>
   <trkpt lat="51.5016090" lon="-0.1835970">
    <ele>14.5</ele>
    <time>2026-10-04T15:42:09Z</time>
   </trkpt>
   <trkpt lat="51.5016330" lon="-0.1836760">
    <ele>14.5</ele>
    <time>2026-10-04T15:42:10Z</time>
   </trkpt>
   <trkpt lat="51.5016520" lon="-0.1837530">
    <ele>14.5</ele>
    <time>2026-10-04T15:42:11Z</time>
   </trkpt>
   <trkpt lat="51.5016680" lon="-0.1838210">
    <ele>14.5</ele>
    <time>2026-10-04T15:42:12Z</time>
   </trkpt>
   <trkpt lat="51.5016850" lon="-0.1838930">
    <ele>14.5</ele>
    <time>2026-10-04T15:42:13Z</time>
   </trkpt>
   <trkpt lat="51.5016980" lon="-0.1839890">
    <ele>14.5</ele>
    <time>2026-10-04T15:42:14Z</time>
   </trkpt>
   <trkpt lat="51.5017110" lon="-0.1840750">
    <ele>14.5</ele>
    <time>2026-10-04T15:42:15Z</time>
   </trkpt>
   <trkpt lat="51.5017290" lon="-0.1841500">
    <ele>14.5</ele>
    <time>2026-10-04T15:42:16Z</time>
   </trkpt>
   <trkpt lat="51.5017530" lon="-0.1842130">
    <ele>14.5</ele>
    <time>2026-10-04T15:42:17Z</time>
   </trkpt>
   <trkpt lat="51.5017760" lon="-0.1842820">
    <ele>14.5</ele>
    <time>2026-10-04T15:42:18Z</time>
   </trkpt>
   <trkpt lat="51.5018010" lon="-0.1843610">
    <ele>14.6</ele>
    <time>2026-10-04T15:42:19Z</time>
   </trkpt>
   <trkpt lat="51.5018200" lon="-0.1844410">
    <ele>14.6</ele>
    <time>2026-10-04T15:42:20Z</time>
   </trkpt>
   <trkpt lat="51.5018300" lon="-0.1845120">
    <ele>14.6</ele>
    <time>2026-10-04T15:42:21Z</time>
   </trkpt>
   <trkpt lat="51.5018390" lon="-0.1845790">
    <ele>14.7</ele>
    <time>2026-10-04T15:42:22Z</time>
   </trkpt>
   <trkpt lat="51.5018440" lon="-0.1846550">
    <ele>14.7</ele>
    <time>2026-10-04T15:42:23Z</time>
   </trkpt>
   <trkpt lat="51.5018530" lon="-0.1847160">
    <ele>14.7</ele>
    <time>2026-10-04T15:42:24Z</time>
   </trkpt>
   <trkpt lat="51.5018630" lon="-0.1848040">
    <ele>14.8</ele>
    <time>2026-10-04T15:42:25Z</time>
   </trkpt>
   <trkpt lat="51.5018770" lon="-0.1848690">
    <ele>14.8</ele>
    <time>2026-10-04T15:42:26Z</time>
   </trkpt>
   <trkpt lat="51.5019030" lon="-0.1849720">
    <ele>14.8</ele>
    <time>2026-10-04T15:42:27Z</time>
   </trkpt>
   <trkpt lat="51.5018820" lon="-0.1850070">
    <ele>14.9</ele>
    <time>2026-10-04T15:42:28Z</time>
   </trkpt>
   <trkpt lat="51.5018940" lon="-0.1851010">
    <ele>14.9</ele>
    <time>2026-10-04T15:42:29Z</time>
   </trkpt>
   <trkpt lat="51.5019270" lon="-0.1851830">
    <ele>14.9</ele>
    <time>2026-10-04T15:42:30Z</time>
   </trkpt>
   <trkpt lat="51.5019590" lon="-0.1852590">
    <ele>15.0</ele>
    <time>2026-10-04T15:42:31Z</time>
   </trkpt>
   <trkpt lat="51.5019670" lon="-0.1853310">
    <ele>15.0</ele>
    <time>2026-10-04T15:42:32Z</time>
   </trkpt>
   <trkpt lat="51.5019780" lon="-0.1854010">
    <ele>15.0</ele>
    <time>2026-10-04T15:42:33Z</time>
   </trkpt>
   <trkpt lat="51.5019790" lon="-0.1854390">
    <ele>15.1</ele>
    <time>2026-10-04T15:42:34Z</time>
   </trkpt>
   <trkpt lat="51.5019790" lon="-0.1854770">
    <ele>15.1</ele>
    <time>2026-10-04T15:42:35Z</time>
   </trkpt>
   <trkpt lat="51.5019700" lon="-0.1854840">
    <ele>15.1</ele>
    <time>2026-10-04T15:42:36Z</time>
   </trkpt>
   <trkpt lat="51.5019590" lon="-0.1855340">
    <ele>15.1</ele>
    <time>2026-10-04T15:42:37Z</time>
   </trkpt>
   <trkpt lat="51.5019750" lon="-0.1855640">
    <ele>15.1</ele>
    <time>2026-10-04T15:42:38Z</time>
   </trkpt>
   <trkpt lat="51.5019620" lon="-0.1856360">
    <ele>15.2</ele>
    <time>2026-10-04T15:42:39Z</time>
   </trkpt>
   <trkpt lat="51.5019880" lon="-0.1856720">
    <ele>15.2</ele>
    <time>2026-10-04T15:42:40Z</time>
   </trkpt>
   <trkpt lat="51.5020130" lon="-0.1857070">
    <ele>15.2</ele>
    <time>2026-10-04T15:42:41Z</time>
   </trkpt>
   <trkpt lat="51.5020390" lon="-0.1857430">
    <ele>15.2</ele>
    <time>2026-10-04T15:42:42Z</time>
   </trkpt>
   <trkpt lat="51.5020640" lon="-0.1858030">
    <ele>15.3</ele>
    <time>2026-10-04T15:42:43Z</time>
   </trkpt>
   <trkpt lat="51.5020900" lon="-0.1859150">
    <ele>15.4</ele>
    <time>2026-10-04T15:42:44Z</time>
   </trkpt>
   <trkpt lat="51.5020830" lon="-0.1859440">
    <ele>15.4</ele>
    <time>2026-10-04T15:42:45Z</time>
   </trkpt>
   <trkpt lat="51.5021510" lon="-0.1864050">
    <ele>15.5</ele>
    <time>2026-10-04T15:42:46Z</time>
   </trkpt>
   <trkpt lat="51.5021640" lon="-0.1864690">
    <ele>15.5</ele>
    <time>2026-10-04T15:42:47Z</time>
   </trkpt>
   <trkpt lat="51.5021760" lon="-0.1865410">
    <ele>15.5</ele>
    <time>2026-10-04T15:42:48Z</time>
   </trkpt>
   <trkpt lat="51.5021790" lon="-0.1866240">
    <ele>15.6</ele>
    <time>2026-10-04T15:42:49Z</time>
   </trkpt>
   <trkpt lat="51.5021790" lon="-0.1866970">
    <ele>15.6</ele>
    <time>2026-10-04T15:42:50Z</time>
   </trkpt>
   <trkpt lat="51.5021920" lon="-0.1867650">
    <ele>15.6</ele>
    <time>2026-10-04T15:42:51Z</time>
   </trkpt>
   <trkpt lat="51.5022090" lon="-0.1868410">
    <ele>15.6</ele>
    <time>2026-10-04T15:42:52Z</time>
   </trkpt>
   <trkpt lat="51.5022220" lon="-0.1869110">
    <ele>15.7</ele>
    <time>2026-10-04T15:42:53Z</time>
   </trkpt>
   <trkpt lat="51.5022310" lon="-0.1869790">
    <ele>15.7</ele>
    <time>2026-10-04T15:42:54Z</time>
   </trkpt>
   <trkpt lat="51.5022370" lon="-0.1870450">
    <ele>15.7</ele>
    <time>2026-10-04T15:42:55Z</time>
   </trkpt>
   <trkpt lat="51.5022480" lon="-0.1871090">
    <ele>15.8</ele>
    <time>2026-10-04T15:42:56Z</time>
   </trkpt>
   <trkpt lat="51.5022610" lon="-0.1871750">
    <ele>15.8</ele>
    <time>2026-10-04T15:42:57Z</time>
   </trkpt>
   <trkpt lat="51.5022690" lon="-0.1872420">
    <ele>15.9</ele>
    <time>2026-10-04T15:42:58Z</time>
   </trkpt>
   <trkpt lat="51.5022740" lon="-0.1873300">
    <ele>15.9</ele>
    <time>2026-10-04T15:42:59Z</time>
   </trkpt>
   <trkpt lat="51.5022870" lon="-0.1874000">
    <ele>15.9</ele>
    <time>2026-10-04T15:43:00Z</time>
   </trkpt>
   <trkpt lat="51.5022930" lon="-0.1874660">
    <ele>16.0</ele>
    <time>2026-10-04T15:43:01Z</time>
   </trkpt>
   <trkpt lat="51.5023060" lon="-0.1875310">
    <ele>16.0</ele>
    <time>2026-10-04T15:43:02Z</time>
   </trkpt>
   <trkpt lat="51.5023050" lon="-0.1875640">
    <ele>16.0</ele>
    <time>2026-10-04T15:43:03Z</time>
   </trkpt>
   <trkpt lat="51.5023060" lon="-0.1876280">
    <ele>16.0</ele>
    <time>2026-10-04T15:43:04Z</time>
   </trkpt>
   <trkpt lat="51.5023250" lon="-0.1876900">
    <ele>16.0</ele>
    <time>2026-10-04T15:43:05Z</time>
   </trkpt>
   <trkpt lat="51.5023430" lon="-0.1877410">
    <ele>16.0</ele>
    <time>2026-10-04T15:43:06Z</time>
   </trkpt>
   <trkpt lat="51.5023350" lon="-0.1878070">
    <ele>15.9</ele>
    <time>2026-10-04T15:43:07Z</time>
   </trkpt>
   <trkpt lat="51.5023370" lon="-0.1878680">
    <ele>15.9</ele>
    <time>2026-10-04T15:43:08Z</time>
   </trkpt>
   <trkpt lat="51.5022890" lon="-0.1879110">
    <ele>15.9</ele>
    <time>2026-10-04T15:43:09Z</time>
   </trkpt>
   <trkpt lat="51.5023110" lon="-0.1879680">
    <ele>15.9</ele>
    <time>2026-10-04T15:43:10Z</time>
   </trkpt>
   <trkpt lat="51.5023180" lon="-0.1880210">
    <ele>15.9</ele>
    <time>2026-10-04T15:43:11Z</time>
   </trkpt>
   <trkpt lat="51.5023270" lon="-0.1880790">
    <ele>15.9</ele>
    <time>2026-10-04T15:43:12Z</time>
   </trkpt>
   <trkpt lat="51.5023570" lon="-0.1881300">
    <ele>15.8</ele>
    <time>2026-10-04T15:43:13Z</time>
   </trkpt>
   <trkpt lat="51.5023810" lon="-0.1881960">
    <ele>15.8</ele>
    <time>2026-10-04T15:43:14Z</time>
   </trkpt>
   <trkpt lat="51.5023680" lon="-0.1882690">
    <ele>15.8</ele>
    <time>2026-10-04T15:43:15Z</time>
   </trkpt>
   <trkpt lat="51.5023680" lon="-0.1883190">
    <ele>15.8</ele>
    <time>2026-10-04T15:43:16Z</time>
   </trkpt>
   <trkpt lat="51.5023690" lon="-0.1883910">
    <ele>15.8</ele>
    <time>2026-10-04T15:43:17Z</time>
   </trkpt>
   <trkpt lat="51.5023560" lon="-0.1884700">
    <ele>15.8</ele>
    <time>2026-10-04T15:43:18Z</time>
   </trkpt>
   <trkpt lat="51.5023540" lon="-0.1885500">
    <ele>15.8</ele>
    <time>2026-10-04T15:43:19Z</time>
   </trkpt>
   <trkpt lat="51.5023720" lon="-0.1885390">
    <ele>15.8</ele>
    <time>2026-10-04T15:43:20Z</time>
   </trkpt>
   <trkpt lat="51.5023950" lon="-0.1885770">
    <ele>15.8</ele>
    <time>2026-10-04T15:43:21Z</time>
   </trkpt>
   <trkpt lat="51.5023770" lon="-0.1886020">
    <ele>15.8</ele>
    <time>2026-10-04T15:43:22Z</time>
   </trkpt>
   <trkpt lat="51.5023630" lon="-0.1886740">
    <ele>15.7</ele>
    <time>2026-10-04T15:43:23Z</time>
   </trkpt>
   <trkpt lat="51.5023580" lon="-0.1886780">
    <ele>15.7</ele>
    <time>2026-10-04T15:43:24Z</time>
   </trkpt>
   <trkpt lat="51.5023520" lon="-0.1887290">
    <ele>15.7</ele>
    <time>2026-10-04T15:43:25Z</time>
   </trkpt>
   <trkpt lat="51.5023590" lon="-0.1887410">
    <ele>15.7</ele>
    <time>2026-10-04T15:43:26Z</time>
   </trkpt>
   <trkpt lat="51.5023460" lon="-0.1887840">
    <ele>15.7</ele>
    <time>2026-10-04T15:43:27Z</time>
   </trkpt>
   <trkpt lat="51.5023400" lon="-0.1888420">
    <ele>15.7</ele>
    <time>2026-10-04T15:43:28Z</time>
   </trkpt>
   <trkpt lat="51.5023300" lon="-0.1888990">
    <ele>15.7</ele>
    <time>2026-10-04T15:43:29Z</time>
   </trkpt>
   <trkpt lat="51.5023160" lon="-0.1889500">
    <ele>15.7</ele>
    <time>2026-10-04T15:43:30Z</time>
   </trkpt>
   <trkpt lat="51.5022980" lon="-0.1889920">
    <ele>15.6</ele>
    <time>2026-10-04T15:43:31Z</time>
   </trkpt>
   <trkpt lat="51.5022720" lon="-0.1890410">
    <ele>15.6</ele>
    <time>2026-10-04T15:43:32Z</time>
   </trkpt>
   <trkpt lat="51.5022670" lon="-0.1890970">
    <ele>15.6</ele>
    <time>2026-10-04T15:43:33Z</time>
   </trkpt>
   <trkpt lat="51.5022620" lon="-0.1891190">
    <ele>15.6</ele>
    <time>2026-10-04T15:43:34Z</time>
   </trkpt>
   <trkpt lat="51.5022770" lon="-0.1891710">
    <ele>15.6</ele>
    <time>2026-10-04T15:43:35Z</time>
   </trkpt>
   <trkpt lat="51.5022680" lon="-0.1892250">
    <ele>15.6</ele>
    <time>2026-10-04T15:43:36Z</time>
   </trkpt>
   <trkpt lat="51.5022700" lon="-0.1892890">
    <ele>15.6</ele>
    <time>2026-10-04T15:43:37Z</time>
   </trkpt>
   <trkpt lat="51.5022760" lon="-0.1893260">
    <ele>15.6</ele>
    <time>2026-10-04T15:43:38Z</time>
   </trkpt>
   <trkpt lat="51.5022920" lon="-0.1893680">
    <ele>15.5</ele>
    <time>2026-10-04T15:43:39Z</time>
   </trkpt>
   <trkpt lat="51.5023110" lon="-0.1894430">
    <ele>15.5</ele>
    <time>2026-10-04T15:43:40Z</time>
   </trkpt>
   <trkpt lat="51.5022900" lon="-0.1895180">
    <ele>15.5</ele>
    <time>2026-10-04T15:43:41Z</time>
   </trkpt>
   <trkpt lat="51.5022620" lon="-0.1895880">
    <ele>15.5</ele>
    <time>2026-10-04T15:43:42Z</time>
   </trkpt>
   <trkpt lat="51.5022250" lon="-0.1896460">
    <ele>15.4</ele>
    <time>2026-10-04T15:43:43Z</time>
   </trkpt>
   <trkpt lat="51.5022030" lon="-0.1897040">
    <ele>15.4</ele>
    <time>2026-10-04T15:43:44Z</time>
   </trkpt>
   <trkpt lat="51.5021490" lon="-0.1897240">
    <ele>15.4</ele>
    <time>2026-10-04T15:43:45Z</time>
   </trkpt>
   <trkpt lat="51.5021370" lon="-0.1897940">
    <ele>15.4</ele>
    <time>2026-10-04T15:43:46Z</time>
   </trkpt>
   <trkpt lat="51.5021340" lon="-0.1898630">
    <ele>15.4</ele>
    <time>2026-10-04T15:43:47Z</time>
   </trkpt>
   <trkpt lat="51.5021460" lon="-0.1899260">
    <ele>15.4</ele>
    <time>2026-10-04T15:43:48Z</time>
   </trkpt>
   <trkpt lat="51.5021480" lon="-0.1899870">
    <ele>15.4</ele>
    <time>2026-10-04T15:43:49Z</time>
   </trkpt>
   <trkpt lat="51.5021410" lon="-0.1900310">
    <ele>15.4</ele>
    <time>2026-10-04T15:43:50Z</time>
   </trkpt>
   <trkpt lat="51.5021190" lon="-0.1900410">
    <ele>15.4</ele>
    <time>2026-10-04T15:43:51Z</time>
   </trkpt>
   <trkpt lat="51.5021050" lon="-0.1900620">
    <ele>15.3</ele>
    <time>2026-10-04T15:43:52Z</time>
   </trkpt>
   <trkpt lat="51.5020830" lon="-0.1900660">
    <ele>15.3</ele>
    <time>2026-10-04T15:43:53Z</time>
   </trkpt>
   <trkpt lat="51.5020760" lon="-0.1900970">
    <ele>15.3</ele>
    <time>2026-10-04T15:43:54Z</time>
   </trkpt>
   <trkpt lat="51.5020700" lon="-0.1901110">
    <ele>15.3</ele>
    <time>2026-10-04T15:43:55Z</time>
   </trkpt>
   <trkpt lat="51.5020560" lon="-0.1901140">
    <ele>15.3</ele>
    <time>2026-10-04T15:43:56Z</time>
   </trkpt>
   <trkpt lat="51.5020470" lon="-0.1901200">
    <ele>15.3</ele>
    <time>2026-10-04T15:43:57Z</time>
   </trkpt>
   <trkpt lat="51.5020410" lon="-0.1901400">
    <ele>15.3</ele>
    <time>2026-10-04T15:43:58Z</time>
   </trkpt>
   <trkpt lat="51.5020360" lon="-0.1901500">
    <ele>15.3</ele>
    <time>2026-10-04T15:43:59Z</time>
   </trkpt>
   <trkpt lat="51.5020420" lon="-0.1901590">
    <ele>15.3</ele>
    <time>2026-10-04T15:44:00Z</time>
   </trkpt>
   <trkpt lat="51.5020440" lon="-0.1901730">
    <ele>15.3</ele>
    <time>2026-10-04T15:44:01Z</time>
   </trkpt>
   <trkpt lat="51.5020330" lon="-0.1901950">
    <ele>15.3</ele>
    <time>2026-10-04T15:44:02Z</time>
   </trkpt>
   <trkpt lat="51.5020410" lon="-0.1902080">
    <ele>15.3</ele>
    <time>2026-10-04T15:44:03Z</time>
   </trkpt>
   <trkpt lat="51.5020580" lon="-0.1902290">
    <ele>15.3</ele>
    <time>2026-10-04T15:44:04Z</time>
   </trkpt>
   <trkpt lat="51.5020540" lon="-0.1902470">
    <ele>15.3</ele>
    <time>2026-10-04T15:44:05Z</time>
   </trkpt>
   <trkpt lat="51.5020560" lon="-0.1902600">
    <ele>15.3</ele>
    <time>2026-10-04T15:44:06Z</time>
   </trkpt>
   <trkpt lat="51.5020500" lon="-0.1902820">
    <ele>15.3</ele>
    <time>2026-10-04T15:44:07Z</time>
   </trkpt>
   <trkpt lat="51.5020470" lon="-0.1902970">
    <ele>15.3</ele>
    <time>2026-10-04T15:44:08Z</time>
   </trkpt>
   <trkpt lat="51.5020700" lon="-0.1903230">
    <ele>15.3</ele>
    <time>2026-10-04T15:44:09Z</time>
   </trkpt>
   <trkpt lat="51.5021060" lon="-0.1903590">
    <ele>15.3</ele>
    <time>2026-10-04T15:44:10Z</time>
   </trkpt>
   <trkpt lat="51.5021160" lon="-0.1903870">
    <ele>15.3</ele>
    <time>2026-10-04T15:44:11Z</time>
   </trkpt>
   <trkpt lat="51.5021140" lon="-0.1904030">
    <ele>15.3</ele>
    <time>2026-10-04T15:44:12Z</time>
   </trkpt>
   <trkpt lat="51.5021160" lon="-0.1904160">
    <ele>15.3</ele>
    <time>2026-10-04T15:44:13Z</time>
   </trkpt>
   <trkpt lat="51.5021100" lon="-0.1904400">
    <ele>15.3</ele>
    <time>2026-10-04T15:44:14Z</time>
   </trkpt>
   <trkpt lat="51.5021150" lon="-0.1904750">
    <ele>15.3</ele>
    <time>2026-10-04T15:44:15Z</time>
   </trkpt>
   <trkpt lat="51.5021130" lon="-0.1905110">
    <ele>15.3</ele>
    <time>2026-10-04T15:44:16Z</time>
   </trkpt>
   <trkpt lat="51.5021030" lon="-0.1905110">
    <ele>15.3</ele>
    <time>2026-10-04T15:44:17Z</time>
   </trkpt>
   <trkpt lat="51.5021050" lon="-0.1905320">
    <ele>15.3</ele>
    <time>2026-10-04T15:44:18Z</time>
   </trkpt>
   <trkpt lat="51.5020940" lon="-0.1905480">
    <ele>15.3</ele>
    <time>2026-10-04T15:44:19Z</time>
   </trkpt>
   <trkpt lat="51.5020760" lon="-0.1905610">
    <ele>15.3</ele>
    <time>2026-10-04T15:44:20Z</time>
   </trkpt>
   <trkpt lat="51.5020770" lon="-0.1905810">
    <ele>15.3</ele>
    <time>2026-10-04T15:44:21Z</time>
   </trkpt>
   <trkpt lat="51.5020670" lon="-0.1905870">
    <ele>15.3</ele>
    <time>2026-10-04T15:44:22Z</time>
   </trkpt>
   <trkpt lat="51.5020620" lon="-0.1905870">
    <ele>15.3</ele>
    <time>2026-10-04T15:44:23Z</time>
   </trkpt>
   <trkpt lat="51.5020520" lon="-0.1905830">
    <ele>15.3</ele>
    <time>2026-10-04T15:44:24Z</time>
   </trkpt>
   <trkpt lat="51.5020490" lon="-0.1905790">
    <ele>15.3</ele>
    <time>2026-10-04T15:44:25Z</time>
   </trkpt>
   <trkpt lat="51.5020340" lon="-0.1905830">
    <ele>15.3</ele>
    <time>2026-10-04T15:44:26Z</time>
   </trkpt>
   <trkpt lat="51.5020440" lon="-0.1905900">
    <ele>15.3</ele>
    <time>2026-10-04T15:44:27Z</time>
   </trkpt>
   <trkpt lat="51.5020220" lon="-0.1905800">
    <ele>15.3</ele>
    <time>2026-10-04T15:44:28Z</time>
   </trkpt>
   <trkpt lat="51.5020110" lon="-0.1905830">
    <ele>15.3</ele>
    <time>2026-10-04T15:44:29Z</time>
   </trkpt>
   <trkpt lat="51.5020140" lon="-0.1905890">
    <ele>15.3</ele>
    <time>2026-10-04T15:44:30Z</time>
   </trkpt>
   <trkpt lat="51.5020180" lon="-0.1905910">
    <ele>15.3</ele>
    <time>2026-10-04T15:44:31Z</time>
   </trkpt>
   <trkpt lat="51.5020180" lon="-0.1905910">
    <ele>15.3</ele>
    <time>2026-10-04T15:44:32Z</time>
   </trkpt>
   <trkpt lat="51.5020180" lon="-0.1905910">
    <ele>15.3</ele>
    <time>2026-10-04T15:44:33Z</time>
   </trkpt>
   <trkpt lat="51.5020180" lon="-0.1905910">
    <ele>15.3</ele>
    <time>2026-10-04T15:44:34Z</time>
   </trkpt>
   <trkpt lat="51.5020180" lon="-0.1905910">
    <ele>15.3</ele>
    <time>2026-10-04T15:44:35Z</time>
   </trkpt>
   <trkpt lat="51.5020050" lon="-0.1906080">
    <ele>15.3</ele>
    <time>2026-10-04T15:44:36Z</time>
   </trkpt>
   <trkpt lat="51.5020050" lon="-0.1906080">
    <ele>15.3</ele>
    <time>2026-10-04T15:44:37Z</time>
   </trkpt>
   <trkpt lat="51.5020050" lon="-0.1906080">
    <ele>15.3</ele>
    <time>2026-10-04T15:44:38Z</time>
   </trkpt>
   <trkpt lat="51.5019710" lon="-0.1906870">
    <ele>15.3</ele>
    <time>2026-10-04T16:00:59Z</time>
   </trkpt>
   <trkpt lat="51.5019470" lon="-0.1906540">
    <ele>15.3</ele>
    <time>2026-10-04T16:01:00Z</time>
   </trkpt>
   <trkpt lat="51.5019940" lon="-0.1907390">
    <ele>15.3</ele>
    <time>2026-10-04T16:01:01Z</time>
   </trkpt>
   <trkpt lat="51.5020190" lon="-0.1908030">
    <ele>15.3</ele>
    <time>2026-10-04T16:01:02Z</time>
   </trkpt>
   <trkpt lat="51.5019960" lon="-0.1908160">
    <ele>15.3</ele>
    <time>2026-10-04T16:01:03Z</time>
   </trkpt>
   <trkpt lat="51.5019770" lon="-0.1909180">
    <ele>15.3</ele>
    <time>2026-10-04T16:01:04Z</time>
   </trkpt>
   <trkpt lat="51.5019160" lon="-0.1907130">
    <ele>15.3</ele>
    <time>2026-10-04T16:01:05Z</time>
   </trkpt>
   <trkpt lat="51.5018900" lon="-0.1906040">
    <ele>15.3</ele>
    <time>2026-10-04T16:01:06Z</time>
   </trkpt>
   <trkpt lat="51.5018940" lon="-0.1905810">
    <ele>15.3</ele>
    <time>2026-10-04T16:01:07Z</time>
   </trkpt>
   <trkpt lat="51.5019340" lon="-0.1906090">
    <ele>15.3</ele>
    <time>2026-10-04T16:01:08Z</time>
   </trkpt>
   <trkpt lat="51.5019380" lon="-0.1905720">
    <ele>15.3</ele>
    <time>2026-10-04T16:01:09Z</time>
   </trkpt>
   <trkpt lat="51.5019410" lon="-0.1905350">
    <ele>15.3</ele>
    <time>2026-10-04T16:01:10Z</time>
   </trkpt>
   <trkpt lat="51.5019430" lon="-0.1905340">
    <ele>15.3</ele>
    <time>2026-10-04T16:01:11Z</time>
   </trkpt>
   <trkpt lat="51.5019450" lon="-0.1905330">
    <ele>15.3</ele>
    <time>2026-10-04T16:01:12Z</time>
   </trkpt>
   <trkpt lat="51.5019470" lon="-0.1905310">
    <ele>15.3</ele>
    <time>2026-10-04T16:01:13Z</time>
   </trkpt>
   <trkpt lat="51.5019520" lon="-0.1905290">
    <ele>15.3</ele>
    <time>2026-10-04T16:01:15Z</time>
   </trkpt>
   <trkpt lat="51.5019540" lon="-0.1905280">
    <ele>15.3</ele>
    <time>2026-10-04T16:01:16Z</time>
   </trkpt>
   <trkpt lat="51.5019560" lon="-0.1905270">
    <ele>15.3</ele>
    <time>2026-10-04T16:01:17Z</time>
   </trkpt>
   <trkpt lat="51.5019580" lon="-0.1905260">
    <ele>15.3</ele>
    <time>2026-10-04T16:01:18Z</time>
   </trkpt>
   <trkpt lat="51.5020720" lon="-0.1904620">
    <ele>15.3</ele>
    <time>2026-10-04T16:02:12Z</time>
   </trkpt>
   <trkpt lat="51.5020740" lon="-0.1904610">
    <ele>15.3</ele>
    <time>2026-10-04T16:02:13Z</time>
   </trkpt>
   <trkpt lat="51.5021030" lon="-0.1904400">
    <ele>15.3</ele>
    <time>2026-10-04T16:02:14Z</time>
   </trkpt>
   <trkpt lat="51.5021050" lon="-0.1904110">
    <ele>15.3</ele>
    <time>2026-10-04T16:02:15Z</time>
   </trkpt>
   <trkpt lat="51.5020240" lon="-0.1903110">
    <ele>15.3</ele>
    <time>2026-10-04T16:02:16Z</time>
   </trkpt>
   <trkpt lat="51.5019560" lon="-0.1902540">
    <ele>15.3</ele>
    <time>2026-10-04T16:02:17Z</time>
   </trkpt>
   <trkpt lat="51.5019770" lon="-0.1902580">
    <ele>15.3</ele>
    <time>2026-10-04T16:02:18Z</time>
   </trkpt>
   <trkpt lat="51.5019870" lon="-0.1902540">
    <ele>15.3</ele>
    <time>2026-10-04T16:02:19Z</time>
   </trkpt>
   <trkpt lat="51.5020100" lon="-0.1902500">
    <ele>15.3</ele>
    <time>2026-10-04T16:02:20Z</time>
   </trkpt>
   <trkpt lat="51.5019930" lon="-0.1902380">
    <ele>15.3</ele>
    <time>2026-10-04T16:02:21Z</time>
   </trkpt>
   <trkpt lat="51.5020040" lon="-0.1902390">
    <ele>15.3</ele>
    <time>2026-10-04T16:02:22Z</time>
   </trkpt>
   <trkpt lat="51.5020250" lon="-0.1902220">
    <ele>15.3</ele>
    <time>2026-10-04T16:02:23Z</time>
   </trkpt>
   <trkpt lat="51.5020170" lon="-0.1902100">
    <ele>15.3</ele>
    <time>2026-10-04T16:02:24Z</time>
   </trkpt>
   <trkpt lat="51.5020180" lon="-0.1902100">
    <ele>15.3</ele>
    <time>2026-10-04T16:02:25Z</time>
   </trkpt>
   <trkpt lat="51.5020280" lon="-0.1902110">
    <ele>15.3</ele>
    <time>2026-10-04T16:02:26Z</time>
   </trkpt>
   <trkpt lat="51.5020260" lon="-0.1902020">
    <ele>15.3</ele>
    <time>2026-10-04T16:02:27Z</time>
   </trkpt>
   <trkpt lat="51.5020450" lon="-0.1902120">
    <ele>15.3</ele>
    <time>2026-10-04T16:02:28Z</time>
   </trkpt>
   <trkpt lat="51.5020490" lon="-0.1902110">
    <ele>15.3</ele>
    <time>2026-10-04T16:02:29Z</time>
   </trkpt>
   <trkpt lat="51.5020510" lon="-0.1902070">
    <ele>15.3</ele>
    <time>2026-10-04T16:02:30Z</time>
   </trkpt>
   <trkpt lat="51.5020600" lon="-0.1901950">
    <ele>15.3</ele>
    <time>2026-10-04T16:02:31Z</time>
   </trkpt>
   <trkpt lat="51.5020700" lon="-0.1901990">
    <ele>15.3</ele>
    <time>2026-10-04T16:02:32Z</time>
   </trkpt>
   <trkpt lat="51.5020820" lon="-0.1901970">
    <ele>15.3</ele>
    <time>2026-10-04T16:02:33Z</time>
   </trkpt>
   <trkpt lat="51.5019990" lon="-0.1900940">
    <ele>15.3</ele>
    <time>2026-10-04T16:02:42Z</time>
   </trkpt>
   <trkpt lat="51.5020170" lon="-0.1901020">
    <ele>15.3</ele>
    <time>2026-10-04T16:02:43Z</time>
   </trkpt>
   <trkpt lat="51.5020210" lon="-0.1901080">
    <ele>15.3</ele>
    <time>2026-10-04T16:02:44Z</time>
   </trkpt>
   <trkpt lat="51.5020290" lon="-0.1901140">
    <ele>15.3</ele>
    <time>2026-10-04T16:02:45Z</time>
   </trkpt>
   <trkpt lat="51.5020490" lon="-0.1901170">
    <ele>15.3</ele>
    <time>2026-10-04T16:02:46Z</time>
   </trkpt>
   <trkpt lat="51.5020610" lon="-0.1901170">
    <ele>15.4</ele>
    <time>2026-10-04T16:02:47Z</time>
   </trkpt>
   <trkpt lat="51.5020630" lon="-0.1901130">
    <ele>15.4</ele>
    <time>2026-10-04T16:02:48Z</time>
   </trkpt>
   <trkpt lat="51.5020670" lon="-0.1901120">
    <ele>15.4</ele>
    <time>2026-10-04T16:02:49Z</time>
   </trkpt>
   <trkpt lat="51.5020630" lon="-0.1901090">
    <ele>15.4</ele>
    <time>2026-10-04T16:02:50Z</time>
   </trkpt>
   <trkpt lat="51.5020590" lon="-0.1901110">
    <ele>15.4</ele>
    <time>2026-10-04T16:02:51Z</time>
   </trkpt>
   <trkpt lat="51.5020700" lon="-0.1901460">
    <ele>15.4</ele>
    <time>2026-10-04T16:02:52Z</time>
   </trkpt>
   <trkpt lat="51.5021000" lon="-0.1901440">
    <ele>15.4</ele>
    <time>2026-10-04T16:02:53Z</time>
   </trkpt>
   <trkpt lat="51.5021190" lon="-0.1901440">
    <ele>15.4</ele>
    <time>2026-10-04T16:02:54Z</time>
   </trkpt>
   <trkpt lat="51.5021220" lon="-0.1901340">
    <ele>15.4</ele>
    <time>2026-10-04T16:02:55Z</time>
   </trkpt>
   <trkpt lat="51.5021270" lon="-0.1901230">
    <ele>15.4</ele>
    <time>2026-10-04T16:02:56Z</time>
   </trkpt>
   <trkpt lat="51.5021070" lon="-0.1900970">
    <ele>15.4</ele>
    <time>2026-10-04T16:02:57Z</time>
   </trkpt>
   <trkpt lat="51.5021350" lon="-0.1900550">
    <ele>15.4</ele>
    <time>2026-10-04T16:02:58Z</time>
   </trkpt>
   <trkpt lat="51.5021600" lon="-0.1900020">
    <ele>15.4</ele>
    <time>2026-10-04T16:02:59Z</time>
   </trkpt>
   <trkpt lat="51.5021510" lon="-0.1899390">
    <ele>15.4</ele>
    <time>2026-10-04T16:03:00Z</time>
   </trkpt>
   <trkpt lat="51.5021680" lon="-0.1898920">
    <ele>15.4</ele>
    <time>2026-10-04T16:03:01Z</time>
   </trkpt>
   <trkpt lat="51.5021600" lon="-0.1898100">
    <ele>15.4</ele>
    <time>2026-10-04T16:03:02Z</time>
   </trkpt>
   <trkpt lat="51.5021640" lon="-0.1897540">
    <ele>15.4</ele>
    <time>2026-10-04T16:03:03Z</time>
   </trkpt>
   <trkpt lat="51.5021500" lon="-0.1896730">
    <ele>15.4</ele>
    <time>2026-10-04T16:03:04Z</time>
   </trkpt>
   <trkpt lat="51.5021660" lon="-0.1896280">
    <ele>15.4</ele>
    <time>2026-10-04T16:03:05Z</time>
   </trkpt>
   <trkpt lat="51.5021740" lon="-0.1895780">
    <ele>15.4</ele>
    <time>2026-10-04T16:03:06Z</time>
   </trkpt>
   <trkpt lat="51.5022050" lon="-0.1895400">
    <ele>15.5</ele>
    <time>2026-10-04T16:03:07Z</time>
   </trkpt>
   <trkpt lat="51.5022050" lon="-0.1894890">
    <ele>15.5</ele>
    <time>2026-10-04T16:03:08Z</time>
   </trkpt>
   <trkpt lat="51.5022120" lon="-0.1894470">
    <ele>15.5</ele>
    <time>2026-10-04T16:03:09Z</time>
   </trkpt>
   <trkpt lat="51.5022390" lon="-0.1894270">
    <ele>15.5</ele>
    <time>2026-10-04T16:03:10Z</time>
   </trkpt>
   <trkpt lat="51.5022370" lon="-0.1893900">
    <ele>15.5</ele>
    <time>2026-10-04T16:03:11Z</time>
   </trkpt>
   <trkpt lat="51.5022490" lon="-0.1893370">
    <ele>15.5</ele>
    <time>2026-10-04T16:03:12Z</time>
   </trkpt>
   <trkpt lat="51.5022590" lon="-0.1892680">
    <ele>15.6</ele>
    <time>2026-10-04T16:03:13Z</time>
   </trkpt>
   <trkpt lat="51.5022770" lon="-0.1892120">
    <ele>15.6</ele>
    <time>2026-10-04T16:03:14Z</time>
   </trkpt>
   <trkpt lat="51.5022810" lon="-0.1891370">
    <ele>15.6</ele>
    <time>2026-10-04T16:03:15Z</time>
   </trkpt>
   <trkpt lat="51.5023030" lon="-0.1890890">
    <ele>15.6</ele>
    <time>2026-10-04T16:03:16Z</time>
   </trkpt>
   <trkpt lat="51.5023350" lon="-0.1890410">
    <ele>15.7</ele>
    <time>2026-10-04T16:03:17Z</time>
   </trkpt>
   <trkpt lat="51.5023510" lon="-0.1889550">
    <ele>15.7</ele>
    <time>2026-10-04T16:03:18Z</time>
   </trkpt>
   <trkpt lat="51.5023620" lon="-0.1888770">
    <ele>15.7</ele>
    <time>2026-10-04T16:03:19Z</time>
   </trkpt>
   <trkpt lat="51.5023830" lon="-0.1888090">
    <ele>15.7</ele>
    <time>2026-10-04T16:03:20Z</time>
   </trkpt>
   <trkpt lat="51.5023860" lon="-0.1887280">
    <ele>15.8</ele>
    <time>2026-10-04T16:03:21Z</time>
   </trkpt>
   <trkpt lat="51.5023980" lon="-0.1886500">
    <ele>15.8</ele>
    <time>2026-10-04T16:03:22Z</time>
   </trkpt>
   <trkpt lat="51.5024090" lon="-0.1885820">
    <ele>15.8</ele>
    <time>2026-10-04T16:03:23Z</time>
   </trkpt>
   <trkpt lat="51.5024150" lon="-0.1885060">
    <ele>15.8</ele>
    <time>2026-10-04T16:03:24Z</time>
   </trkpt>
   <trkpt lat="51.5024090" lon="-0.1884150">
    <ele>15.8</ele>
    <time>2026-10-04T16:03:25Z</time>
   </trkpt>
   <trkpt lat="51.5024100" lon="-0.1883340">
    <ele>15.8</ele>
    <time>2026-10-04T16:03:26Z</time>
   </trkpt>
   <trkpt lat="51.5024160" lon="-0.1882570">
    <ele>15.8</ele>
    <time>2026-10-04T16:03:27Z</time>
   </trkpt>
   <trkpt lat="51.5024280" lon="-0.1881720">
    <ele>15.9</ele>
    <time>2026-10-04T16:03:28Z</time>
   </trkpt>
   <trkpt lat="51.5024320" lon="-0.1880740">
    <ele>15.9</ele>
    <time>2026-10-04T16:03:29Z</time>
   </trkpt>
   <trkpt lat="51.5024250" lon="-0.1879980">
    <ele>15.9</ele>
    <time>2026-10-04T16:03:30Z</time>
   </trkpt>
   <trkpt lat="51.5024350" lon="-0.1879260">
    <ele>15.9</ele>
    <time>2026-10-04T16:03:31Z</time>
   </trkpt>
   <trkpt lat="51.5024230" lon="-0.1878510">
    <ele>16.0</ele>
    <time>2026-10-04T16:03:32Z</time>
   </trkpt>
   <trkpt lat="51.5024070" lon="-0.1877750">
    <ele>16.0</ele>
    <time>2026-10-04T16:03:33Z</time>
   </trkpt>
   <trkpt lat="51.5023910" lon="-0.1877010">
    <ele>16.0</ele>
    <time>2026-10-04T16:03:34Z</time>
   </trkpt>
   <trkpt lat="51.5024010" lon="-0.1876340">
    <ele>16.0</ele>
    <time>2026-10-04T16:03:35Z</time>
   </trkpt>
   <trkpt lat="51.5024040" lon="-0.1875700">
    <ele>16.1</ele>
    <time>2026-10-04T16:03:36Z</time>
   </trkpt>
   <trkpt lat="51.5024080" lon="-0.1875290">
    <ele>16.1</ele>
    <time>2026-10-04T16:03:37Z</time>
   </trkpt>
   <trkpt lat="51.5024100" lon="-0.1875060">
    <ele>16.1</ele>
    <time>2026-10-04T16:03:38Z</time>
   </trkpt>
   <trkpt lat="51.5024020" lon="-0.1874880">
    <ele>16.1</ele>
    <time>2026-10-04T16:03:39Z</time>
   </trkpt>
   <trkpt lat="51.5023980" lon="-0.1874630">
    <ele>16.1</ele>
    <time>2026-10-04T16:03:40Z</time>
   </trkpt>
   <trkpt lat="51.5023960" lon="-0.1874360">
    <ele>16.0</ele>
    <time>2026-10-04T16:03:41Z</time>
   </trkpt>
   <trkpt lat="51.5023880" lon="-0.1874000">
    <ele>16.0</ele>
    <time>2026-10-04T16:03:42Z</time>
   </trkpt>
   <trkpt lat="51.5023830" lon="-0.1873620">
    <ele>16.0</ele>
    <time>2026-10-04T16:03:43Z</time>
   </trkpt>
   <trkpt lat="51.5023830" lon="-0.1873080">
    <ele>16.0</ele>
    <time>2026-10-04T16:03:44Z</time>
   </trkpt>
   <trkpt lat="51.5023730" lon="-0.1872680">
    <ele>16.0</ele>
    <time>2026-10-04T16:03:45Z</time>
   </trkpt>
   <trkpt lat="51.5023610" lon="-0.1872070">
    <ele>15.9</ele>
    <time>2026-10-04T16:03:46Z</time>
   </trkpt>
   <trkpt lat="51.5023580" lon="-0.1871470">
    <ele>15.9</ele>
    <time>2026-10-04T16:03:47Z</time>
   </trkpt>
   <trkpt lat="51.5023570" lon="-0.1870800">
    <ele>15.9</ele>
    <time>2026-10-04T16:03:48Z</time>
   </trkpt>
   <trkpt lat="51.5023490" lon="-0.1870120">
    <ele>15.9</ele>
    <time>2026-10-04T16:03:49Z</time>
   </trkpt>
   <trkpt lat="51.5023500" lon="-0.1869430">
    <ele>15.8</ele>
    <time>2026-10-04T16:03:50Z</time>
   </trkpt>
   <trkpt lat="51.5023480" lon="-0.1868770">
    <ele>15.8</ele>
    <time>2026-10-04T16:03:51Z</time>
   </trkpt>
   <trkpt lat="51.5023340" lon="-0.1868090">
    <ele>15.8</ele>
    <time>2026-10-04T16:03:52Z</time>
   </trkpt>
   <trkpt lat="51.5023110" lon="-0.1867300">
    <ele>15.7</ele>
    <time>2026-10-04T16:03:53Z</time>
   </trkpt>
   <trkpt lat="51.5023080" lon="-0.1866660">
    <ele>15.7</ele>
    <time>2026-10-04T16:03:54Z</time>
   </trkpt>
   <trkpt lat="51.5022940" lon="-0.1866010">
    <ele>15.6</ele>
    <time>2026-10-04T16:03:55Z</time>
   </trkpt>
   <trkpt lat="51.5022860" lon="-0.1865450">
    <ele>15.6</ele>
    <time>2026-10-04T16:03:56Z</time>
   </trkpt>
   <trkpt lat="51.5022710" lon="-0.1864620">
    <ele>15.6</ele>
    <time>2026-10-04T16:03:57Z</time>
   </trkpt>
   <trkpt lat="51.5022590" lon="-0.1863810">
    <ele>15.6</ele>
    <time>2026-10-04T16:03:58Z</time>
   </trkpt>
   <trkpt lat="51.5022500" lon="-0.1863010">
    <ele>15.5</ele>
    <time>2026-10-04T16:03:59Z</time>
   </trkpt>
   <trkpt lat="51.5022400" lon="-0.1862340">
    <ele>15.5</ele>
    <time>2026-10-04T16:04:00Z</time>
   </trkpt>
   <trkpt lat="51.5022240" lon="-0.1861620">
    <ele>15.5</ele>
    <time>2026-10-04T16:04:01Z</time>
   </trkpt>
   <trkpt lat="51.5021980" lon="-0.1861090">
    <ele>15.4</ele>
    <time>2026-10-04T16:04:02Z</time>
   </trkpt>
   <trkpt lat="51.5021840" lon="-0.1860730">
    <ele>15.4</ele>
    <time>2026-10-04T16:04:03Z</time>
   </trkpt>
   <trkpt lat="51.5021940" lon="-0.1860290">
    <ele>15.4</ele>
    <time>2026-10-04T16:04:04Z</time>
   </trkpt>
   <trkpt lat="51.5021970" lon="-0.1860130">
    <ele>15.4</ele>
    <time>2026-10-04T16:04:05Z</time>
   </trkpt>
   <trkpt lat="51.5022010" lon="-0.1860130">
    <ele>15.4</ele>
    <time>2026-10-04T16:04:06Z</time>
   </trkpt>
   <trkpt lat="51.5022040" lon="-0.1860030">
    <ele>15.4</ele>
    <time>2026-10-04T16:04:07Z</time>
   </trkpt>
   <trkpt lat="51.5021970" lon="-0.1860070">
    <ele>15.4</ele>
    <time>2026-10-04T16:04:08Z</time>
   </trkpt>
   <trkpt lat="51.5021910" lon="-0.1859880">
    <ele>15.4</ele>
    <time>2026-10-04T16:04:09Z</time>
   </trkpt>
   <trkpt lat="51.5021840" lon="-0.1859570">
    <ele>15.4</ele>
    <time>2026-10-04T16:04:10Z</time>
   </trkpt>
   <trkpt lat="51.5021730" lon="-0.1859170">
    <ele>15.4</ele>
    <time>2026-10-04T16:04:11Z</time>
   </trkpt>
   <trkpt lat="51.5021690" lon="-0.1858890">
    <ele>15.4</ele>
    <time>2026-10-04T16:04:12Z</time>
   </trkpt>
   <trkpt lat="51.5021640" lon="-0.1858510">
    <ele>15.3</ele>
    <time>2026-10-04T16:04:13Z</time>
   </trkpt>
   <trkpt lat="51.5021510" lon="-0.1857990">
    <ele>15.3</ele>
    <time>2026-10-04T16:04:14Z</time>
   </trkpt>
   <trkpt lat="51.5021470" lon="-0.1857630">
    <ele>15.3</ele>
    <time>2026-10-04T16:04:15Z</time>
   </trkpt>
   <trkpt lat="51.5021510" lon="-0.1857230">
    <ele>15.2</ele>
    <time>2026-10-04T16:04:16Z</time>
   </trkpt>
   <trkpt lat="51.5021320" lon="-0.1856650">
    <ele>15.2</ele>
    <time>2026-10-04T16:04:17Z</time>
   </trkpt>
   <trkpt lat="51.5021080" lon="-0.1856040">
    <ele>15.2</ele>
    <time>2026-10-04T16:04:18Z</time>
   </trkpt>
   <trkpt lat="51.5021010" lon="-0.1855310">
    <ele>15.1</ele>
    <time>2026-10-04T16:04:19Z</time>
   </trkpt>
   <trkpt lat="51.5020840" lon="-0.1854710">
    <ele>15.1</ele>
    <time>2026-10-04T16:04:20Z</time>
   </trkpt>
   <trkpt lat="51.5020780" lon="-0.1854040">
    <ele>15.1</ele>
    <time>2026-10-04T16:04:21Z</time>
   </trkpt>
   <trkpt lat="51.5020680" lon="-0.1853180">
    <ele>15.0</ele>
    <time>2026-10-04T16:04:22Z</time>
   </trkpt>
   <trkpt lat="51.5020380" lon="-0.1852360">
    <ele>15.0</ele>
    <time>2026-10-04T16:04:23Z</time>
   </trkpt>
   <trkpt lat="51.5020180" lon="-0.1851710">
    <ele>15.0</ele>
    <time>2026-10-04T16:04:24Z</time>
   </trkpt>
   <trkpt lat="51.5020130" lon="-0.1851070">
    <ele>14.9</ele>
    <time>2026-10-04T16:04:25Z</time>
   </trkpt>
   <trkpt lat="51.5019920" lon="-0.1850340">
    <ele>14.9</ele>
    <time>2026-10-04T16:04:26Z</time>
   </trkpt>
   <trkpt lat="51.5019760" lon="-0.1849670">
    <ele>14.8</ele>
    <time>2026-10-04T16:04:27Z</time>
   </trkpt>
   <trkpt lat="51.5019610" lon="-0.1848840">
    <ele>14.8</ele>
    <time>2026-10-04T16:04:28Z</time>
   </trkpt>
   <trkpt lat="51.5019440" lon="-0.1848050">
    <ele>14.8</ele>
    <time>2026-10-04T16:04:29Z</time>
   </trkpt>
   <trkpt lat="51.5019310" lon="-0.1847330">
    <ele>14.8</ele>
    <time>2026-10-04T16:04:30Z</time>
   </trkpt>
   <trkpt lat="51.5019370" lon="-0.1846650">
    <ele>14.7</ele>
    <time>2026-10-04T16:04:31Z</time>
   </trkpt>
   <trkpt lat="51.5019240" lon="-0.1846000">
    <ele>14.7</ele>
    <time>2026-10-04T16:04:32Z</time>
   </trkpt>
   <trkpt lat="51.5019160" lon="-0.1845370">
    <ele>14.7</ele>
    <time>2026-10-04T16:04:33Z</time>
   </trkpt>
   <trkpt lat="51.5019000" lon="-0.1844860">
    <ele>14.7</ele>
    <time>2026-10-04T16:04:34Z</time>
   </trkpt>
   <trkpt lat="51.5018940" lon="-0.1844430">
    <ele>14.6</ele>
    <time>2026-10-04T16:04:35Z</time>
   </trkpt>
   <trkpt lat="51.5018980" lon="-0.1843880">
    <ele>14.6</ele>
    <time>2026-10-04T16:04:36Z</time>
   </trkpt>
   <trkpt lat="51.5018830" lon="-0.1843420">
    <ele>14.6</ele>
    <time>2026-10-04T16:04:37Z</time>
   </trkpt>
   <trkpt lat="51.5018880" lon="-0.1843060">
    <ele>14.7</ele>
    <time>2026-10-04T16:04:38Z</time>
   </trkpt>
   <trkpt lat="51.5018910" lon="-0.1842860">
    <ele>14.7</ele>
    <time>2026-10-04T16:04:39Z</time>
   </trkpt>
   <trkpt lat="51.5018960" lon="-0.1842810">
    <ele>14.7</ele>
    <time>2026-10-04T16:04:40Z</time>
   </trkpt>
   <trkpt lat="51.5019100" lon="-0.1842810">
    <ele>14.7</ele>
    <time>2026-10-04T16:04:41Z</time>
   </trkpt>
   <trkpt lat="51.5019230" lon="-0.1842730">
    <ele>14.7</ele>
    <time>2026-10-04T16:04:42Z</time>
   </trkpt>
   <trkpt lat="51.5019430" lon="-0.1842650">
    <ele>14.8</ele>
    <time>2026-10-04T16:04:43Z</time>
   </trkpt>
   <trkpt lat="51.5019630" lon="-0.1842560">
    <ele>14.8</ele>
    <time>2026-10-04T16:04:44Z</time>
   </trkpt>
   <trkpt lat="51.5019880" lon="-0.1842490">
    <ele>14.9</ele>
    <time>2026-10-04T16:04:45Z</time>
   </trkpt>
   <trkpt lat="51.5020090" lon="-0.1842400">
    <ele>14.9</ele>
    <time>2026-10-04T16:04:46Z</time>
   </trkpt>
   <trkpt lat="51.5020160" lon="-0.1842280">
    <ele>14.9</ele>
    <time>2026-10-04T16:04:47Z</time>
   </trkpt>
   <trkpt lat="51.5020310" lon="-0.1842060">
    <ele>14.9</ele>
    <time>2026-10-04T16:04:48Z</time>
   </trkpt>
   <trkpt lat="51.5020380" lon="-0.1841790">
    <ele>14.9</ele>
    <time>2026-10-04T16:04:49Z</time>
   </trkpt>
   <trkpt lat="51.5020420" lon="-0.1841510">
    <ele>14.9</ele>
    <time>2026-10-04T16:04:50Z</time>
   </trkpt>
   <trkpt lat="51.5020490" lon="-0.1841140">
    <ele>14.9</ele>
    <time>2026-10-04T16:04:51Z</time>
   </trkpt>
   <trkpt lat="51.5020510" lon="-0.1840790">
    <ele>14.9</ele>
    <time>2026-10-04T16:04:52Z</time>
   </trkpt>
   <trkpt lat="51.5020460" lon="-0.1840360">
    <ele>14.9</ele>
    <time>2026-10-04T16:04:53Z</time>
   </trkpt>
   <trkpt lat="51.5020450" lon="-0.1839990">
    <ele>14.9</ele>
    <time>2026-10-04T16:04:54Z</time>
   </trkpt>
   <trkpt lat="51.5020460" lon="-0.1839670">
    <ele>14.9</ele>
    <time>2026-10-04T16:04:55Z</time>
   </trkpt>
   <trkpt lat="51.5020300" lon="-0.1839290">
    <ele>14.9</ele>
    <time>2026-10-04T16:04:56Z</time>
   </trkpt>
   <trkpt lat="51.5020210" lon="-0.1839020">
    <ele>14.9</ele>
    <time>2026-10-04T16:04:57Z</time>
   </trkpt>
   <trkpt lat="51.5020070" lon="-0.1838510">
    <ele>14.9</ele>
    <time>2026-10-04T16:04:58Z</time>
   </trkpt>
   <trkpt lat="51.5019910" lon="-0.1838050">
    <ele>14.9</ele>
    <time>2026-10-04T16:04:59Z</time>
   </trkpt>
   <trkpt lat="51.5019950" lon="-0.1837630">
    <ele>14.9</ele>
    <time>2026-10-04T16:05:00Z</time>
   </trkpt>
   <trkpt lat="51.5019830" lon="-0.1837020">
    <ele>14.9</ele>
    <time>2026-10-04T16:05:01Z</time>
   </trkpt>
   <trkpt lat="51.5019660" lon="-0.1836430">
    <ele>14.9</ele>
    <time>2026-10-04T16:05:02Z</time>
   </trkpt>
   <trkpt lat="51.5019580" lon="-0.1835940">
    <ele>14.9</ele>
    <time>2026-10-04T16:05:03Z</time>
   </trkpt>
   <trkpt lat="51.5019450" lon="-0.1835330">
    <ele>14.9</ele>
    <time>2026-10-04T16:05:04Z</time>
   </trkpt>
   <trkpt lat="51.5019370" lon="-0.1834780">
    <ele>14.9</ele>
    <time>2026-10-04T16:05:05Z</time>
   </trkpt>
   <trkpt lat="51.5019310" lon="-0.1834280">
    <ele>14.9</ele>
    <time>2026-10-04T16:05:06Z</time>
   </trkpt>
   <trkpt lat="51.5019230" lon="-0.1833820">
    <ele>14.9</ele>
    <time>2026-10-04T16:05:07Z</time>
   </trkpt>
   <trkpt lat="51.5019100" lon="-0.1833160">
    <ele>14.8</ele>
    <time>2026-10-04T16:05:08Z</time>
   </trkpt>
   <trkpt lat="51.5019090" lon="-0.1832620">
    <ele>14.8</ele>
    <time>2026-10-04T16:05:09Z</time>
   </trkpt>
   <trkpt lat="51.5019040" lon="-0.1831960">
    <ele>14.8</ele>
    <time>2026-10-04T16:05:10Z</time>
   </trkpt>
   <trkpt lat="51.5018900" lon="-0.1831070">
    <ele>14.8</ele>
    <time>2026-10-04T16:05:11Z</time>
   </trkpt>
   <trkpt lat="51.5018690" lon="-0.1830270">
    <ele>14.8</ele>
    <time>2026-10-04T16:05:12Z</time>
   </trkpt>
   <trkpt lat="51.5018540" lon="-0.1829660">
    <ele>14.8</ele>
    <time>2026-10-04T16:05:13Z</time>
   </trkpt>
   <trkpt lat="51.5018400" lon="-0.1828890">
    <ele>14.8</ele>
    <time>2026-10-04T16:05:14Z</time>
   </trkpt>
   <trkpt lat="51.5018280" lon="-0.1828090">
    <ele>14.8</ele>
    <time>2026-10-04T16:05:15Z</time>
   </trkpt>
   <trkpt lat="51.5018100" lon="-0.1827660">
    <ele>14.8</ele>
    <time>2026-10-04T16:05:16Z</time>
   </trkpt>
   <trkpt lat="51.5017800" lon="-0.1827120">
    <ele>14.8</ele>
    <time>2026-10-04T16:05:17Z</time>
   </trkpt>
   <trkpt lat="51.5017370" lon="-0.1826360">
    <ele>14.8</ele>
    <time>2026-10-04T16:05:18Z</time>
   </trkpt>
   <trkpt lat="51.5017350" lon="-0.1825800">
    <ele>14.8</ele>
    <time>2026-10-04T16:05:19Z</time>
   </trkpt>
   <trkpt lat="51.5017450" lon="-0.1825460">
    <ele>14.8</ele>
    <time>2026-10-04T16:05:20Z</time>
   </trkpt>
   <trkpt lat="51.5017440" lon="-0.1824960">
    <ele>14.9</ele>
    <time>2026-10-04T16:05:21Z</time>
   </trkpt>
   <trkpt lat="51.5017720" lon="-0.1824240">
    <ele>14.9</ele>
    <time>2026-10-04T16:05:22Z</time>
   </trkpt>
   <trkpt lat="51.5017860" lon="-0.1823600">
    <ele>14.9</ele>
    <time>2026-10-04T16:05:23Z</time>
   </trkpt>
   <trkpt lat="51.5018110" lon="-0.1823000">
    <ele>14.9</ele>
    <time>2026-10-04T16:05:24Z</time>
   </trkpt>
   <trkpt lat="51.5018020" lon="-0.1822330">
    <ele>15.0</ele>
    <time>2026-10-04T16:05:25Z</time>
   </trkpt>
   <trkpt lat="51.5017950" lon="-0.1821610">
    <ele>15.0</ele>
    <time>2026-10-04T16:05:26Z</time>
   </trkpt>
   <trkpt lat="51.5017950" lon="-0.1820940">
    <ele>15.1</ele>
    <time>2026-10-04T16:05:27Z</time>
   </trkpt>
   <trkpt lat="51.5018220" lon="-0.1820380">
    <ele>15.1</ele>
    <time>2026-10-04T16:05:28Z</time>
   </trkpt>
   <trkpt lat="51.5018330" lon="-0.1819790">
    <ele>15.1</ele>
    <time>2026-10-04T16:05:29Z</time>
   </trkpt>
   <trkpt lat="51.5018260" lon="-0.1819130">
    <ele>15.1</ele>
    <time>2026-10-04T16:05:30Z</time>
   </trkpt>
   <trkpt lat="51.5018300" lon="-0.1818290">
    <ele>15.2</ele>
    <time>2026-10-04T16:05:31Z</time>
   </trkpt>
   <trkpt lat="51.5018480" lon="-0.1817740">
    <ele>15.2</ele>
    <time>2026-10-04T16:05:32Z</time>
   </trkpt>
   <trkpt lat="51.5018390" lon="-0.1817120">
    <ele>15.3</ele>
    <time>2026-10-04T16:05:33Z</time>
   </trkpt>
   <trkpt lat="51.5018540" lon="-0.1816520">
    <ele>15.3</ele>
    <time>2026-10-04T16:05:34Z</time>
   </trkpt>
   <trkpt lat="51.5018780" lon="-0.1815750">
    <ele>15.4</ele>
    <time>2026-10-04T16:05:35Z</time>
   </trkpt>
   <trkpt lat="51.5018790" lon="-0.1815240">
    <ele>15.4</ele>
    <time>2026-10-04T16:05:36Z</time>
   </trkpt>
   <trkpt lat="51.5018750" lon="-0.1814600">
    <ele>15.4</ele>
    <time>2026-10-04T16:05:37Z</time>
   </trkpt>
   <trkpt lat="51.5018590" lon="-0.1813990">
    <ele>15.5</ele>
    <time>2026-10-04T16:05:38Z</time>
   </trkpt>
   <trkpt lat="51.5018420" lon="-0.1813350">
    <ele>15.5</ele>
    <time>2026-10-04T16:05:39Z</time>
   </trkpt>
   <trkpt lat="51.5018390" lon="-0.1812800">
    <ele>15.6</ele>
    <time>2026-10-04T16:05:40Z</time>
   </trkpt>
   <trkpt lat="51.5018360" lon="-0.1812260">
    <ele>15.6</ele>
    <time>2026-10-04T16:05:41Z</time>
   </trkpt>
   <trkpt lat="51.5018330" lon="-0.1811590">
    <ele>15.7</ele>
    <time>2026-10-04T16:05:42Z</time>
   </trkpt>
   <trkpt lat="51.5018400" lon="-0.1810890">
    <ele>15.7</ele>
    <time>2026-10-04T16:05:43Z</time>
   </trkpt>
   <trkpt lat="51.5018360" lon="-0.1810350">
    <ele>15.8</ele>
    <time>2026-10-04T16:05:44Z</time>
   </trkpt>
   <trkpt lat="51.5018330" lon="-0.1809670">
    <ele>15.9</ele>
    <time>2026-10-04T16:05:45Z</time>
   </trkpt>
   <trkpt lat="51.5018230" lon="-0.1809030">
    <ele>16.1</ele>
    <time>2026-10-04T16:05:46Z</time>
   </trkpt>
   <trkpt lat="51.5018290" lon="-0.1808620">
    <ele>16.1</ele>
    <time>2026-10-04T16:05:47Z</time>
   </trkpt>
   <trkpt lat="51.5018420" lon="-0.1808250">
    <ele>16.2</ele>
    <time>2026-10-04T16:05:48Z</time>
   </trkpt>
   <trkpt lat="51.5018510" lon="-0.1807880">
    <ele>16.3</ele>
    <time>2026-10-04T16:05:49Z</time>
   </trkpt>
   <trkpt lat="51.5018540" lon="-0.1807400">
    <ele>16.4</ele>
    <time>2026-10-04T16:05:50Z</time>
   </trkpt>
   <trkpt lat="51.5018560" lon="-0.1806890">
    <ele>16.4</ele>
    <time>2026-10-04T16:05:51Z</time>
   </trkpt>
   <trkpt lat="51.5018530" lon="-0.1806570">
    <ele>16.5</ele>
    <time>2026-10-04T16:05:52Z</time>
   </trkpt>
   <trkpt lat="51.5018590" lon="-0.1806220">
    <ele>16.5</ele>
    <time>2026-10-04T16:05:53Z</time>
   </trkpt>
   <trkpt lat="51.5018510" lon="-0.1806030">
    <ele>16.5</ele>
    <time>2026-10-04T16:05:54Z</time>
   </trkpt>
   <trkpt lat="51.5018390" lon="-0.1806010">
    <ele>16.5</ele>
    <time>2026-10-04T16:05:55Z</time>
   </trkpt>
   <trkpt lat="51.5018330" lon="-0.1805870">
    <ele>16.6</ele>
    <time>2026-10-04T16:05:56Z</time>
   </trkpt>
   <trkpt lat="51.5018290" lon="-0.1805430">
    <ele>16.6</ele>
    <time>2026-10-04T16:05:57Z</time>
   </trkpt>
   <trkpt lat="51.5018300" lon="-0.1804860">
    <ele>16.6</ele>
    <time>2026-10-04T16:05:58Z</time>
   </trkpt>
   <trkpt lat="51.5018360" lon="-0.1804420">
    <ele>16.6</ele>
    <time>2026-10-04T16:05:59Z</time>
   </trkpt>
   <trkpt lat="51.5018450" lon="-0.1804070">
    <ele>16.6</ele>
    <time>2026-10-04T16:06:00Z</time>
   </trkpt>
   <trkpt lat="51.5018400" lon="-0.1803650">
    <ele>16.6</ele>
    <time>2026-10-04T16:06:01Z</time>
   </trkpt>
   <trkpt lat="51.5018380" lon="-0.1803080">
    <ele>16.7</ele>
    <time>2026-10-04T16:06:02Z</time>
   </trkpt>
   <trkpt lat="51.5018370" lon="-0.1802520">
    <ele>16.8</ele>
    <time>2026-10-04T16:06:03Z</time>
   </trkpt>
   <trkpt lat="51.5018280" lon="-0.1801940">
    <ele>16.8</ele>
    <time>2026-10-04T16:06:04Z</time>
   </trkpt>
   <trkpt lat="51.5018220" lon="-0.1801350">
    <ele>16.9</ele>
    <time>2026-10-04T16:06:05Z</time>
   </trkpt>
   <trkpt lat="51.5018300" lon="-0.1800690">
    <ele>17.0</ele>
    <time>2026-10-04T16:06:06Z</time>
   </trkpt>
   <trkpt lat="51.5018280" lon="-0.1800100">
    <ele>17.1</ele>
    <time>2026-10-04T16:06:07Z</time>
   </trkpt>
   <trkpt lat="51.5018530" lon="-0.1799560">
    <ele>17.3</ele>
    <time>2026-10-04T16:06:08Z</time>
   </trkpt>
   <trkpt lat="51.5018670" lon="-0.1799070">
    <ele>17.4</ele>
    <time>2026-10-04T16:06:09Z</time>
   </trkpt>
   <trkpt lat="51.5018770" lon="-0.1798510">
    <ele>17.5</ele>
    <time>2026-10-04T16:06:10Z</time>
   </trkpt>
   <trkpt lat="51.5018890" lon="-0.1797990">
    <ele>17.6</ele>
    <time>2026-10-04T16:06:11Z</time>
   </trkpt>
   <trkpt lat="51.5018800" lon="-0.1797180">
    <ele>17.8</ele>
    <time>2026-10-04T16:06:12Z</time>
   </trkpt>
   <trkpt lat="51.5018830" lon="-0.1796640">
    <ele>17.9</ele>
    <time>2026-10-04T16:06:13Z</time>
   </trkpt>
   <trkpt lat="51.5018800" lon="-0.1796010">
    <ele>18.0</ele>
    <time>2026-10-04T16:06:14Z</time>
   </trkpt>
   <trkpt lat="51.5018820" lon="-0.1795460">
    <ele>18.1</ele>
    <time>2026-10-04T16:06:15Z</time>
   </trkpt>
   <trkpt lat="51.5018690" lon="-0.1794540">
    <ele>18.3</ele>
    <time>2026-10-04T16:06:16Z</time>
   </trkpt>
   <trkpt lat="51.5018780" lon="-0.1794100">
    <ele>18.4</ele>
    <time>2026-10-04T16:06:17Z</time>
   </trkpt>
   <trkpt lat="51.5018740" lon="-0.1793550">
    <ele>18.5</ele>
    <time>2026-10-04T16:06:18Z</time>
   </trkpt>
   <trkpt lat="51.5018830" lon="-0.1793030">
    <ele>18.6</ele>
    <time>2026-10-04T16:06:19Z</time>
   </trkpt>
   <trkpt lat="51.5019160" lon="-0.1792670">
    <ele>18.7</ele>
    <time>2026-10-04T16:06:20Z</time>
   </trkpt>
   <trkpt lat="51.5019240" lon="-0.1792240">
    <ele>18.8</ele>
    <time>2026-10-04T16:06:21Z</time>
   </trkpt>
   <trkpt lat="51.5019280" lon="-0.1791600">
    <ele>18.9</ele>
    <time>2026-10-04T16:06:22Z</time>
   </trkpt>
   <trkpt lat="51.5019290" lon="-0.1790960">
    <ele>19.0</ele>
    <time>2026-10-04T16:06:23Z</time>
   </trkpt>
   <trkpt lat="51.5019310" lon="-0.1790400">
    <ele>19.1</ele>
    <time>2026-10-04T16:06:24Z</time>
   </trkpt>
   <trkpt lat="51.5019250" lon="-0.1789850">
    <ele>19.2</ele>
    <time>2026-10-04T16:06:25Z</time>
   </trkpt>
   <trkpt lat="51.5019390" lon="-0.1789330">
    <ele>19.3</ele>
    <time>2026-10-04T16:06:26Z</time>
   </trkpt>
   <trkpt lat="51.5019400" lon="-0.1788790">
    <ele>19.4</ele>
    <time>2026-10-04T16:06:27Z</time>
   </trkpt>
   <trkpt lat="51.5019350" lon="-0.1788190">
    <ele>19.5</ele>
    <time>2026-10-04T16:06:28Z</time>
   </trkpt>
   <trkpt lat="51.5019300" lon="-0.1787660">
    <ele>19.6</ele>
    <time>2026-10-04T16:06:29Z</time>
   </trkpt>
   <trkpt lat="51.5019380" lon="-0.1787180">
    <ele>19.6</ele>
    <time>2026-10-04T16:06:30Z</time>
   </trkpt>
   <trkpt lat="51.5019360" lon="-0.1786710">
    <ele>19.7</ele>
    <time>2026-10-04T16:06:31Z</time>
   </trkpt>
   <trkpt lat="51.5019640" lon="-0.1786490">
    <ele>19.8</ele>
    <time>2026-10-04T16:06:32Z</time>
   </trkpt>
   <trkpt lat="51.5019590" lon="-0.1785790">
    <ele>19.9</ele>
    <time>2026-10-04T16:06:33Z</time>
   </trkpt>
   <trkpt lat="51.5019550" lon="-0.1785300">
    <ele>19.9</ele>
    <time>2026-10-04T16:06:34Z</time>
   </trkpt>
   <trkpt lat="51.5019430" lon="-0.1784730">
    <ele>20.0</ele>
    <time>2026-10-04T16:06:35Z</time>
   </trkpt>
   <trkpt lat="51.5019420" lon="-0.1784110">
    <ele>20.1</ele>
    <time>2026-10-04T16:06:36Z</time>
   </trkpt>
   <trkpt lat="51.5019600" lon="-0.1783690">
    <ele>20.1</ele>
    <time>2026-10-04T16:06:37Z</time>
   </trkpt>
   <trkpt lat="51.5019640" lon="-0.1783110">
    <ele>20.2</ele>
    <time>2026-10-04T16:06:38Z</time>
   </trkpt>
   <trkpt lat="51.5019920" lon="-0.1782830">
    <ele>20.2</ele>
    <time>2026-10-04T16:06:39Z</time>
   </trkpt>
   <trkpt lat="51.5020140" lon="-0.1782750">
    <ele>20.2</ele>
    <time>2026-10-04T16:06:40Z</time>
   </trkpt>
   <trkpt lat="51.5020390" lon="-0.1782790">
    <ele>20.3</ele>
    <time>2026-10-04T16:06:41Z</time>
   </trkpt>
   <trkpt lat="51.5020610" lon="-0.1782760">
    <ele>20.4</ele>
    <time>2026-10-04T16:06:42Z</time>
   </trkpt>
   <trkpt lat="51.5020790" lon="-0.1782880">
    <ele>20.4</ele>
    <time>2026-10-04T16:06:43Z</time>
   </trkpt>
   <trkpt lat="51.5021110" lon="-0.1782970">
    <ele>20.5</ele>
    <time>2026-10-04T16:06:44Z</time>
   </trkpt>
   <trkpt lat="51.5021220" lon="-0.1783090">
    <ele>20.5</ele>
    <time>2026-10-04T16:06:45Z</time>
   </trkpt>
   <trkpt lat="51.5021440" lon="-0.1783060">
    <ele>20.6</ele>
    <time>2026-10-04T16:06:46Z</time>
   </trkpt>
   <trkpt lat="51.5021760" lon="-0.1783200">
    <ele>20.7</ele>
    <time>2026-10-04T16:06:47Z</time>
   </trkpt>
   <trkpt lat="51.5022060" lon="-0.1783280">
    <ele>20.8</ele>
    <time>2026-10-04T16:06:48Z</time>
   </trkpt>
   <trkpt lat="51.5022390" lon="-0.1783320">
    <ele>20.9</ele>
    <time>2026-10-04T16:06:49Z</time>
   </trkpt>
   <trkpt lat="51.5022640" lon="-0.1783490">
    <ele>20.9</ele>
    <time>2026-10-04T16:06:50Z</time>
   </trkpt>
   <trkpt lat="51.5022990" lon="-0.1783590">
    <ele>21.0</ele>
    <time>2026-10-04T16:06:51Z</time>
   </trkpt>
   <trkpt lat="51.5023370" lon="-0.1783640">
    <ele>21.1</ele>
    <time>2026-10-04T16:06:52Z</time>
   </trkpt>
   <trkpt lat="51.5023700" lon="-0.1783670">
    <ele>21.2</ele>
    <time>2026-10-04T16:06:53Z</time>
   </trkpt>
   <trkpt lat="51.5024010" lon="-0.1783760">
    <ele>21.3</ele>
    <time>2026-10-04T16:06:54Z</time>
   </trkpt>
   <trkpt lat="51.5024320" lon="-0.1783760">
    <ele>21.3</ele>
    <time>2026-10-04T16:06:55Z</time>
   </trkpt>
   <trkpt lat="51.5024620" lon="-0.1783950">
    <ele>21.4</ele>
    <time>2026-10-04T16:06:56Z</time>
   </trkpt>
   <trkpt lat="51.5024980" lon="-0.1784040">
    <ele>21.4</ele>
    <time>2026-10-04T16:06:57Z</time>
   </trkpt>
   <trkpt lat="51.5025290" lon="-0.1784340">
    <ele>21.5</ele>
    <time>2026-10-04T16:06:58Z</time>
   </trkpt>
   <trkpt lat="51.5025630" lon="-0.1784430">
    <ele>21.5</ele>
    <time>2026-10-04T16:06:59Z</time>
   </trkpt>
   <trkpt lat="51.5025940" lon="-0.1784440">
    <ele>21.6</ele>
    <time>2026-10-04T16:07:00Z</time>
   </trkpt>
   <trkpt lat="51.5026220" lon="-0.1784370">
    <ele>21.7</ele>
    <time>2026-10-04T16:07:01Z</time>
   </trkpt>
   <trkpt lat="51.5026520" lon="-0.1784400">
    <ele>21.7</ele>
    <time>2026-10-04T16:07:02Z</time>
   </trkpt>
   <trkpt lat="51.5026900" lon="-0.1784340">
    <ele>21.8</ele>
    <time>2026-10-04T16:07:03Z</time>
   </trkpt>
   <trkpt lat="51.5027260" lon="-0.1784260">
    <ele>21.9</ele>
    <time>2026-10-04T16:07:04Z</time>
   </trkpt>
   <trkpt lat="51.5027550" lon="-0.1784300">
    <ele>22.0</ele>
    <time>2026-10-04T16:07:05Z</time>
   </trkpt>
   <trkpt lat="51.5027780" lon="-0.1784060">
    <ele>22.1</ele>
    <time>2026-10-04T16:07:06Z</time>
   </trkpt>
   <trkpt lat="51.5027930" lon="-0.1783850">
    <ele>22.1</ele>
    <time>2026-10-04T16:07:07Z</time>
   </trkpt>
   <trkpt lat="51.5028010" lon="-0.1783270">
    <ele>22.2</ele>
    <time>2026-10-04T16:07:08Z</time>
   </trkpt>
   <trkpt lat="51.5028020" lon="-0.1782840">
    <ele>22.3</ele>
    <time>2026-10-04T16:07:09Z</time>
   </trkpt>
   <trkpt lat="51.5028030" lon="-0.1782310">
    <ele>22.4</ele>
    <time>2026-10-04T16:07:10Z</time>
   </trkpt>
   <trkpt lat="51.5028070" lon="-0.1781860">
    <ele>22.4</ele>
    <time>2026-10-04T16:07:11Z</time>
   </trkpt>
   <trkpt lat="51.5028100" lon="-0.1781410">
    <ele>22.5</ele>
    <time>2026-10-04T16:07:12Z</time>
   </trkpt>
   <trkpt lat="51.5028170" lon="-0.1780900">
    <ele>22.5</ele>
    <time>2026-10-04T16:07:13Z</time>
   </trkpt>
   <trkpt lat="51.5028270" lon="-0.1780490">
    <ele>22.6</ele>
    <time>2026-10-04T16:07:14Z</time>
   </trkpt>
   <trkpt lat="51.5028370" lon="-0.1780030">
    <ele>22.6</ele>
    <time>2026-10-04T16:07:15Z</time>
   </trkpt>
   <trkpt lat="51.5028380" lon="-0.1779600">
    <ele>22.7</ele>
    <time>2026-10-04T16:07:16Z</time>
   </trkpt>
   <trkpt lat="51.5028350" lon="-0.1779170">
    <ele>22.7</ele>
    <time>2026-10-04T16:07:17Z</time>
   </trkpt>
   <trkpt lat="51.5028330" lon="-0.1778770">
    <ele>22.7</ele>
    <time>2026-10-04T16:07:18Z</time>
   </trkpt>
   <trkpt lat="51.5028380" lon="-0.1778430">
    <ele>22.7</ele>
    <time>2026-10-04T16:07:19Z</time>
   </trkpt>
   <trkpt lat="51.5028520" lon="-0.1778160">
    <ele>22.8</ele>
    <time>2026-10-04T16:07:20Z</time>
   </trkpt>
   <trkpt lat="51.5028790" lon="-0.1778030">
    <ele>22.8</ele>
    <time>2026-10-04T16:07:21Z</time>
   </trkpt>
   <trkpt lat="51.5029090" lon="-0.1777980">
    <ele>22.8</ele>
    <time>2026-10-04T16:07:22Z</time>
   </trkpt>
   <trkpt lat="51.5029290" lon="-0.1777820">
    <ele>22.8</ele>
    <time>2026-10-04T16:07:23Z</time>
   </trkpt>
   <trkpt lat="51.5029590" lon="-0.1777910">
    <ele>22.9</ele>
    <time>2026-10-04T16:07:24Z</time>
   </trkpt>
   <trkpt lat="51.5029940" lon="-0.1777800">
    <ele>22.9</ele>
    <time>2026-10-04T16:07:25Z</time>
   </trkpt>
   <trkpt lat="51.5030270" lon="-0.1777970">
    <ele>23.0</ele>
    <time>2026-10-04T16:07:26Z</time>
   </trkpt>
   <trkpt lat="51.5030590" lon="-0.1777960">
    <ele>23.0</ele>
    <time>2026-10-04T16:07:27Z</time>
   </trkpt>
   <trkpt lat="51.5030870" lon="-0.1777910">
    <ele>23.0</ele>
    <time>2026-10-04T16:07:28Z</time>
   </trkpt>
   <trkpt lat="51.5031200" lon="-0.1777940">
    <ele>23.0</ele>
    <time>2026-10-04T16:07:29Z</time>
   </trkpt>
   <trkpt lat="51.5031640" lon="-0.1778030">
    <ele>23.1</ele>
    <time>2026-10-04T16:07:30Z</time>
   </trkpt>
   <trkpt lat="51.5031970" lon="-0.1778160">
    <ele>23.1</ele>
    <time>2026-10-04T16:07:31Z</time>
   </trkpt>
   <trkpt lat="51.5032340" lon="-0.1778590">
    <ele>23.1</ele>
    <time>2026-10-04T16:07:32Z</time>
   </trkpt>
   <trkpt lat="51.5032700" lon="-0.1779030">
    <ele>23.1</ele>
    <time>2026-10-04T16:07:33Z</time>
   </trkpt>
   <trkpt lat="51.5032920" lon="-0.1779560">
    <ele>23.1</ele>
    <time>2026-10-04T16:07:34Z</time>
   </trkpt>
   <trkpt lat="51.5033070" lon="-0.1780110">
    <ele>23.1</ele>
    <time>2026-10-04T16:07:35Z</time>
   </trkpt>
   <trkpt lat="51.5033250" lon="-0.1780570">
    <ele>23.1</ele>
    <time>2026-10-04T16:07:36Z</time>
   </trkpt>
   <trkpt lat="51.5033450" lon="-0.1781030">
    <ele>23.1</ele>
    <time>2026-10-04T16:07:37Z</time>
   </trkpt>
   <trkpt lat="51.5033750" lon="-0.1781410">
    <ele>23.1</ele>
    <time>2026-10-04T16:07:38Z</time>
   </trkpt>
   <trkpt lat="51.5034130" lon="-0.1781730">
    <ele>23.0</ele>
    <time>2026-10-04T16:07:39Z</time>
   </trkpt>
   <trkpt lat="51.5034400" lon="-0.1782190">
    <ele>23.0</ele>
    <time>2026-10-04T16:07:40Z</time>
   </trkpt>
   <trkpt lat="51.5034520" lon="-0.1782730">
    <ele>23.0</ele>
    <time>2026-10-04T16:07:41Z</time>
   </trkpt>
   <trkpt lat="51.5034790" lon="-0.1783260">
    <ele>23.0</ele>
    <time>2026-10-04T16:07:42Z</time>
   </trkpt>
   <trkpt lat="51.5035040" lon="-0.1783580">
    <ele>23.0</ele>
    <time>2026-10-04T16:07:43Z</time>
   </trkpt>
   <trkpt lat="51.5035380" lon="-0.1784040">
    <ele>23.0</ele>
    <time>2026-10-04T16:07:44Z</time>
   </trkpt>
   <trkpt lat="51.5035620" lon="-0.1784460">
    <ele>23.0</ele>
    <time>2026-10-04T16:07:45Z</time>
   </trkpt>
   <trkpt lat="51.5035960" lon="-0.1785000">
    <ele>23.0</ele>
    <time>2026-10-04T16:07:46Z</time>
   </trkpt>
   <trkpt lat="51.5036270" lon="-0.1785500">
    <ele>23.0</ele>
    <time>2026-10-04T16:07:47Z</time>
   </trkpt>
   <trkpt lat="51.5036530" lon="-0.1786060">
    <ele>23.0</ele>
    <time>2026-10-04T16:07:48Z</time>
   </trkpt>
   <trkpt lat="51.5036850" lon="-0.1786450">
    <ele>23.0</ele>
    <time>2026-10-04T16:07:49Z</time>
   </trkpt>
   <trkpt lat="51.5037190" lon="-0.1786910">
    <ele>23.1</ele>
    <time>2026-10-04T16:07:50Z</time>
   </trkpt>
   <trkpt lat="51.5037490" lon="-0.1787310">
    <ele>23.1</ele>
    <time>2026-10-04T16:07:51Z</time>
   </trkpt>
   <trkpt lat="51.5037780" lon="-0.1787710">
    <ele>23.1</ele>
    <time>2026-10-04T16:07:52Z</time>
   </trkpt>
   <trkpt lat="51.5038020" lon="-0.1788120">
    <ele>23.1</ele>
    <time>2026-10-04T16:07:53Z</time>
   </trkpt>
   <trkpt lat="51.5038190" lon="-0.1788520">
    <ele>23.1</ele>
    <time>2026-10-04T16:07:54Z</time>
   </trkpt>
   <trkpt lat="51.5038450" lon="-0.1788870">
    <ele>23.1</ele>
    <time>2026-10-04T16:07:55Z</time>
   </trkpt>
   <trkpt lat="51.5038730" lon="-0.1789200">
    <ele>23.1</ele>
    <time>2026-10-04T16:07:56Z</time>
   </trkpt>
   <trkpt lat="51.5039000" lon="-0.1789590">
    <ele>23.2</ele>
    <time>2026-10-04T16:07:57Z</time>
   </trkpt>
   <trkpt lat="51.5039280" lon="-0.1789960">
    <ele>23.2</ele>
    <time>2026-10-04T16:07:58Z</time>
   </trkpt>
   <trkpt lat="51.5039630" lon="-0.1790500">
    <ele>23.2</ele>
    <time>2026-10-04T16:07:59Z</time>
   </trkpt>
   <trkpt lat="51.5039830" lon="-0.1791040">
    <ele>23.2</ele>
    <time>2026-10-04T16:08:00Z</time>
   </trkpt>
   <trkpt lat="51.5039980" lon="-0.1791490">
    <ele>23.3</ele>
    <time>2026-10-04T16:08:01Z</time>
   </trkpt>
   <trkpt lat="51.5040150" lon="-0.1792040">
    <ele>23.3</ele>
    <time>2026-10-04T16:08:02Z</time>
   </trkpt>
   <trkpt lat="51.5040410" lon="-0.1792440">
    <ele>23.3</ele>
    <time>2026-10-04T16:08:03Z</time>
   </trkpt>
   <trkpt lat="51.5040570" lon="-0.1792890">
    <ele>23.3</ele>
    <time>2026-10-04T16:08:04Z</time>
   </trkpt>
   <trkpt lat="51.5040870" lon="-0.1793360">
    <ele>23.4</ele>
    <time>2026-10-04T16:08:05Z</time>
   </trkpt>
   <trkpt lat="51.5041080" lon="-0.1793730">
    <ele>23.4</ele>
    <time>2026-10-04T16:08:06Z</time>
   </trkpt>
   <trkpt lat="51.5041300" lon="-0.1794240">
    <ele>23.5</ele>
    <time>2026-10-04T16:08:07Z</time>
   </trkpt>
   <trkpt lat="51.5041560" lon="-0.1794690">
    <ele>23.5</ele>
    <time>2026-10-04T16:08:08Z</time>
   </trkpt>
   <trkpt lat="51.5041870" lon="-0.1795000">
    <ele>23.5</ele>
    <time>2026-10-04T16:08:09Z</time>
   </trkpt>
   <trkpt lat="51.5042070" lon="-0.1795270">
    <ele>23.6</ele>
    <time>2026-10-04T16:08:10Z</time>
   </trkpt>
   <trkpt lat="51.5042340" lon="-0.1795750">
    <ele>23.6</ele>
    <time>2026-10-04T16:08:11Z</time>
   </trkpt>
   <trkpt lat="51.5042550" lon="-0.1796110">
    <ele>23.6</ele>
    <time>2026-10-04T16:08:12Z</time>
   </trkpt>
   <trkpt lat="51.5042830" lon="-0.1796620">
    <ele>23.6</ele>
    <time>2026-10-04T16:08:13Z</time>
   </trkpt>
   <trkpt lat="51.5043060" lon="-0.1796910">
    <ele>23.7</ele>
    <time>2026-10-04T16:08:14Z</time>
   </trkpt>
   <trkpt lat="51.5043280" lon="-0.1797180">
    <ele>23.7</ele>
    <time>2026-10-04T16:08:15Z</time>
   </trkpt>
   <trkpt lat="51.5043470" lon="-0.1797390">
    <ele>23.7</ele>
    <time>2026-10-04T16:08:16Z</time>
   </trkpt>
   <trkpt lat="51.5043710" lon="-0.1797460">
    <ele>23.7</ele>
    <time>2026-10-04T16:08:17Z</time>
   </trkpt>
   <trkpt lat="51.5043950" lon="-0.1797540">
    <ele>23.7</ele>
    <time>2026-10-04T16:08:18Z</time>
   </trkpt>
   <trkpt lat="51.5044270" lon="-0.1797540">
    <ele>23.8</ele>
    <time>2026-10-04T16:08:19Z</time>
   </trkpt>
   <trkpt lat="51.5044580" lon="-0.1797220">
    <ele>23.8</ele>
    <time>2026-10-04T16:08:20Z</time>
   </trkpt>
   <trkpt lat="51.5044940" lon="-0.1797020">
    <ele>23.8</ele>
    <time>2026-10-04T16:08:21Z</time>
   </trkpt>
   <trkpt lat="51.5045280" lon="-0.1796890">
    <ele>23.8</ele>
    <time>2026-10-04T16:08:22Z</time>
   </trkpt>
   <trkpt lat="51.5045640" lon="-0.1796780">
    <ele>23.8</ele>
    <time>2026-10-04T16:08:23Z</time>
   </trkpt>
   <trkpt lat="51.5045920" lon="-0.1796740">
    <ele>23.8</ele>
    <time>2026-10-04T16:08:24Z</time>
   </trkpt>
   <trkpt lat="51.5046120" lon="-0.1796800">
    <ele>23.8</ele>
    <time>2026-10-04T16:08:25Z</time>
   </trkpt>
   <trkpt lat="51.5046450" lon="-0.1796880">
    <ele>23.8</ele>
    <time>2026-10-04T16:08:26Z</time>
   </trkpt>
   <trkpt lat="51.5046830" lon="-0.1796900">
    <ele>23.8</ele>
    <time>2026-10-04T16:08:27Z</time>
   </trkpt>
   <trkpt lat="51.5047130" lon="-0.1797060">
    <ele>23.8</ele>
    <time>2026-10-04T16:08:28Z</time>
   </trkpt>
   <trkpt lat="51.5047360" lon="-0.1797280">
    <ele>23.8</ele>
    <time>2026-10-04T16:08:29Z</time>
   </trkpt>
   <trkpt lat="51.5047570" lon="-0.1797590">
    <ele>23.8</ele>
    <time>2026-10-04T16:08:30Z</time>
   </trkpt>
   <trkpt lat="51.5047940" lon="-0.1797780">
    <ele>23.9</ele>
    <time>2026-10-04T16:08:31Z</time>
   </trkpt>
   <trkpt lat="51.5048170" lon="-0.1797970">
    <ele>23.9</ele>
    <time>2026-10-04T16:08:32Z</time>
   </trkpt>
   <trkpt lat="51.5048410" lon="-0.1798220">
    <ele>23.9</ele>
    <time>2026-10-04T16:08:33Z</time>
   </trkpt>
   <trkpt lat="51.5048600" lon="-0.1798500">
    <ele>23.9</ele>
    <time>2026-10-04T16:08:34Z</time>
   </trkpt>
   <trkpt lat="51.5048790" lon="-0.1798840">
    <ele>23.9</ele>
    <time>2026-10-04T16:08:35Z</time>
   </trkpt>
   <trkpt lat="51.5048980" lon="-0.1799140">
    <ele>23.9</ele>
    <time>2026-10-04T16:08:36Z</time>
   </trkpt>
   <trkpt lat="51.5049160" lon="-0.1799430">
    <ele>23.9</ele>
    <time>2026-10-04T16:08:37Z</time>
   </trkpt>
   <trkpt lat="51.5049390" lon="-0.1799740">
    <ele>23.9</ele>
    <time>2026-10-04T16:08:38Z</time>
   </trkpt>
   <trkpt lat="51.5049520" lon="-0.1800010">
    <ele>23.9</ele>
    <time>2026-10-04T16:08:39Z</time>
   </trkpt>
   <trkpt lat="51.5049690" lon="-0.1800220">
    <ele>23.9</ele>
    <time>2026-10-04T16:08:40Z</time>
   </trkpt>
   <trkpt lat="51.5049800" lon="-0.1800460">
    <ele>24.0</ele>
    <time>2026-10-04T16:08:41Z</time>
   </trkpt>
   <trkpt lat="51.5049960" lon="-0.1800810">
    <ele>24.0</ele>
    <time>2026-10-04T16:08:42Z</time>
   </trkpt>
   <trkpt lat="51.5050050" lon="-0.1801190">
    <ele>24.0</ele>
    <time>2026-10-04T16:08:43Z</time>
   </trkpt>
   <trkpt lat="51.5050080" lon="-0.1801580">
    <ele>24.0</ele>
    <time>2026-10-04T16:08:44Z</time>
   </trkpt>
   <trkpt lat="51.5050220" lon="-0.1802130">
    <ele>24.0</ele>
    <time>2026-10-04T16:08:45Z</time>
   </trkpt>
   <trkpt lat="51.5050300" lon="-0.1802270">
    <ele>24.0</ele>
    <time>2026-10-04T16:08:46Z</time>
   </trkpt>
   <trkpt lat="51.5050370" lon="-0.1802370">
    <ele>24.0</ele>
    <time>2026-10-04T16:08:47Z</time>
   </trkpt>
   <trkpt lat="51.5050480" lon="-0.1802800">
    <ele>24.0</ele>
    <time>2026-10-04T16:08:48Z</time>
   </trkpt>
   <trkpt lat="51.5050620" lon="-0.1803050">
    <ele>24.1</ele>
    <time>2026-10-04T16:08:49Z</time>
   </trkpt>
   <trkpt lat="51.5050700" lon="-0.1803410">
    <ele>24.1</ele>
    <time>2026-10-04T16:08:50Z</time>
   </trkpt>
   <trkpt lat="51.5050710" lon="-0.1803710">
    <ele>24.1</ele>
    <time>2026-10-04T16:08:51Z</time>
   </trkpt>
   <trkpt lat="51.5050730" lon="-0.1804070">
    <ele>24.1</ele>
    <time>2026-10-04T16:08:52Z</time>
   </trkpt>
   <trkpt lat="51.5050810" lon="-0.1804430">
    <ele>24.1</ele>
    <time>2026-10-04T16:08:53Z</time>
   </trkpt>
   <trkpt lat="51.5050840" lon="-0.1804710">
    <ele>24.1</ele>
    <time>2026-10-04T16:08:54Z</time>
   </trkpt>
   <trkpt lat="51.5050810" lon="-0.1805060">
    <ele>24.0</ele>
    <time>2026-10-04T16:08:55Z</time>
   </trkpt>
   <trkpt lat="51.5050910" lon="-0.1805470">
    <ele>24.1</ele>
    <time>2026-10-04T16:08:56Z</time>
   </trkpt>
   <trkpt lat="51.5050950" lon="-0.1805790">
    <ele>24.1</ele>
    <time>2026-10-04T16:08:57Z</time>
   </trkpt>
   <trkpt lat="51.5050920" lon="-0.1806160">
    <ele>24.1</ele>
    <time>2026-10-04T16:08:58Z</time>
   </trkpt>
   <trkpt lat="51.5050930" lon="-0.1806430">
    <ele>24.1</ele>
    <time>2026-10-04T16:08:59Z</time>
   </trkpt>
   <trkpt lat="51.5050960" lon="-0.1806780">
    <ele>24.1</ele>
    <time>2026-10-04T16:09:00Z</time>
   </trkpt>
   <trkpt lat="51.5051010" lon="-0.1807070">
    <ele>24.1</ele>
    <time>2026-10-04T16:09:01Z</time>
   </trkpt>
   <trkpt lat="51.5051030" lon="-0.1807310">
    <ele>24.1</ele>
    <time>2026-10-04T16:09:02Z</time>
   </trkpt>
   <trkpt lat="51.5051030" lon="-0.1807640">
    <ele>24.1</ele>
    <time>2026-10-04T16:09:03Z</time>
   </trkpt>
   <trkpt lat="51.5051130" lon="-0.1808060">
    <ele>24.2</ele>
    <time>2026-10-04T16:09:04Z</time>
   </trkpt>
   <trkpt lat="51.5051140" lon="-0.1808350">
    <ele>24.2</ele>
    <time>2026-10-04T16:09:05Z</time>
   </trkpt>
   <trkpt lat="51.5051140" lon="-0.1808590">
    <ele>24.2</ele>
    <time>2026-10-04T16:09:06Z</time>
   </trkpt>
   <trkpt lat="51.5051180" lon="-0.1808850">
    <ele>24.2</ele>
    <time>2026-10-04T16:09:07Z</time>
   </trkpt>
   <trkpt lat="51.5051250" lon="-0.1809120">
    <ele>24.2</ele>
    <time>2026-10-04T16:09:08Z</time>
   </trkpt>
   <trkpt lat="51.5051320" lon="-0.1809250">
    <ele>24.2</ele>
    <time>2026-10-04T16:09:09Z</time>
   </trkpt>
   <trkpt lat="51.5051390" lon="-0.1809250">
    <ele>24.2</ele>
    <time>2026-10-04T16:09:10Z</time>
   </trkpt>
   <trkpt lat="51.5051550" lon="-0.1809440">
    <ele>24.2</ele>
    <time>2026-10-04T16:09:11Z</time>
   </trkpt>
   <trkpt lat="51.5051770" lon="-0.1809390">
    <ele>24.3</ele>
    <time>2026-10-04T16:09:12Z</time>
   </trkpt>
   <trkpt lat="51.5051980" lon="-0.1809400">
    <ele>24.3</ele>
    <time>2026-10-04T16:09:13Z</time>
   </trkpt>
   <trkpt lat="51.5052120" lon="-0.1809460">
    <ele>24.3</ele>
    <time>2026-10-04T16:09:14Z</time>
   </trkpt>
   <trkpt lat="51.5052230" lon="-0.1809530">
    <ele>24.3</ele>
    <time>2026-10-04T16:09:15Z</time>
   </trkpt>
   <trkpt lat="51.5052220" lon="-0.1809570">
    <ele>24.3</ele>
    <time>2026-10-04T16:09:16Z</time>
   </trkpt>
   <trkpt lat="51.5052250" lon="-0.1809580">
    <ele>24.3</ele>
    <time>2026-10-04T16:09:17Z</time>
   </trkpt>
   <trkpt lat="51.5052180" lon="-0.1809590">
    <ele>24.4</ele>
    <time>2026-10-04T16:09:18Z</time>
   </trkpt>
   <trkpt lat="51.5052190" lon="-0.1809580">
    <ele>24.4</ele>
    <time>2026-10-04T16:09:19Z</time>
   </trkpt>
   <trkpt lat="51.5052220" lon="-0.1809620">
    <ele>24.4</ele>
    <time>2026-10-04T16:09:20Z</time>
   </trkpt>
   <trkpt lat="51.5052230" lon="-0.1809620">
    <ele>24.4</ele>
    <time>2026-10-04T16:09:21Z</time>
   </trkpt>
   <trkpt lat="51.5052250" lon="-0.1809640">
    <ele>24.4</ele>
    <time>2026-10-04T16:09:22Z</time>
   </trkpt>
   <trkpt lat="51.5052290" lon="-0.1809720">
    <ele>24.4</ele>
    <time>2026-10-04T16:09:23Z</time>
   </trkpt>
   <trkpt lat="51.5052360" lon="-0.1809830">
    <ele>24.3</ele>
    <time>2026-10-04T16:09:24Z</time>
   </trkpt>
   <trkpt lat="51.5052500" lon="-0.1809880">
    <ele>24.3</ele>
    <time>2026-10-04T16:09:25Z</time>
   </trkpt>
   <trkpt lat="51.5052590" lon="-0.1809770">
    <ele>24.3</ele>
    <time>2026-10-04T16:09:26Z</time>
   </trkpt>
   <trkpt lat="51.5052630" lon="-0.1809700">
    <ele>24.4</ele>
    <time>2026-10-04T16:09:27Z</time>
   </trkpt>
   <trkpt lat="51.5052640" lon="-0.1809650">
    <ele>24.4</ele>
    <time>2026-10-04T16:09:28Z</time>
   </trkpt>
   <trkpt lat="51.5052630" lon="-0.1809620">
    <ele>24.4</ele>
    <time>2026-10-04T16:09:29Z</time>
   </trkpt>
   <trkpt lat="51.5052610" lon="-0.1809590">
    <ele>24.4</ele>
    <time>2026-10-04T16:09:30Z</time>
   </trkpt>
   <trkpt lat="51.5052610" lon="-0.1809510">
    <ele>24.4</ele>
    <time>2026-10-04T16:09:31Z</time>
   </trkpt>
   <trkpt lat="51.5052630" lon="-0.1809570">
    <ele>24.4</ele>
    <time>2026-10-04T16:09:32Z</time>
   </trkpt>
   <trkpt lat="51.5052610" lon="-0.1809580">
    <ele>24.4</ele>
    <time>2026-10-04T16:09:33Z</time>
   </trkpt>
   <trkpt lat="51.5052610" lon="-0.1809570">
    <ele>24.4</ele>
    <time>2026-10-04T16:09:34Z</time>
   </trkpt>
   <trkpt lat="51.5052600" lon="-0.1809580">
    <ele>24.4</ele>
    <time>2026-10-04T16:09:35Z</time>
   </trkpt>
   <trkpt lat="51.5052590" lon="-0.1809580">
    <ele>24.4</ele>
    <time>2026-10-04T16:09:36Z</time>
   </trkpt>
   <trkpt lat="51.5052590" lon="-0.1809580">
    <ele>24.4</ele>
    <time>2026-10-04T16:09:37Z</time>
   </trkpt>
   <trkpt lat="51.5051850" lon="-0.1810210">
    <ele>24.2</ele>
    <time>2026-10-04T16:11:15Z</time>
   </trkpt>
   <trkpt lat="51.5051580" lon="-0.1810500">
    <ele>24.2</ele>
    <time>2026-10-04T16:11:16Z</time>
   </trkpt>
   <trkpt lat="51.5051470" lon="-0.1810810">
    <ele>24.2</ele>
    <time>2026-10-04T16:11:17Z</time>
   </trkpt>
   <trkpt lat="51.5051320" lon="-0.1811110">
    <ele>24.2</ele>
    <time>2026-10-04T16:11:18Z</time>
   </trkpt>
   <trkpt lat="51.5051210" lon="-0.1811370">
    <ele>24.2</ele>
    <time>2026-10-04T16:11:19Z</time>
   </trkpt>
   <trkpt lat="51.5051070" lon="-0.1811690">
    <ele>24.2</ele>
    <time>2026-10-04T16:11:20Z</time>
   </trkpt>
   <trkpt lat="51.5050920" lon="-0.1811890">
    <ele>24.2</ele>
    <time>2026-10-04T16:11:21Z</time>
   </trkpt>
   <trkpt lat="51.5050780" lon="-0.1812220">
    <ele>24.2</ele>
    <time>2026-10-04T16:11:22Z</time>
   </trkpt>
   <trkpt lat="51.5050680" lon="-0.1813070">
    <ele>24.2</ele>
    <time>2026-10-04T16:11:23Z</time>
   </trkpt>
   <trkpt lat="51.5050970" lon="-0.1813450">
    <ele>24.3</ele>
    <time>2026-10-04T16:11:24Z</time>
   </trkpt>
   <trkpt lat="51.5051120" lon="-0.1813960">
    <ele>24.3</ele>
    <time>2026-10-04T16:11:25Z</time>
   </trkpt>
   <trkpt lat="51.5051240" lon="-0.1814340">
    <ele>24.3</ele>
    <time>2026-10-04T16:11:26Z</time>
   </trkpt>
   <trkpt lat="51.5051190" lon="-0.1814610">
    <ele>24.3</ele>
    <time>2026-10-04T16:11:27Z</time>
   </trkpt>
   <trkpt lat="51.5051140" lon="-0.1814910">
    <ele>24.3</ele>
    <time>2026-10-04T16:11:28Z</time>
   </trkpt>
   <trkpt lat="51.5051490" lon="-0.1814770">
    <ele>24.3</ele>
    <time>2026-10-04T16:11:29Z</time>
   </trkpt>
   <trkpt lat="51.5051450" lon="-0.1813940">
    <ele>24.3</ele>
    <time>2026-10-04T16:11:30Z</time>
   </trkpt>
   <trkpt lat="51.5051710" lon="-0.1812950">
    <ele>24.3</ele>
    <time>2026-10-04T16:11:31Z</time>
   </trkpt>
   <trkpt lat="51.5051840" lon="-0.1812420">
    <ele>24.3</ele>
    <time>2026-10-04T16:11:32Z</time>
   </trkpt>
   <trkpt lat="51.5051970" lon="-0.1811690">
    <ele>24.3</ele>
    <time>2026-10-04T16:11:33Z</time>
   </trkpt>
   <trkpt lat="51.5052220" lon="-0.1811360">
    <ele>24.3</ele>
    <time>2026-10-04T16:11:34Z</time>
   </trkpt>
   <trkpt lat="51.5052240" lon="-0.1810530">
    <ele>24.3</ele>
    <time>2026-10-04T16:11:35Z</time>
   </trkpt>
   <trkpt lat="51.5052240" lon="-0.1810530">
    <ele>24.3</ele>
    <time>2026-10-04T16:11:36Z</time>
   </trkpt>
   <trkpt lat="51.5052240" lon="-0.1810530">
    <ele>24.3</ele>
    <time>2026-10-04T16:11:37Z</time>
   </trkpt>
   <trkpt lat="51.5052240" lon="-0.1810530">
    <ele>24.3</ele>
    <time>2026-10-04T16:11:38Z</time>
   </trkpt>
   <trkpt lat="51.5052240" lon="-0.1810530">
    <ele>24.3</ele>
    <time>2026-10-04T16:11:39Z</time>
   </trkpt>
   <trkpt lat="51.5052240" lon="-0.1810530">
    <ele>24.3</ele>
    <time>2026-10-04T16:11:40Z</time>
   </trkpt>
   <trkpt lat="51.5052130" lon="-0.1810390">
    <ele>24.3</ele>
    <time>2026-10-04T16:11:41Z</time>
   </trkpt>
   <trkpt lat="51.5052130" lon="-0.1810390">
    <ele>24.3</ele>
    <time>2026-10-04T16:11:42Z</time>
   </trkpt>
   <trkpt lat="51.5052130" lon="-0.1810390">
    <ele>24.3</ele>
    <time>2026-10-04T16:11:43Z</time>
   </trkpt>
   <trkpt lat="51.5052130" lon="-0.1810390">
    <ele>24.3</ele>
    <time>2026-10-04T16:11:44Z</time>
   </trkpt>
   <trkpt lat="51.5052130" lon="-0.1810390">
    <ele>24.3</ele>
    <time>2026-10-04T16:11:45Z</time>
   </trkpt>
   <trkpt lat="51.5052130" lon="-0.1810390">
    <ele>24.3</ele>
    <time>2026-10-04T16:11:46Z</time>
   </trkpt>
   <trkpt lat="51.5052130" lon="-0.1810390">
    <ele>24.3</ele>
    <time>2026-10-04T16:11:48Z</time>
   </trkpt>
   <trkpt lat="51.5052130" lon="-0.1810390">
    <ele>24.3</ele>
    <time>2026-10-04T16:11:49Z</time>
   </trkpt>
   <trkpt lat="51.5051960" lon="-0.1810170">
    <ele>24.3</ele>
    <time>2026-10-04T17:32:13Z</time>
   </trkpt>
   <trkpt lat="51.5051960" lon="-0.1810170">
    <ele>24.3</ele>
    <time>2026-10-04T17:32:14Z</time>
   </trkpt>
   <trkpt lat="51.5051960" lon="-0.1810170">
    <ele>24.3</ele>
    <time>2026-10-04T17:32:15Z</time>
   </trkpt>
   <trkpt lat="51.5051960" lon="-0.1810170">
    <ele>24.3</ele>
    <time>2026-10-04T17:32:16Z</time>
   </trkpt>
   <trkpt lat="51.5051960" lon="-0.1810170">
    <ele>24.3</ele>
    <time>2026-10-04T17:32:17Z</time>
   </trkpt>
   <trkpt lat="51.5051960" lon="-0.1810170">
    <ele>24.3</ele>
    <time>2026-10-04T17:32:18Z</time>
   </trkpt>
   <trkpt lat="51.5051750" lon="-0.1810190">
    <ele>24.3</ele>
    <time>2026-10-04T17:32:19Z</time>
   </trkpt>
   <trkpt lat="51.5052370" lon="-0.1809700">
    <ele>24.4</ele>
    <time>2026-10-04T17:32:20Z</time>
   </trkpt>
   <trkpt lat="51.5052480" lon="-0.1809720">
    <ele>24.4</ele>
    <time>2026-10-04T17:32:21Z</time>
   </trkpt>
   <trkpt lat="51.5052480" lon="-0.1809640">
    <ele>24.4</ele>
    <time>2026-10-04T17:32:22Z</time>
   </trkpt>
   <trkpt lat="51.5052490" lon="-0.1809580">
    <ele>24.4</ele>
    <time>2026-10-04T17:32:23Z</time>
   </trkpt>
   <trkpt lat="51.5052520" lon="-0.1809660">
    <ele>24.4</ele>
    <time>2026-10-04T17:32:24Z</time>
   </trkpt>
   <trkpt lat="51.5052530" lon="-0.1809520">
    <ele>24.4</ele>
    <time>2026-10-04T17:32:25Z</time>
   </trkpt>
   <trkpt lat="51.5052510" lon="-0.1809530">
    <ele>24.4</ele>
    <time>2026-10-04T17:32:26Z</time>
   </trkpt>
   <trkpt lat="51.5052450" lon="-0.1809600">
    <ele>24.4</ele>
    <time>2026-10-04T17:32:27Z</time>
   </trkpt>
   <trkpt lat="51.5052440" lon="-0.1809380">
    <ele>24.4</ele>
    <time>2026-10-04T17:32:28Z</time>
   </trkpt>
   <trkpt lat="51.5052570" lon="-0.1809250">
    <ele>24.4</ele>
    <time>2026-10-04T17:32:29Z</time>
   </trkpt>
   <trkpt lat="51.5052450" lon="-0.1809460">
    <ele>24.4</ele>
    <time>2026-10-04T17:32:30Z</time>
   </trkpt>
   <trkpt lat="51.5052420" lon="-0.1809340">
    <ele>24.4</ele>
    <time>2026-10-04T17:32:31Z</time>
   </trkpt>
   <trkpt lat="51.5052460" lon="-0.1809520">
    <ele>24.4</ele>
    <time>2026-10-04T17:32:32Z</time>
   </trkpt>
   <trkpt lat="51.5052430" lon="-0.1809650">
    <ele>24.4</ele>
    <time>2026-10-04T17:32:33Z</time>
   </trkpt>
   <trkpt lat="51.5052500" lon="-0.1809610">
    <ele>24.4</ele>
    <time>2026-10-04T17:32:34Z</time>
   </trkpt>
   <trkpt lat="51.5052490" lon="-0.1809620">
    <ele>24.4</ele>
    <time>2026-10-04T17:32:35Z</time>
   </trkpt>
   <trkpt lat="51.5052500" lon="-0.1809630">
    <ele>24.4</ele>
    <time>2026-10-04T17:32:36Z</time>
   </trkpt>
   <trkpt lat="51.5052550" lon="-0.1809600">
    <ele>24.4</ele>
    <time>2026-10-04T17:32:37Z</time>
   </trkpt>
   <trkpt lat="51.5052590" lon="-0.1809630">
    <ele>24.4</ele>
    <time>2026-10-04T17:32:38Z</time>
   </trkpt>
   <trkpt lat="51.5052700" lon="-0.1809660">
    <ele>24.5</ele>
    <time>2026-10-04T17:32:39Z</time>
   </trkpt>
   <trkpt lat="51.5052290" lon="-0.1809710">
    <ele>24.4</ele>
    <time>2026-10-04T17:33:04Z</time>
   </trkpt>
   <trkpt lat="51.5052260" lon="-0.1809620">
    <ele>24.4</ele>
    <time>2026-10-04T17:33:05Z</time>
   </trkpt>
   <trkpt lat="51.5052230" lon="-0.1809530">
    <ele>24.4</ele>
    <time>2026-10-04T17:33:06Z</time>
   </trkpt>
   <trkpt lat="51.5052130" lon="-0.1809520">
    <ele>24.4</ele>
    <time>2026-10-04T17:33:07Z</time>
   </trkpt>
   <trkpt lat="51.5051990" lon="-0.1809530">
    <ele>24.4</ele>
    <time>2026-10-04T17:33:08Z</time>
   </trkpt>
   <trkpt lat="51.5051900" lon="-0.1809420">
    <ele>24.4</ele>
    <time>2026-10-04T17:33:09Z</time>
   </trkpt>
   <trkpt lat="51.5051850" lon="-0.1809150">
    <ele>24.3</ele>
    <time>2026-10-04T17:33:10Z</time>
   </trkpt>
   <trkpt lat="51.5051820" lon="-0.1809120">
    <ele>24.3</ele>
    <time>2026-10-04T17:33:11Z</time>
   </trkpt>
   <trkpt lat="51.5051790" lon="-0.1809140">
    <ele>24.3</ele>
    <time>2026-10-04T17:33:12Z</time>
   </trkpt>
   <trkpt lat="51.5051770" lon="-0.1809150">
    <ele>24.3</ele>
    <time>2026-10-04T17:33:13Z</time>
   </trkpt>
   <trkpt lat="51.5051780" lon="-0.1809200">
    <ele>24.3</ele>
    <time>2026-10-04T17:33:14Z</time>
   </trkpt>
   <trkpt lat="51.5051620" lon="-0.1809150">
    <ele>24.3</ele>
    <time>2026-10-04T17:33:15Z</time>
   </trkpt>
   <trkpt lat="51.5051580" lon="-0.1809050">
    <ele>24.3</ele>
    <time>2026-10-04T17:33:16Z</time>
   </trkpt>
   <trkpt lat="51.5051500" lon="-0.1809010">
    <ele>24.3</ele>
    <time>2026-10-04T17:33:17Z</time>
   </trkpt>
   <trkpt lat="51.5051390" lon="-0.1808990">
    <ele>24.3</ele>
    <time>2026-10-04T17:33:18Z</time>
   </trkpt>
   <trkpt lat="51.5051270" lon="-0.1808880">
    <ele>24.2</ele>
    <time>2026-10-04T17:33:19Z</time>
   </trkpt>
   <trkpt lat="51.5051170" lon="-0.1808740">
    <ele>24.2</ele>
    <time>2026-10-04T17:33:20Z</time>
   </trkpt>
   <trkpt lat="51.5051100" lon="-0.1808610">
    <ele>24.2</ele>
    <time>2026-10-04T17:33:21Z</time>
   </trkpt>
   <trkpt lat="51.5051050" lon="-0.1808560">
    <ele>24.2</ele>
    <time>2026-10-04T17:33:22Z</time>
   </trkpt>
   <trkpt lat="51.5051070" lon="-0.1808540">
    <ele>24.2</ele>
    <time>2026-10-04T17:33:23Z</time>
   </trkpt>
   <trkpt lat="51.5051090" lon="-0.1808570">
    <ele>24.2</ele>
    <time>2026-10-04T17:33:24Z</time>
   </trkpt>
   <trkpt lat="51.5051020" lon="-0.1808490">
    <ele>24.2</ele>
    <time>2026-10-04T17:33:25Z</time>
   </trkpt>
   <trkpt lat="51.5050930" lon="-0.1808320">
    <ele>24.2</ele>
    <time>2026-10-04T17:33:26Z</time>
   </trkpt>
   <trkpt lat="51.5050870" lon="-0.1808170">
    <ele>24.2</ele>
    <time>2026-10-04T17:33:27Z</time>
   </trkpt>
   <trkpt lat="51.5050750" lon="-0.1808120">
    <ele>24.2</ele>
    <time>2026-10-04T17:33:28Z</time>
   </trkpt>
   <trkpt lat="51.5050600" lon="-0.1808110">
    <ele>24.2</ele>
    <time>2026-10-04T17:33:29Z</time>
   </trkpt>
   <trkpt lat="51.5050510" lon="-0.1808090">
    <ele>24.1</ele>
    <time>2026-10-04T17:33:30Z</time>
   </trkpt>
   <trkpt lat="51.5050390" lon="-0.1808000">
    <ele>24.1</ele>
    <time>2026-10-04T17:33:31Z</time>
   </trkpt>
   <trkpt lat="51.5050260" lon="-0.1807960">
    <ele>24.1</ele>
    <time>2026-10-04T17:33:32Z</time>
   </trkpt>
   <trkpt lat="51.5050200" lon="-0.1807930">
    <ele>24.1</ele>
    <time>2026-10-04T17:33:33Z</time>
   </trkpt>
   <trkpt lat="51.5050140" lon="-0.1807730">
    <ele>24.1</ele>
    <time>2026-10-04T17:33:34Z</time>
   </trkpt>
   <trkpt lat="51.5050000" lon="-0.1807570">
    <ele>24.1</ele>
    <time>2026-10-04T17:33:35Z</time>
   </trkpt>
   <trkpt lat="51.5049910" lon="-0.1807430">
    <ele>24.1</ele>
    <time>2026-10-04T17:33:36Z</time>
   </trkpt>
   <trkpt lat="51.5049800" lon="-0.1807350">
    <ele>24.1</ele>
    <time>2026-10-04T17:33:37Z</time>
   </trkpt>
   <trkpt lat="51.5049730" lon="-0.1807210">
    <ele>24.1</ele>
    <time>2026-10-04T17:33:38Z</time>
   </trkpt>
   <trkpt lat="51.5049590" lon="-0.1807090">
    <ele>24.1</ele>
    <time>2026-10-04T17:33:39Z</time>
   </trkpt>
   <trkpt lat="51.5049490" lon="-0.1806970">
    <ele>24.1</ele>
    <time>2026-10-04T17:33:40Z</time>
   </trkpt>
   <trkpt lat="51.5049430" lon="-0.1806930">
    <ele>24.1</ele>
    <time>2026-10-04T17:33:41Z</time>
   </trkpt>
   <trkpt lat="51.5049410" lon="-0.1806810">
    <ele>24.1</ele>
    <time>2026-10-04T17:33:42Z</time>
   </trkpt>
   <trkpt lat="51.5049370" lon="-0.1806600">
    <ele>24.1</ele>
    <time>2026-10-04T17:33:43Z</time>
   </trkpt>
   <trkpt lat="51.5049340" lon="-0.1806370">
    <ele>24.1</ele>
    <time>2026-10-04T17:33:44Z</time>
   </trkpt>
   <trkpt lat="51.5049260" lon="-0.1806240">
    <ele>24.1</ele>
    <time>2026-10-04T17:33:45Z</time>
   </trkpt>
   <trkpt lat="51.5049200" lon="-0.1806140">
    <ele>24.0</ele>
    <time>2026-10-04T17:33:46Z</time>
   </trkpt>
   <trkpt lat="51.5049150" lon="-0.1805980">
    <ele>24.0</ele>
    <time>2026-10-04T17:33:47Z</time>
   </trkpt>
   <trkpt lat="51.5049100" lon="-0.1805870">
    <ele>24.0</ele>
    <time>2026-10-04T17:33:48Z</time>
   </trkpt>
   <trkpt lat="51.5049040" lon="-0.1805720">
    <ele>24.0</ele>
    <time>2026-10-04T17:33:49Z</time>
   </trkpt>
   <trkpt lat="51.5048920" lon="-0.1805600">
    <ele>24.0</ele>
    <time>2026-10-04T17:33:50Z</time>
   </trkpt>
   <trkpt lat="51.5048840" lon="-0.1805490">
    <ele>24.0</ele>
    <time>2026-10-04T17:33:51Z</time>
   </trkpt>
   <trkpt lat="51.5048750" lon="-0.1805360">
    <ele>24.0</ele>
    <time>2026-10-04T17:33:52Z</time>
   </trkpt>
   <trkpt lat="51.5048620" lon="-0.1805210">
    <ele>24.0</ele>
    <time>2026-10-04T17:33:53Z</time>
   </trkpt>
   <trkpt lat="51.5048550" lon="-0.1805090">
    <ele>24.0</ele>
    <time>2026-10-04T17:33:54Z</time>
   </trkpt>
   <trkpt lat="51.5048480" lon="-0.1804970">
    <ele>24.0</ele>
    <time>2026-10-04T17:33:55Z</time>
   </trkpt>
   <trkpt lat="51.5048380" lon="-0.1804810">
    <ele>24.0</ele>
    <time>2026-10-04T17:33:56Z</time>
   </trkpt>
   <trkpt lat="51.5048240" lon="-0.1804640">
    <ele>24.0</ele>
    <time>2026-10-04T17:33:57Z</time>
   </trkpt>
   <trkpt lat="51.5048200" lon="-0.1804580">
    <ele>24.0</ele>
    <time>2026-10-04T17:33:58Z</time>
   </trkpt>
   <trkpt lat="51.5048090" lon="-0.1804430">
    <ele>23.9</ele>
    <time>2026-10-04T17:33:59Z</time>
   </trkpt>
   <trkpt lat="51.5047980" lon="-0.1804280">
    <ele>23.9</ele>
    <time>2026-10-04T17:34:00Z</time>
   </trkpt>
   <trkpt lat="51.5047910" lon="-0.1804150">
    <ele>23.9</ele>
    <time>2026-10-04T17:34:01Z</time>
   </trkpt>
   <trkpt lat="51.5047790" lon="-0.1804050">
    <ele>23.9</ele>
    <time>2026-10-04T17:34:02Z</time>
   </trkpt>
   <trkpt lat="51.5047720" lon="-0.1803960">
    <ele>23.9</ele>
    <time>2026-10-04T17:34:03Z</time>
   </trkpt>
   <trkpt lat="51.5047610" lon="-0.1803830">
    <ele>23.9</ele>
    <time>2026-10-04T17:34:04Z</time>
   </trkpt>
   <trkpt lat="51.5047500" lon="-0.1803700">
    <ele>23.9</ele>
    <time>2026-10-04T17:34:05Z</time>
   </trkpt>
   <trkpt lat="51.5047370" lon="-0.1803610">
    <ele>23.9</ele>
    <time>2026-10-04T17:34:06Z</time>
   </trkpt>
   <trkpt lat="51.5047260" lon="-0.1803520">
    <ele>24.0</ele>
    <time>2026-10-04T17:34:07Z</time>
   </trkpt>
   <trkpt lat="51.5047130" lon="-0.1803410">
    <ele>24.0</ele>
    <time>2026-10-04T17:34:08Z</time>
   </trkpt>
   <trkpt lat="51.5046970" lon="-0.1803310">
    <ele>24.0</ele>
    <time>2026-10-04T17:34:09Z</time>
   </trkpt>
   <trkpt lat="51.5046930" lon="-0.1803270">
    <ele>24.0</ele>
    <time>2026-10-04T17:34:10Z</time>
   </trkpt>
   <trkpt lat="51.5046890" lon="-0.1803200">
    <ele>24.0</ele>
    <time>2026-10-04T17:34:11Z</time>
   </trkpt>
   <trkpt lat="51.5046810" lon="-0.1803110">
    <ele>24.1</ele>
    <time>2026-10-04T17:34:12Z</time>
   </trkpt>
   <trkpt lat="51.5046730" lon="-0.1803000">
    <ele>24.1</ele>
    <time>2026-10-04T17:34:13Z</time>
   </trkpt>
   <trkpt lat="51.5046610" lon="-0.1802900">
    <ele>24.1</ele>
    <time>2026-10-04T17:34:14Z</time>
   </trkpt>
   <trkpt lat="51.5046520" lon="-0.1802680">
    <ele>24.1</ele>
    <time>2026-10-04T17:34:15Z</time>
   </trkpt>
   <trkpt lat="51.5046440" lon="-0.1802500">
    <ele>24.1</ele>
    <time>2026-10-04T17:34:16Z</time>
   </trkpt>
   <trkpt lat="51.5046410" lon="-0.1802460">
    <ele>24.1</ele>
    <time>2026-10-04T17:34:17Z</time>
   </trkpt>
   <trkpt lat="51.5046350" lon="-0.1802340">
    <ele>24.1</ele>
    <time>2026-10-04T17:34:18Z</time>
   </trkpt>
   <trkpt lat="51.5046290" lon="-0.1802150">
    <ele>24.1</ele>
    <time>2026-10-04T17:34:19Z</time>
   </trkpt>
   <trkpt lat="51.5046280" lon="-0.1801860">
    <ele>24.1</ele>
    <time>2026-10-04T17:34:20Z</time>
   </trkpt>
   <trkpt lat="51.5046310" lon="-0.1801680">
    <ele>24.1</ele>
    <time>2026-10-04T17:34:21Z</time>
   </trkpt>
   <trkpt lat="51.5046320" lon="-0.1801470">
    <ele>24.1</ele>
    <time>2026-10-04T17:34:22Z</time>
   </trkpt>
   <trkpt lat="51.5046320" lon="-0.1801200">
    <ele>24.1</ele>
    <time>2026-10-04T17:34:23Z</time>
   </trkpt>
   <trkpt lat="51.5046270" lon="-0.1801080">
    <ele>24.1</ele>
    <time>2026-10-04T17:34:24Z</time>
   </trkpt>
   <trkpt lat="51.5046230" lon="-0.1800850">
    <ele>24.1</ele>
    <time>2026-10-04T17:34:25Z</time>
   </trkpt>
   <trkpt lat="51.5046290" lon="-0.1800470">
    <ele>24.0</ele>
    <time>2026-10-04T17:34:26Z</time>
   </trkpt>
   <trkpt lat="51.5046270" lon="-0.1800370">
    <ele>24.0</ele>
    <time>2026-10-04T17:34:27Z</time>
   </trkpt>
   <trkpt lat="51.5046240" lon="-0.1800120">
    <ele>24.0</ele>
    <time>2026-10-04T17:34:28Z</time>
   </trkpt>
   <trkpt lat="51.5046210" lon="-0.1799900">
    <ele>24.0</ele>
    <time>2026-10-04T17:34:29Z</time>
   </trkpt>
   <trkpt lat="51.5046150" lon="-0.1799730">
    <ele>24.0</ele>
    <time>2026-10-04T17:34:30Z</time>
   </trkpt>
   <trkpt lat="51.5046050" lon="-0.1799650">
    <ele>24.0</ele>
    <time>2026-10-04T17:34:31Z</time>
   </trkpt>
   <trkpt lat="51.5045990" lon="-0.1799480">
    <ele>24.0</ele>
    <time>2026-10-04T17:34:32Z</time>
   </trkpt>
   <trkpt lat="51.5045950" lon="-0.1799280">
    <ele>24.0</ele>
    <time>2026-10-04T17:34:33Z</time>
   </trkpt>
   <trkpt lat="51.5045890" lon="-0.1799060">
    <ele>24.0</ele>
    <time>2026-10-04T17:34:34Z</time>
   </trkpt>
   <trkpt lat="51.5045840" lon="-0.1798880">
    <ele>24.0</ele>
    <time>2026-10-04T17:34:35Z</time>
   </trkpt>
   <trkpt lat="51.5045800" lon="-0.1798610">
    <ele>23.9</ele>
    <time>2026-10-04T17:34:36Z</time>
   </trkpt>
   <trkpt lat="51.5045790" lon="-0.1798500">
    <ele>23.9</ele>
    <time>2026-10-04T17:34:37Z</time>
   </trkpt>
   <trkpt lat="51.5045790" lon="-0.1798260">
    <ele>23.9</ele>
    <time>2026-10-04T17:34:38Z</time>
   </trkpt>
   <trkpt lat="51.5045780" lon="-0.1798050">
    <ele>23.9</ele>
    <time>2026-10-04T17:34:39Z</time>
   </trkpt>
   <trkpt lat="51.5045730" lon="-0.1797790">
    <ele>23.9</ele>
    <time>2026-10-04T17:34:40Z</time>
   </trkpt>
   <trkpt lat="51.5045650" lon="-0.1797630">
    <ele>23.9</ele>
    <time>2026-10-04T17:34:41Z</time>
   </trkpt>
   <trkpt lat="51.5045640" lon="-0.1797430">
    <ele>23.8</ele>
    <time>2026-10-04T17:34:42Z</time>
   </trkpt>
   <trkpt lat="51.5045620" lon="-0.1797240">
    <ele>23.8</ele>
    <time>2026-10-04T17:34:43Z</time>
   </trkpt>
   <trkpt lat="51.5045640" lon="-0.1797120">
    <ele>23.8</ele>
    <time>2026-10-04T17:34:44Z</time>
   </trkpt>
   <trkpt lat="51.5045610" lon="-0.1796970">
    <ele>23.8</ele>
    <time>2026-10-04T17:34:45Z</time>
   </trkpt>
   <trkpt lat="51.5045540" lon="-0.1796820">
    <ele>23.8</ele>
    <time>2026-10-04T17:34:46Z</time>
   </trkpt>
   <trkpt lat="51.5045450" lon="-0.1796730">
    <ele>23.8</ele>
    <time>2026-10-04T17:34:47Z</time>
   </trkpt>
   <trkpt lat="51.5045290" lon="-0.1796680">
    <ele>23.8</ele>
    <time>2026-10-04T17:34:48Z</time>
   </trkpt>
   <trkpt lat="51.5045130" lon="-0.1796630">
    <ele>23.8</ele>
    <time>2026-10-04T17:34:49Z</time>
   </trkpt>
   <trkpt lat="51.5045040" lon="-0.1796790">
    <ele>23.8</ele>
    <time>2026-10-04T17:34:50Z</time>
   </trkpt>
   <trkpt lat="51.5044920" lon="-0.1796850">
    <ele>23.8</ele>
    <time>2026-10-04T17:34:51Z</time>
   </trkpt>
   <trkpt lat="51.5044830" lon="-0.1796910">
    <ele>23.8</ele>
    <time>2026-10-04T17:34:52Z</time>
   </trkpt>
   <trkpt lat="51.5044770" lon="-0.1796970">
    <ele>23.8</ele>
    <time>2026-10-04T17:34:53Z</time>
   </trkpt>
   <trkpt lat="51.5044640" lon="-0.1797010">
    <ele>23.8</ele>
    <time>2026-10-04T17:34:54Z</time>
   </trkpt>
   <trkpt lat="51.5044510" lon="-0.1797080">
    <ele>23.8</ele>
    <time>2026-10-04T17:34:55Z</time>
   </trkpt>
   <trkpt lat="51.5044400" lon="-0.1797060">
    <ele>23.8</ele>
    <time>2026-10-04T17:34:56Z</time>
   </trkpt>
   <trkpt lat="51.5044280" lon="-0.1797060">
    <ele>23.8</ele>
    <time>2026-10-04T17:34:57Z</time>
   </trkpt>
   <trkpt lat="51.5044170" lon="-0.1797190">
    <ele>23.8</ele>
    <time>2026-10-04T17:34:58Z</time>
   </trkpt>
   <trkpt lat="51.5044080" lon="-0.1797310">
    <ele>23.8</ele>
    <time>2026-10-04T17:34:59Z</time>
   </trkpt>
   <trkpt lat="51.5044050" lon="-0.1797340">
    <ele>23.8</ele>
    <time>2026-10-04T17:35:00Z</time>
   </trkpt>
   <trkpt lat="51.5044030" lon="-0.1797330">
    <ele>23.8</ele>
    <time>2026-10-04T17:35:01Z</time>
   </trkpt>
   <trkpt lat="51.5044000" lon="-0.1797330">
    <ele>23.8</ele>
    <time>2026-10-04T17:35:02Z</time>
   </trkpt>
   <trkpt lat="51.5044120" lon="-0.1797310">
    <ele>23.8</ele>
    <time>2026-10-04T17:35:03Z</time>
   </trkpt>
   <trkpt lat="51.5043990" lon="-0.1797460">
    <ele>23.8</ele>
    <time>2026-10-04T17:35:04Z</time>
   </trkpt>
   <trkpt lat="51.5043970" lon="-0.1797530">
    <ele>23.8</ele>
    <time>2026-10-04T17:35:05Z</time>
   </trkpt>
   <trkpt lat="51.5043910" lon="-0.1797570">
    <ele>23.8</ele>
    <time>2026-10-04T17:35:06Z</time>
   </trkpt>
   <trkpt lat="51.5043720" lon="-0.1797700">
    <ele>23.8</ele>
    <time>2026-10-04T17:35:07Z</time>
   </trkpt>
   <trkpt lat="51.5043440" lon="-0.1797980">
    <ele>23.8</ele>
    <time>2026-10-04T17:35:08Z</time>
   </trkpt>
   <trkpt lat="51.5043280" lon="-0.1798230">
    <ele>23.8</ele>
    <time>2026-10-04T17:35:09Z</time>
   </trkpt>
   <trkpt lat="51.5043200" lon="-0.1798770">
    <ele>23.8</ele>
    <time>2026-10-04T17:35:10Z</time>
   </trkpt>
   <trkpt lat="51.5043180" lon="-0.1798920">
    <ele>23.8</ele>
    <time>2026-10-04T17:35:11Z</time>
   </trkpt>
   <trkpt lat="51.5043130" lon="-0.1799290">
    <ele>23.8</ele>
    <time>2026-10-04T17:35:12Z</time>
   </trkpt>
   <trkpt lat="51.5043070" lon="-0.1799630">
    <ele>23.8</ele>
    <time>2026-10-04T17:35:13Z</time>
   </trkpt>
   <trkpt lat="51.5042930" lon="-0.1799970">
    <ele>23.8</ele>
    <time>2026-10-04T17:35:14Z</time>
   </trkpt>
   <trkpt lat="51.5043010" lon="-0.1800400">
    <ele>23.8</ele>
    <time>2026-10-04T17:35:15Z</time>
   </trkpt>
   <trkpt lat="51.5042880" lon="-0.1800600">
    <ele>23.7</ele>
    <time>2026-10-04T17:35:16Z</time>
   </trkpt>
   <trkpt lat="51.5042650" lon="-0.1800560">
    <ele>23.7</ele>
    <time>2026-10-04T17:35:17Z</time>
   </trkpt>
   <trkpt lat="51.5042420" lon="-0.1800390">
    <ele>23.7</ele>
    <time>2026-10-04T17:35:18Z</time>
   </trkpt>
   <trkpt lat="51.5042350" lon="-0.1800210">
    <ele>23.7</ele>
    <time>2026-10-04T17:35:19Z</time>
   </trkpt>
   <trkpt lat="51.5042330" lon="-0.1800190">
    <ele>23.7</ele>
    <time>2026-10-04T17:35:20Z</time>
   </trkpt>
   <trkpt lat="51.5042400" lon="-0.1800230">
    <ele>23.7</ele>
    <time>2026-10-04T17:35:21Z</time>
   </trkpt>
   <trkpt lat="51.5042360" lon="-0.1800260">
    <ele>23.7</ele>
    <time>2026-10-04T17:35:22Z</time>
   </trkpt>
   <trkpt lat="51.5042370" lon="-0.1800280">
    <ele>23.7</ele>
    <time>2026-10-04T17:35:23Z</time>
   </trkpt>
   <trkpt lat="51.5042360" lon="-0.1800210">
    <ele>23.7</ele>
    <time>2026-10-04T17:35:24Z</time>
   </trkpt>
   <trkpt lat="51.5042390" lon="-0.1800100">
    <ele>23.7</ele>
    <time>2026-10-04T17:35:25Z</time>
   </trkpt>
   <trkpt lat="51.5042500" lon="-0.1799930">
    <ele>23.7</ele>
    <time>2026-10-04T17:35:26Z</time>
   </trkpt>
   <trkpt lat="51.5042490" lon="-0.1800170">
    <ele>23.7</ele>
    <time>2026-10-04T17:35:27Z</time>
   </trkpt>
   <trkpt lat="51.5042410" lon="-0.1800290">
    <ele>23.7</ele>
    <time>2026-10-04T17:35:28Z</time>
   </trkpt>
   <trkpt lat="51.5042420" lon="-0.1800440">
    <ele>23.7</ele>
    <time>2026-10-04T17:35:29Z</time>
   </trkpt>
   <trkpt lat="51.5042400" lon="-0.1800300">
    <ele>23.7</ele>
    <time>2026-10-04T17:35:30Z</time>
   </trkpt>
   <trkpt lat="51.5042390" lon="-0.1800310">
    <ele>23.7</ele>
    <time>2026-10-04T17:35:31Z</time>
   </trkpt>
   <trkpt lat="51.5042460" lon="-0.1800370">
    <ele>23.7</ele>
    <time>2026-10-04T17:35:32Z</time>
   </trkpt>
   <trkpt lat="51.5042410" lon="-0.1800240">
    <ele>23.7</ele>
    <time>2026-10-04T17:35:33Z</time>
   </trkpt>
   <trkpt lat="51.5042390" lon="-0.1800030">
    <ele>23.7</ele>
    <time>2026-10-04T17:35:34Z</time>
   </trkpt>
   <trkpt lat="51.5042360" lon="-0.1799610">
    <ele>23.7</ele>
    <time>2026-10-04T17:35:35Z</time>
   </trkpt>
   <trkpt lat="51.5042530" lon="-0.1799140">
    <ele>23.7</ele>
    <time>2026-10-04T17:35:36Z</time>
   </trkpt>
   <trkpt lat="51.5042520" lon="-0.1798760">
    <ele>23.7</ele>
    <time>2026-10-04T17:35:37Z</time>
   </trkpt>
   <trkpt lat="51.5042520" lon="-0.1798510">
    <ele>23.7</ele>
    <time>2026-10-04T17:35:38Z</time>
   </trkpt>
   <trkpt lat="51.5042480" lon="-0.1798670">
    <ele>23.7</ele>
    <time>2026-10-04T17:35:39Z</time>
   </trkpt>
   <trkpt lat="51.5042490" lon="-0.1798750">
    <ele>23.7</ele>
    <time>2026-10-04T17:35:40Z</time>
   </trkpt>
   <trkpt lat="51.5042480" lon="-0.1798740">
    <ele>23.7</ele>
    <time>2026-10-04T17:35:41Z</time>
   </trkpt>
   <trkpt lat="51.5042480" lon="-0.1798750">
    <ele>23.7</ele>
    <time>2026-10-04T17:35:42Z</time>
   </trkpt>
   <trkpt lat="51.5042480" lon="-0.1798760">
    <ele>23.7</ele>
    <time>2026-10-04T17:35:43Z</time>
   </trkpt>
   <trkpt lat="51.5042470" lon="-0.1798760">
    <ele>23.7</ele>
    <time>2026-10-04T17:35:44Z</time>
   </trkpt>
   <trkpt lat="51.5042460" lon="-0.1798750">
    <ele>23.7</ele>
    <time>2026-10-04T17:35:45Z</time>
   </trkpt>
   <trkpt lat="51.5042400" lon="-0.1798630">
    <ele>23.6</ele>
    <time>2026-10-04T17:35:46Z</time>
   </trkpt>
   <trkpt lat="51.5042230" lon="-0.1798540">
    <ele>23.6</ele>
    <time>2026-10-04T17:35:47Z</time>
   </trkpt>
   <trkpt lat="51.5042090" lon="-0.1798490">
    <ele>23.6</ele>
    <time>2026-10-04T17:35:48Z</time>
   </trkpt>
   <trkpt lat="51.5041870" lon="-0.1798570">
    <ele>23.6</ele>
    <time>2026-10-04T17:35:49Z</time>
   </trkpt>
   <trkpt lat="51.5041710" lon="-0.1798650">
    <ele>23.6</ele>
    <time>2026-10-04T17:35:50Z</time>
   </trkpt>
   <trkpt lat="51.5041510" lon="-0.1798810">
    <ele>23.5</ele>
    <time>2026-10-04T17:35:51Z</time>
   </trkpt>
   <trkpt lat="51.5041340" lon="-0.1798970">
    <ele>23.5</ele>
    <time>2026-10-04T17:35:52Z</time>
   </trkpt>
   <trkpt lat="51.5041140" lon="-0.1799020">
    <ele>23.5</ele>
    <time>2026-10-04T17:35:53Z</time>
   </trkpt>
   <trkpt lat="51.5040950" lon="-0.1799140">
    <ele>23.4</ele>
    <time>2026-10-04T17:35:54Z</time>
   </trkpt>
   <trkpt lat="51.5040820" lon="-0.1799310">
    <ele>23.4</ele>
    <time>2026-10-04T17:35:55Z</time>
   </trkpt>
   <trkpt lat="51.5040660" lon="-0.1799380">
    <ele>23.4</ele>
    <time>2026-10-04T17:35:56Z</time>
   </trkpt>
   <trkpt lat="51.5040530" lon="-0.1799450">
    <ele>23.3</ele>
    <time>2026-10-04T17:35:57Z</time>
   </trkpt>
   <trkpt lat="51.5040390" lon="-0.1799520">
    <ele>23.3</ele>
    <time>2026-10-04T17:35:58Z</time>
   </trkpt>
   <trkpt lat="51.5040290" lon="-0.1799640">
    <ele>23.3</ele>
    <time>2026-10-04T17:35:59Z</time>
   </trkpt>
   <trkpt lat="51.5040170" lon="-0.1799710">
    <ele>23.3</ele>
    <time>2026-10-04T17:36:00Z</time>
   </trkpt>
   <trkpt lat="51.5040040" lon="-0.1799720">
    <ele>23.2</ele>
    <time>2026-10-04T17:36:01Z</time>
   </trkpt>
   <trkpt lat="51.5039900" lon="-0.1799830">
    <ele>23.2</ele>
    <time>2026-10-04T17:36:02Z</time>
   </trkpt>
   <trkpt lat="51.5039730" lon="-0.1799930">
    <ele>23.2</ele>
    <time>2026-10-04T17:36:03Z</time>
   </trkpt>
   <trkpt lat="51.5039590" lon="-0.1800050">
    <ele>23.1</ele>
    <time>2026-10-04T17:36:04Z</time>
   </trkpt>
   <trkpt lat="51.5039460" lon="-0.1800220">
    <ele>23.1</ele>
    <time>2026-10-04T17:36:05Z</time>
   </trkpt>
   <trkpt lat="51.5039260" lon="-0.1800320">
    <ele>23.0</ele>
    <time>2026-10-04T17:36:06Z</time>
   </trkpt>
   <trkpt lat="51.5039130" lon="-0.1800450">
    <ele>23.0</ele>
    <time>2026-10-04T17:36:07Z</time>
   </trkpt>
   <trkpt lat="51.5038970" lon="-0.1800530">
    <ele>22.9</ele>
    <time>2026-10-04T17:36:08Z</time>
   </trkpt>
   <trkpt lat="51.5038750" lon="-0.1800640">
    <ele>22.9</ele>
    <time>2026-10-04T17:36:09Z</time>
   </trkpt>
   <trkpt lat="51.5038580" lon="-0.1800820">
    <ele>22.8</ele>
    <time>2026-10-04T17:36:10Z</time>
   </trkpt>
   <trkpt lat="51.5038390" lon="-0.1801010">
    <ele>22.8</ele>
    <time>2026-10-04T17:36:11Z</time>
   </trkpt>
   <trkpt lat="51.5038210" lon="-0.1801110">
    <ele>22.7</ele>
    <time>2026-10-04T17:36:12Z</time>
   </trkpt>
   <trkpt lat="51.5037920" lon="-0.1801360">
    <ele>22.6</ele>
    <time>2026-10-04T17:36:13Z</time>
   </trkpt>
   <trkpt lat="51.5037760" lon="-0.1801380">
    <ele>22.6</ele>
    <time>2026-10-04T17:36:14Z</time>
   </trkpt>
   <trkpt lat="51.5037630" lon="-0.1801530">
    <ele>22.6</ele>
    <time>2026-10-04T17:36:15Z</time>
   </trkpt>
   <trkpt lat="51.5037430" lon="-0.1801640">
    <ele>22.5</ele>
    <time>2026-10-04T17:36:16Z</time>
   </trkpt>
   <trkpt lat="51.5037150" lon="-0.1801770">
    <ele>22.4</ele>
    <time>2026-10-04T17:36:17Z</time>
   </trkpt>
   <trkpt lat="51.5036910" lon="-0.1801890">
    <ele>22.4</ele>
    <time>2026-10-04T17:36:18Z</time>
   </trkpt>
   <trkpt lat="51.5036700" lon="-0.1802050">
    <ele>22.3</ele>
    <time>2026-10-04T17:36:19Z</time>
   </trkpt>
   <trkpt lat="51.5036640" lon="-0.1802130">
    <ele>22.3</ele>
    <time>2026-10-04T17:36:20Z</time>
   </trkpt>
   <trkpt lat="51.5036280" lon="-0.1802310">
    <ele>22.2</ele>
    <time>2026-10-04T17:36:21Z</time>
   </trkpt>
   <trkpt lat="51.5036030" lon="-0.1802420">
    <ele>22.1</ele>
    <time>2026-10-04T17:36:22Z</time>
   </trkpt>
   <trkpt lat="51.5035850" lon="-0.1802560">
    <ele>22.1</ele>
    <time>2026-10-04T17:36:23Z</time>
   </trkpt>
   <trkpt lat="51.5035620" lon="-0.1802690">
    <ele>22.0</ele>
    <time>2026-10-04T17:36:24Z</time>
   </trkpt>
   <trkpt lat="51.5035440" lon="-0.1802810">
    <ele>22.0</ele>
    <time>2026-10-04T17:36:25Z</time>
   </trkpt>
   <trkpt lat="51.5035230" lon="-0.1803010">
    <ele>21.9</ele>
    <time>2026-10-04T17:36:26Z</time>
   </trkpt>
   <trkpt lat="51.5034970" lon="-0.1803130">
    <ele>21.9</ele>
    <time>2026-10-04T17:36:27Z</time>
   </trkpt>
   <trkpt lat="51.5034740" lon="-0.1803230">
    <ele>21.8</ele>
    <time>2026-10-04T17:36:28Z</time>
   </trkpt>
   <trkpt lat="51.5034490" lon="-0.1803380">
    <ele>21.7</ele>
    <time>2026-10-04T17:36:29Z</time>
   </trkpt>
   <trkpt lat="51.5034240" lon="-0.1803510">
    <ele>21.7</ele>
    <time>2026-10-04T17:36:30Z</time>
   </trkpt>
   <trkpt lat="51.5033980" lon="-0.1803700">
    <ele>21.6</ele>
    <time>2026-10-04T17:36:31Z</time>
   </trkpt>
   <trkpt lat="51.5033730" lon="-0.1803870">
    <ele>21.5</ele>
    <time>2026-10-04T17:36:32Z</time>
   </trkpt>
   <trkpt lat="51.5033470" lon="-0.1804090">
    <ele>21.5</ele>
    <time>2026-10-04T17:36:33Z</time>
   </trkpt>
   <trkpt lat="51.5033080" lon="-0.1804050">
    <ele>21.4</ele>
    <time>2026-10-04T17:36:34Z</time>
   </trkpt>
   <trkpt lat="51.5032830" lon="-0.1804270">
    <ele>21.3</ele>
    <time>2026-10-04T17:36:35Z</time>
   </trkpt>
   <trkpt lat="51.5032420" lon="-0.1804700">
    <ele>21.2</ele>
    <time>2026-10-04T17:36:36Z</time>
   </trkpt>
   <trkpt lat="51.5032050" lon="-0.1804730">
    <ele>21.1</ele>
    <time>2026-10-04T17:36:37Z</time>
   </trkpt>
   <trkpt lat="51.5031750" lon="-0.1804920">
    <ele>21.0</ele>
    <time>2026-10-04T17:36:38Z</time>
   </trkpt>
   <trkpt lat="51.5031500" lon="-0.1805200">
    <ele>20.9</ele>
    <time>2026-10-04T17:36:39Z</time>
   </trkpt>
   <trkpt lat="51.5031180" lon="-0.1805390">
    <ele>20.8</ele>
    <time>2026-10-04T17:36:40Z</time>
   </trkpt>
   <trkpt lat="51.5030830" lon="-0.1805560">
    <ele>20.7</ele>
    <time>2026-10-04T17:36:41Z</time>
   </trkpt>
   <trkpt lat="51.5030460" lon="-0.1805740">
    <ele>20.6</ele>
    <time>2026-10-04T17:36:42Z</time>
   </trkpt>
   <trkpt lat="51.5030180" lon="-0.1805990">
    <ele>20.5</ele>
    <time>2026-10-04T17:36:43Z</time>
   </trkpt>
   <trkpt lat="51.5029880" lon="-0.1806200">
    <ele>20.4</ele>
    <time>2026-10-04T17:36:44Z</time>
   </trkpt>
   <trkpt lat="51.5029590" lon="-0.1806400">
    <ele>20.3</ele>
    <time>2026-10-04T17:36:45Z</time>
   </trkpt>
   <trkpt lat="51.5029320" lon="-0.1806540">
    <ele>20.2</ele>
    <time>2026-10-04T17:36:46Z</time>
   </trkpt>
   <trkpt lat="51.5029080" lon="-0.1806760">
    <ele>20.2</ele>
    <time>2026-10-04T17:36:47Z</time>
   </trkpt>
   <trkpt lat="51.5028780" lon="-0.1806820">
    <ele>20.1</ele>
    <time>2026-10-04T17:36:48Z</time>
   </trkpt>
   <trkpt lat="51.5028410" lon="-0.1806890">
    <ele>20.0</ele>
    <time>2026-10-04T17:36:49Z</time>
   </trkpt>
   <trkpt lat="51.5028230" lon="-0.1807200">
    <ele>19.9</ele>
    <time>2026-10-04T17:36:50Z</time>
   </trkpt>
   <trkpt lat="51.5027990" lon="-0.1807400">
    <ele>19.8</ele>
    <time>2026-10-04T17:36:51Z</time>
   </trkpt>
   <trkpt lat="51.5027820" lon="-0.1807570">
    <ele>19.8</ele>
    <time>2026-10-04T17:36:52Z</time>
   </trkpt>
   <trkpt lat="51.5027670" lon="-0.1807690">
    <ele>19.7</ele>
    <time>2026-10-04T17:36:53Z</time>
   </trkpt>
   <trkpt lat="51.5027470" lon="-0.1807760">
    <ele>19.7</ele>
    <time>2026-10-04T17:36:54Z</time>
   </trkpt>
   <trkpt lat="51.5027350" lon="-0.1807770">
    <ele>19.6</ele>
    <time>2026-10-04T17:36:55Z</time>
   </trkpt>
   <trkpt lat="51.5027130" lon="-0.1807840">
    <ele>19.6</ele>
    <time>2026-10-04T17:36:56Z</time>
   </trkpt>
   <trkpt lat="51.5027060" lon="-0.1807810">
    <ele>19.5</ele>
    <time>2026-10-04T17:36:57Z</time>
   </trkpt>
   <trkpt lat="51.5027080" lon="-0.1807750">
    <ele>19.5</ele>
    <time>2026-10-04T17:36:58Z</time>
   </trkpt>
   <trkpt lat="51.5027110" lon="-0.1807750">
    <ele>19.5</ele>
    <time>2026-10-04T17:36:59Z</time>
   </trkpt>
   <trkpt lat="51.5027140" lon="-0.1807730">
    <ele>19.5</ele>
    <time>2026-10-04T17:37:00Z</time>
   </trkpt>
   <trkpt lat="51.5027140" lon="-0.1807720">
    <ele>19.5</ele>
    <time>2026-10-04T17:37:01Z</time>
   </trkpt>
   <trkpt lat="51.5027080" lon="-0.1807710">
    <ele>19.5</ele>
    <time>2026-10-04T17:37:02Z</time>
   </trkpt>
   <trkpt lat="51.5027050" lon="-0.1807730">
    <ele>19.5</ele>
    <time>2026-10-04T17:37:03Z</time>
   </trkpt>
   <trkpt lat="51.5027100" lon="-0.1807740">
    <ele>19.5</ele>
    <time>2026-10-04T17:37:04Z</time>
   </trkpt>
   <trkpt lat="51.5027120" lon="-0.1807890">
    <ele>19.5</ele>
    <time>2026-10-04T17:37:05Z</time>
   </trkpt>
   <trkpt lat="51.5027040" lon="-0.1807830">
    <ele>19.4</ele>
    <time>2026-10-04T17:37:06Z</time>
   </trkpt>
   <trkpt lat="51.5026980" lon="-0.1807710">
    <ele>19.4</ele>
    <time>2026-10-04T17:37:07Z</time>
   </trkpt>
   <trkpt lat="51.5026950" lon="-0.1807730">
    <ele>19.4</ele>
    <time>2026-10-04T17:37:08Z</time>
   </trkpt>
   <trkpt lat="51.5026850" lon="-0.1807820">
    <ele>19.4</ele>
    <time>2026-10-04T17:37:09Z</time>
   </trkpt>
   <trkpt lat="51.5026670" lon="-0.1807890">
    <ele>19.3</ele>
    <time>2026-10-04T17:37:10Z</time>
   </trkpt>
   <trkpt lat="51.5026530" lon="-0.1807950">
    <ele>19.3</ele>
    <time>2026-10-04T17:37:11Z</time>
   </trkpt>
   <trkpt lat="51.5026380" lon="-0.1808080">
    <ele>19.3</ele>
    <time>2026-10-04T17:37:12Z</time>
   </trkpt>
   <trkpt lat="51.5026330" lon="-0.1808220">
    <ele>19.3</ele>
    <time>2026-10-04T17:37:13Z</time>
   </trkpt>
   <trkpt lat="51.5026120" lon="-0.1808310">
    <ele>19.2</ele>
    <time>2026-10-04T17:37:14Z</time>
   </trkpt>
   <trkpt lat="51.5025950" lon="-0.1808520">
    <ele>19.1</ele>
    <time>2026-10-04T17:37:15Z</time>
   </trkpt>
   <trkpt lat="51.5025780" lon="-0.1808660">
    <ele>19.1</ele>
    <time>2026-10-04T17:37:16Z</time>
   </trkpt>
   <trkpt lat="51.5025640" lon="-0.1808810">
    <ele>19.1</ele>
    <time>2026-10-04T17:37:17Z</time>
   </trkpt>
   <trkpt lat="51.5025520" lon="-0.1808830">
    <ele>19.1</ele>
    <time>2026-10-04T17:37:18Z</time>
   </trkpt>
   <trkpt lat="51.5025560" lon="-0.1808960">
    <ele>19.0</ele>
    <time>2026-10-04T17:37:19Z</time>
   </trkpt>
   <trkpt lat="51.5025410" lon="-0.1808940">
    <ele>19.0</ele>
    <time>2026-10-04T17:37:20Z</time>
   </trkpt>
   <trkpt lat="51.5025230" lon="-0.1808840">
    <ele>19.0</ele>
    <time>2026-10-04T17:37:21Z</time>
   </trkpt>
   <trkpt lat="51.5025280" lon="-0.1808810">
    <ele>19.0</ele>
    <time>2026-10-04T17:37:22Z</time>
   </trkpt>
   <trkpt lat="51.5025210" lon="-0.1808810">
    <ele>19.0</ele>
    <time>2026-10-04T17:37:23Z</time>
   </trkpt>
   <trkpt lat="51.5025150" lon="-0.1808850">
    <ele>18.9</ele>
    <time>2026-10-04T17:37:24Z</time>
   </trkpt>
   <trkpt lat="51.5025150" lon="-0.1808890">
    <ele>18.9</ele>
    <time>2026-10-04T17:37:25Z</time>
   </trkpt>
   <trkpt lat="51.5025060" lon="-0.1808810">
    <ele>18.9</ele>
    <time>2026-10-04T17:37:26Z</time>
   </trkpt>
   <trkpt lat="51.5024900" lon="-0.1808830">
    <ele>18.9</ele>
    <time>2026-10-04T17:37:27Z</time>
   </trkpt>
   <trkpt lat="51.5024820" lon="-0.1808990">
    <ele>18.9</ele>
    <time>2026-10-04T17:37:28Z</time>
   </trkpt>
   <trkpt lat="51.5024680" lon="-0.1809050">
    <ele>18.8</ele>
    <time>2026-10-04T17:37:29Z</time>
   </trkpt>
   <trkpt lat="51.5024530" lon="-0.1809000">
    <ele>18.8</ele>
    <time>2026-10-04T17:37:30Z</time>
   </trkpt>
   <trkpt lat="51.5024290" lon="-0.1809050">
    <ele>18.7</ele>
    <time>2026-10-04T17:37:31Z</time>
   </trkpt>
   <trkpt lat="51.5024040" lon="-0.1809100">
    <ele>18.7</ele>
    <time>2026-10-04T17:37:32Z</time>
   </trkpt>
   <trkpt lat="51.5023790" lon="-0.1809070">
    <ele>18.6</ele>
    <time>2026-10-04T17:37:33Z</time>
   </trkpt>
   <trkpt lat="51.5023520" lon="-0.1809090">
    <ele>18.5</ele>
    <time>2026-10-04T17:37:34Z</time>
   </trkpt>
   <trkpt lat="51.5023260" lon="-0.1809190">
    <ele>18.4</ele>
    <time>2026-10-04T17:37:35Z</time>
   </trkpt>
   <trkpt lat="51.5022980" lon="-0.1809170">
    <ele>18.3</ele>
    <time>2026-10-04T17:37:36Z</time>
   </trkpt>
   <trkpt lat="51.5022710" lon="-0.1809290">
    <ele>18.2</ele>
    <time>2026-10-04T17:37:37Z</time>
   </trkpt>
   <trkpt lat="51.5022430" lon="-0.1809320">
    <ele>18.1</ele>
    <time>2026-10-04T17:37:38Z</time>
   </trkpt>
   <trkpt lat="51.5022060" lon="-0.1809330">
    <ele>18.0</ele>
    <time>2026-10-04T17:37:39Z</time>
   </trkpt>
   <trkpt lat="51.5021660" lon="-0.1809250">
    <ele>17.9</ele>
    <time>2026-10-04T17:37:40Z</time>
   </trkpt>
   <trkpt lat="51.5021420" lon="-0.1808990">
    <ele>17.8</ele>
    <time>2026-10-04T17:37:41Z</time>
   </trkpt>
   <trkpt lat="51.5021170" lon="-0.1808760">
    <ele>17.7</ele>
    <time>2026-10-04T17:37:42Z</time>
   </trkpt>
   <trkpt lat="51.5020880" lon="-0.1808530">
    <ele>17.6</ele>
    <time>2026-10-04T17:37:43Z</time>
   </trkpt>
   <trkpt lat="51.5020610" lon="-0.1808260">
    <ele>17.5</ele>
    <time>2026-10-04T17:37:44Z</time>
   </trkpt>
   <trkpt lat="51.5020400" lon="-0.1807720">
    <ele>17.4</ele>
    <time>2026-10-04T17:37:45Z</time>
   </trkpt>
   <trkpt lat="51.5020220" lon="-0.1807380">
    <ele>17.3</ele>
    <time>2026-10-04T17:37:46Z</time>
   </trkpt>
   <trkpt lat="51.5020050" lon="-0.1806820">
    <ele>17.2</ele>
    <time>2026-10-04T17:37:47Z</time>
   </trkpt>
   <trkpt lat="51.5019850" lon="-0.1806470">
    <ele>17.2</ele>
    <time>2026-10-04T17:37:48Z</time>
   </trkpt>
   <trkpt lat="51.5019610" lon="-0.1806100">
    <ele>17.1</ele>
    <time>2026-10-04T17:37:49Z</time>
   </trkpt>
   <trkpt lat="51.5019430" lon="-0.1805770">
    <ele>17.0</ele>
    <time>2026-10-04T17:37:50Z</time>
   </trkpt>
   <trkpt lat="51.5019250" lon="-0.1805320">
    <ele>16.9</ele>
    <time>2026-10-04T17:37:51Z</time>
   </trkpt>
   <trkpt lat="51.5019000" lon="-0.1804820">
    <ele>16.8</ele>
    <time>2026-10-04T17:37:52Z</time>
   </trkpt>
   <trkpt lat="51.5018860" lon="-0.1804280">
    <ele>16.8</ele>
    <time>2026-10-04T17:37:53Z</time>
   </trkpt>
   <trkpt lat="51.5018710" lon="-0.1803650">
    <ele>16.7</ele>
    <time>2026-10-04T17:37:54Z</time>
   </trkpt>
   <trkpt lat="51.5018650" lon="-0.1803020">
    <ele>16.6</ele>
    <time>2026-10-04T17:37:55Z</time>
   </trkpt>
   <trkpt lat="51.5018450" lon="-0.1802460">
    <ele>16.7</ele>
    <time>2026-10-04T17:37:56Z</time>
   </trkpt>
   <trkpt lat="51.5018320" lon="-0.1801850">
    <ele>16.8</ele>
    <time>2026-10-04T17:37:57Z</time>
   </trkpt>
   <trkpt lat="51.5018250" lon="-0.1801130">
    <ele>16.9</ele>
    <time>2026-10-04T17:37:58Z</time>
   </trkpt>
   <trkpt lat="51.5018340" lon="-0.1800350">
    <ele>17.0</ele>
    <time>2026-10-04T17:37:59Z</time>
   </trkpt>
   <trkpt lat="51.5018490" lon="-0.1799690">
    <ele>17.1</ele>
    <time>2026-10-04T17:38:00Z</time>
   </trkpt>
   <trkpt lat="51.5018610" lon="-0.1798880">
    <ele>17.3</ele>
    <time>2026-10-04T17:38:01Z</time>
   </trkpt>
   <trkpt lat="51.5018660" lon="-0.1798190">
    <ele>17.5</ele>
    <time>2026-10-04T17:38:02Z</time>
   </trkpt>
   <trkpt lat="51.5018690" lon="-0.1797510">
    <ele>17.6</ele>
    <time>2026-10-04T17:38:03Z</time>
   </trkpt>
   <trkpt lat="51.5018800" lon="-0.1796690">
    <ele>17.8</ele>
    <time>2026-10-04T17:38:04Z</time>
   </trkpt>
   <trkpt lat="51.5018880" lon="-0.1796010">
    <ele>18.0</ele>
    <time>2026-10-04T17:38:05Z</time>
   </trkpt>
   <trkpt lat="51.5018960" lon="-0.1795330">
    <ele>18.1</ele>
    <time>2026-10-04T17:38:06Z</time>
   </trkpt>
   <trkpt lat="51.5019020" lon="-0.1794730">
    <ele>18.2</ele>
    <time>2026-10-04T17:38:07Z</time>
   </trkpt>
   <trkpt lat="51.5019030" lon="-0.1794010">
    <ele>18.4</ele>
    <time>2026-10-04T17:38:08Z</time>
   </trkpt>
   <trkpt lat="51.5019080" lon="-0.1793260">
    <ele>18.5</ele>
    <time>2026-10-04T17:38:09Z</time>
   </trkpt>
   <trkpt lat="51.5019120" lon="-0.1792580">
    <ele>18.6</ele>
    <time>2026-10-04T17:38:10Z</time>
   </trkpt>
   <trkpt lat="51.5019260" lon="-0.1792030">
    <ele>18.8</ele>
    <time>2026-10-04T17:38:11Z</time>
   </trkpt>
   <trkpt lat="51.5019430" lon="-0.1791350">
    <ele>18.9</ele>
    <time>2026-10-04T17:38:12Z</time>
   </trkpt>
   <trkpt lat="51.5019620" lon="-0.1790800">
    <ele>19.0</ele>
    <time>2026-10-04T17:38:13Z</time>
   </trkpt>
   <trkpt lat="51.5019670" lon="-0.1790130">
    <ele>19.2</ele>
    <time>2026-10-04T17:38:14Z</time>
   </trkpt>
   <trkpt lat="51.5019670" lon="-0.1789440">
    <ele>19.3</ele>
    <time>2026-10-04T17:38:15Z</time>
   </trkpt>
   <trkpt lat="51.5019680" lon="-0.1788760">
    <ele>19.4</ele>
    <time>2026-10-04T17:38:16Z</time>
   </trkpt>
   <trkpt lat="51.5019650" lon="-0.1787990">
    <ele>19.5</ele>
    <time>2026-10-04T17:38:17Z</time>
   </trkpt>
   <trkpt lat="51.5019630" lon="-0.1787270">
    <ele>19.6</ele>
    <time>2026-10-04T17:38:18Z</time>
   </trkpt>
   <trkpt lat="51.5019740" lon="-0.1786680">
    <ele>19.7</ele>
    <time>2026-10-04T17:38:19Z</time>
   </trkpt>
   <trkpt lat="51.5019790" lon="-0.1785970">
    <ele>19.8</ele>
    <time>2026-10-04T17:38:20Z</time>
   </trkpt>
   <trkpt lat="51.5019740" lon="-0.1785320">
    <ele>19.9</ele>
    <time>2026-10-04T17:38:21Z</time>
   </trkpt>
   <trkpt lat="51.5019690" lon="-0.1784710">
    <ele>20.0</ele>
    <time>2026-10-04T17:38:22Z</time>
   </trkpt>
   <trkpt lat="51.5019910" lon="-0.1783940">
    <ele>20.1</ele>
    <time>2026-10-04T17:38:23Z</time>
   </trkpt>
   <trkpt lat="51.5019930" lon="-0.1783230">
    <ele>20.1</ele>
    <time>2026-10-04T17:38:24Z</time>
   </trkpt>
   <trkpt lat="51.5020040" lon="-0.1782520">
    <ele>20.2</ele>
    <time>2026-10-04T17:38:25Z</time>
   </trkpt>
   <trkpt lat="51.5020080" lon="-0.1781840">
    <ele>20.2</ele>
    <time>2026-10-04T17:38:26Z</time>
   </trkpt>
   <trkpt lat="51.5020100" lon="-0.1781140">
    <ele>20.3</ele>
    <time>2026-10-04T17:38:27Z</time>
   </trkpt>
   <trkpt lat="51.5020140" lon="-0.1780410">
    <ele>20.3</ele>
    <time>2026-10-04T17:38:28Z</time>
   </trkpt>
   <trkpt lat="51.5020210" lon="-0.1779680">
    <ele>20.4</ele>
    <time>2026-10-04T17:38:29Z</time>
   </trkpt>
   <trkpt lat="51.5020240" lon="-0.1779000">
    <ele>20.4</ele>
    <time>2026-10-04T17:38:30Z</time>
   </trkpt>
   <trkpt lat="51.5020310" lon="-0.1778300">
    <ele>20.4</ele>
    <time>2026-10-04T17:38:31Z</time>
   </trkpt>
   <trkpt lat="51.5020360" lon="-0.1777610">
    <ele>20.4</ele>
    <time>2026-10-04T17:38:32Z</time>
   </trkpt>
   <trkpt lat="51.5020330" lon="-0.1776870">
    <ele>20.4</ele>
    <time>2026-10-04T17:38:33Z</time>
   </trkpt>
   <trkpt lat="51.5020350" lon="-0.1776230">
    <ele>20.4</ele>
    <time>2026-10-04T17:38:34Z</time>
   </trkpt>
   <trkpt lat="51.5020410" lon="-0.1775720">
    <ele>20.4</ele>
    <time>2026-10-04T17:38:35Z</time>
   </trkpt>
   <trkpt lat="51.5020450" lon="-0.1775170">
    <ele>20.5</ele>
    <time>2026-10-04T17:38:36Z</time>
   </trkpt>
   <trkpt lat="51.5020510" lon="-0.1774530">
    <ele>20.5</ele>
    <time>2026-10-04T17:38:37Z</time>
   </trkpt>
   <trkpt lat="51.5020600" lon="-0.1774000">
    <ele>20.5</ele>
    <time>2026-10-04T17:38:38Z</time>
   </trkpt>
   <trkpt lat="51.5020640" lon="-0.1773330">
    <ele>20.5</ele>
    <time>2026-10-04T17:38:39Z</time>
   </trkpt>
   <trkpt lat="51.5020680" lon="-0.1772620">
    <ele>20.6</ele>
    <time>2026-10-04T17:38:40Z</time>
   </trkpt>
   <trkpt lat="51.5020700" lon="-0.1771820">
    <ele>20.6</ele>
    <time>2026-10-04T17:38:41Z</time>
   </trkpt>
   <trkpt lat="51.5020790" lon="-0.1771270">
    <ele>20.6</ele>
    <time>2026-10-04T17:38:42Z</time>
   </trkpt>
   <trkpt lat="51.5020860" lon="-0.1770690">
    <ele>20.6</ele>
    <time>2026-10-04T17:38:43Z</time>
   </trkpt>
   <trkpt lat="51.5020850" lon="-0.1769930">
    <ele>20.6</ele>
    <time>2026-10-04T17:38:44Z</time>
   </trkpt>
   <trkpt lat="51.5020910" lon="-0.1769330">
    <ele>20.6</ele>
    <time>2026-10-04T17:38:45Z</time>
   </trkpt>
   <trkpt lat="51.5020940" lon="-0.1768660">
    <ele>20.6</ele>
    <time>2026-10-04T17:38:46Z</time>
   </trkpt>
   <trkpt lat="51.5020990" lon="-0.1767940">
    <ele>20.6</ele>
    <time>2026-10-04T17:38:47Z</time>
   </trkpt>
   <trkpt lat="51.5021040" lon="-0.1767320">
    <ele>20.6</ele>
    <time>2026-10-04T17:38:48Z</time>
   </trkpt>
   <trkpt lat="51.5021190" lon="-0.1766580">
    <ele>20.6</ele>
    <time>2026-10-04T17:38:49Z</time>
   </trkpt>
   <trkpt lat="51.5021220" lon="-0.1765800">
    <ele>20.6</ele>
    <time>2026-10-04T17:38:50Z</time>
   </trkpt>
   <trkpt lat="51.5021290" lon="-0.1765040">
    <ele>20.7</ele>
    <time>2026-10-04T17:38:51Z</time>
   </trkpt>
   <trkpt lat="51.5021350" lon="-0.1764340">
    <ele>20.7</ele>
    <time>2026-10-04T17:38:52Z</time>
   </trkpt>
   <trkpt lat="51.5021410" lon="-0.1763620">
    <ele>20.7</ele>
    <time>2026-10-04T17:38:53Z</time>
   </trkpt>
   <trkpt lat="51.5021410" lon="-0.1762880">
    <ele>20.7</ele>
    <time>2026-10-04T17:38:54Z</time>
   </trkpt>
   <trkpt lat="51.5021510" lon="-0.1762170">
    <ele>20.7</ele>
    <time>2026-10-04T17:38:55Z</time>
   </trkpt>
   <trkpt lat="51.5021550" lon="-0.1761420">
    <ele>20.8</ele>
    <time>2026-10-04T17:38:56Z</time>
   </trkpt>
   <trkpt lat="51.5021550" lon="-0.1760730">
    <ele>20.8</ele>
    <time>2026-10-04T17:38:57Z</time>
   </trkpt>
   <trkpt lat="51.5021570" lon="-0.1760030">
    <ele>20.8</ele>
    <time>2026-10-04T17:38:58Z</time>
   </trkpt>
   <trkpt lat="51.5021700" lon="-0.1759250">
    <ele>20.8</ele>
    <time>2026-10-04T17:38:59Z</time>
   </trkpt>
   <trkpt lat="51.5021800" lon="-0.1758510">
    <ele>20.8</ele>
    <time>2026-10-04T17:39:00Z</time>
   </trkpt>
   <trkpt lat="51.5021850" lon="-0.1757790">
    <ele>20.8</ele>
    <time>2026-10-04T17:39:01Z</time>
   </trkpt>
   <trkpt lat="51.5021850" lon="-0.1757020">
    <ele>20.8</ele>
    <time>2026-10-04T17:39:02Z</time>
   </trkpt>
   <trkpt lat="51.5021940" lon="-0.1756300">
    <ele>20.9</ele>
    <time>2026-10-04T17:39:03Z</time>
   </trkpt>
   <trkpt lat="51.5021940" lon="-0.1755610">
    <ele>20.9</ele>
    <time>2026-10-04T17:39:04Z</time>
   </trkpt>
   <trkpt lat="51.5022040" lon="-0.1754730">
    <ele>20.9</ele>
    <time>2026-10-04T17:39:05Z</time>
   </trkpt>
   <trkpt lat="51.5022040" lon="-0.1753950">
    <ele>20.9</ele>
    <time>2026-10-04T17:39:06Z</time>
   </trkpt>
   <trkpt lat="51.5022080" lon="-0.1753270">
    <ele>20.9</ele>
    <time>2026-10-04T17:39:07Z</time>
   </trkpt>
   <trkpt lat="51.5022090" lon="-0.1752590">
    <ele>21.0</ele>
    <time>2026-10-04T17:39:08Z</time>
   </trkpt>
   <trkpt lat="51.5022120" lon="-0.1751910">
    <ele>21.0</ele>
    <time>2026-10-04T17:39:09Z</time>
   </trkpt>
   <trkpt lat="51.5022120" lon="-0.1751290">
    <ele>21.0</ele>
    <time>2026-10-04T17:39:10Z</time>
   </trkpt>
   <trkpt lat="51.5022190" lon="-0.1750640">
    <ele>21.0</ele>
    <time>2026-10-04T17:39:11Z</time>
   </trkpt>
   <trkpt lat="51.5022160" lon="-0.1750050">
    <ele>21.0</ele>
    <time>2026-10-04T17:39:12Z</time>
   </trkpt>
   <trkpt lat="51.5022170" lon="-0.1749490">
    <ele>21.0</ele>
    <time>2026-10-04T17:39:13Z</time>
   </trkpt>
   <trkpt lat="51.5022200" lon="-0.1748980">
    <ele>21.1</ele>
    <time>2026-10-04T17:39:14Z</time>
   </trkpt>
   <trkpt lat="51.5022360" lon="-0.1748560">
    <ele>21.1</ele>
    <time>2026-10-04T17:39:15Z</time>
   </trkpt>
   <trkpt lat="51.5022560" lon="-0.1748260">
    <ele>21.1</ele>
    <time>2026-10-04T17:39:16Z</time>
   </trkpt>
   <trkpt lat="51.5022640" lon="-0.1747960">
    <ele>21.1</ele>
    <time>2026-10-04T17:39:17Z</time>
   </trkpt>
   <trkpt lat="51.5022610" lon="-0.1747790">
    <ele>21.1</ele>
    <time>2026-10-04T17:39:18Z</time>
   </trkpt>
   <trkpt lat="51.5022670" lon="-0.1747520">
    <ele>21.1</ele>
    <time>2026-10-04T17:39:19Z</time>
   </trkpt>
   <trkpt lat="51.5022720" lon="-0.1747340">
    <ele>21.1</ele>
    <time>2026-10-04T17:39:20Z</time>
   </trkpt>
   <trkpt lat="51.5022890" lon="-0.1747280">
    <ele>21.2</ele>
    <time>2026-10-04T17:39:21Z</time>
   </trkpt>
   <trkpt lat="51.5022860" lon="-0.1747290">
    <ele>21.2</ele>
    <time>2026-10-04T17:39:22Z</time>
   </trkpt>
   <trkpt lat="51.5022750" lon="-0.1747300">
    <ele>21.2</ele>
    <time>2026-10-04T17:39:23Z</time>
   </trkpt>
   <trkpt lat="51.5022690" lon="-0.1747310">
    <ele>21.2</ele>
    <time>2026-10-04T17:39:24Z</time>
   </trkpt>
   <trkpt lat="51.5022680" lon="-0.1747330">
    <ele>21.2</ele>
    <time>2026-10-04T17:39:25Z</time>
   </trkpt>
   <trkpt lat="51.5022610" lon="-0.1747190">
    <ele>21.2</ele>
    <time>2026-10-04T17:39:26Z</time>
   </trkpt>
   <trkpt lat="51.5022660" lon="-0.1747290">
    <ele>21.2</ele>
    <time>2026-10-04T17:39:27Z</time>
   </trkpt>
   <trkpt lat="51.5022690" lon="-0.1747310">
    <ele>21.2</ele>
    <time>2026-10-04T17:39:28Z</time>
   </trkpt>
   <trkpt lat="51.5022700" lon="-0.1747320">
    <ele>21.2</ele>
    <time>2026-10-04T17:39:29Z</time>
   </trkpt>
   <trkpt lat="51.5022700" lon="-0.1747320">
    <ele>21.2</ele>
    <time>2026-10-04T17:39:30Z</time>
   </trkpt>
   <trkpt lat="51.5022700" lon="-0.1747320">
    <ele>21.2</ele>
    <time>2026-10-04T17:39:31Z</time>
   </trkpt>
   <trkpt lat="51.5022790" lon="-0.1747360">
    <ele>21.3</ele>
    <time>2026-10-04T17:39:32Z</time>
   </trkpt>
   <trkpt lat="51.5022780" lon="-0.1747360">
    <ele>21.3</ele>
    <time>2026-10-04T17:39:33Z</time>
   </trkpt>
   <trkpt lat="51.5022790" lon="-0.1747360">
    <ele>21.3</ele>
    <time>2026-10-04T17:39:34Z</time>
   </trkpt>
   <trkpt lat="51.5022790" lon="-0.1747360">
    <ele>21.3</ele>
    <time>2026-10-04T17:39:35Z</time>
   </trkpt>
   <trkpt lat="51.5022790" lon="-0.1747360">
    <ele>21.3</ele>
    <time>2026-10-04T17:39:36Z</time>
   </trkpt>
   <trkpt lat="51.5022720" lon="-0.1746770">
    <ele>21.3</ele>
    <time>2026-10-04T17:39:52Z</time>
   </trkpt>
   <trkpt lat="51.5022710" lon="-0.1746600">
    <ele>21.3</ele>
    <time>2026-10-04T17:39:53Z</time>
   </trkpt>
   <trkpt lat="51.5022690" lon="-0.1746260">
    <ele>21.3</ele>
    <time>2026-10-04T17:39:54Z</time>
   </trkpt>
   <trkpt lat="51.5022860" lon="-0.1745540">
    <ele>21.3</ele>
    <time>2026-10-04T17:39:55Z</time>
   </trkpt>
   <trkpt lat="51.5022800" lon="-0.1745140">
    <ele>21.3</ele>
    <time>2026-10-04T17:39:56Z</time>
   </trkpt>
   <trkpt lat="51.5022690" lon="-0.1744690">
    <ele>21.3</ele>
    <time>2026-10-04T17:39:57Z</time>
   </trkpt>
   <trkpt lat="51.5022630" lon="-0.1744230">
    <ele>21.3</ele>
    <time>2026-10-04T17:39:58Z</time>
   </trkpt>
   <trkpt lat="51.5022640" lon="-0.1743750">
    <ele>21.3</ele>
    <time>2026-10-04T17:39:59Z</time>
   </trkpt>
   <trkpt lat="51.5022490" lon="-0.1743340">
    <ele>21.3</ele>
    <time>2026-10-04T17:40:00Z</time>
   </trkpt>
   <trkpt lat="51.5022460" lon="-0.1742890">
    <ele>21.3</ele>
    <time>2026-10-04T17:40:01Z</time>
   </trkpt>
   <trkpt lat="51.5022440" lon="-0.1742370">
    <ele>21.2</ele>
    <time>2026-10-04T17:40:02Z</time>
   </trkpt>
   <trkpt lat="51.5022500" lon="-0.1741730">
    <ele>21.2</ele>
    <time>2026-10-04T17:40:03Z</time>
   </trkpt>
   <trkpt lat="51.5022500" lon="-0.1741120">
    <ele>21.2</ele>
    <time>2026-10-04T17:40:04Z</time>
   </trkpt>
   <trkpt lat="51.5022480" lon="-0.1740470">
    <ele>21.2</ele>
    <time>2026-10-04T17:40:05Z</time>
   </trkpt>
   <trkpt lat="51.5022570" lon="-0.1739880">
    <ele>21.2</ele>
    <time>2026-10-04T17:40:06Z</time>
   </trkpt>
   <trkpt lat="51.5022560" lon="-0.1739250">
    <ele>21.2</ele>
    <time>2026-10-04T17:40:07Z</time>
   </trkpt>
   <trkpt lat="51.5022490" lon="-0.1738590">
    <ele>21.2</ele>
    <time>2026-10-04T17:40:08Z</time>
   </trkpt>
   <trkpt lat="51.5022420" lon="-0.1737960">
    <ele>21.2</ele>
    <time>2026-10-04T17:40:09Z</time>
   </trkpt>
   <trkpt lat="51.5022460" lon="-0.1737260">
    <ele>21.2</ele>
    <time>2026-10-04T17:40:10Z</time>
   </trkpt>
   <trkpt lat="51.5022460" lon="-0.1736510">
    <ele>21.2</ele>
    <time>2026-10-04T17:40:11Z</time>
   </trkpt>
   <trkpt lat="51.5022420" lon="-0.1735770">
    <ele>21.2</ele>
    <time>2026-10-04T17:40:12Z</time>
   </trkpt>
   <trkpt lat="51.5022360" lon="-0.1735070">
    <ele>21.2</ele>
    <time>2026-10-04T17:40:13Z</time>
   </trkpt>
   <trkpt lat="51.5022370" lon="-0.1734410">
    <ele>21.2</ele>
    <time>2026-10-04T17:40:14Z</time>
   </trkpt>
   <trkpt lat="51.5022370" lon="-0.1733710">
    <ele>21.1</ele>
    <time>2026-10-04T17:40:15Z</time>
   </trkpt>
   <trkpt lat="51.5022450" lon="-0.1732840">
    <ele>21.1</ele>
    <time>2026-10-04T17:40:16Z</time>
   </trkpt>
   <trkpt lat="51.5022500" lon="-0.1732130">
    <ele>21.1</ele>
    <time>2026-10-04T17:40:17Z</time>
   </trkpt>
   <trkpt lat="51.5022540" lon="-0.1731390">
    <ele>21.1</ele>
    <time>2026-10-04T17:40:18Z</time>
   </trkpt>
   <trkpt lat="51.5022550" lon="-0.1730740">
    <ele>21.1</ele>
    <time>2026-10-04T17:40:19Z</time>
   </trkpt>
   <trkpt lat="51.5022520" lon="-0.1729980">
    <ele>21.1</ele>
    <time>2026-10-04T17:40:20Z</time>
   </trkpt>
   <trkpt lat="51.5022550" lon="-0.1729280">
    <ele>21.1</ele>
    <time>2026-10-04T17:40:21Z</time>
   </trkpt>
   <trkpt lat="51.5022580" lon="-0.1728590">
    <ele>21.1</ele>
    <time>2026-10-04T17:40:22Z</time>
   </trkpt>
   <trkpt lat="51.5022640" lon="-0.1728020">
    <ele>21.1</ele>
    <time>2026-10-04T17:40:23Z</time>
   </trkpt>
   <trkpt lat="51.5022560" lon="-0.1727300">
    <ele>21.1</ele>
    <time>2026-10-04T17:40:24Z</time>
   </trkpt>
   <trkpt lat="51.5022560" lon="-0.1726420">
    <ele>21.0</ele>
    <time>2026-10-04T17:40:25Z</time>
   </trkpt>
   <trkpt lat="51.5022600" lon="-0.1725810">
    <ele>21.0</ele>
    <time>2026-10-04T17:40:26Z</time>
   </trkpt>
   <trkpt lat="51.5022550" lon="-0.1725080">
    <ele>21.0</ele>
    <time>2026-10-04T17:40:27Z</time>
   </trkpt>
   <trkpt lat="51.5022570" lon="-0.1724310">
    <ele>21.0</ele>
    <time>2026-10-04T17:40:28Z</time>
   </trkpt>
   <trkpt lat="51.5022480" lon="-0.1723580">
    <ele>21.0</ele>
    <time>2026-10-04T17:40:29Z</time>
   </trkpt>
   <trkpt lat="51.5022480" lon="-0.1722810">
    <ele>20.9</ele>
    <time>2026-10-04T17:40:30Z</time>
   </trkpt>
   <trkpt lat="51.5022530" lon="-0.1721950">
    <ele>20.9</ele>
    <time>2026-10-04T17:40:31Z</time>
   </trkpt>
   <trkpt lat="51.5022470" lon="-0.1721160">
    <ele>20.9</ele>
    <time>2026-10-04T17:40:32Z</time>
   </trkpt>
   <trkpt lat="51.5022430" lon="-0.1720350">
    <ele>20.9</ele>
    <time>2026-10-04T17:40:33Z</time>
   </trkpt>
   <trkpt lat="51.5022470" lon="-0.1719820">
    <ele>20.9</ele>
    <time>2026-10-04T17:40:34Z</time>
   </trkpt>
   <trkpt lat="51.5022530" lon="-0.1718970">
    <ele>20.9</ele>
    <time>2026-10-04T17:40:35Z</time>
   </trkpt>
   <trkpt lat="51.5022540" lon="-0.1718190">
    <ele>20.9</ele>
    <time>2026-10-04T17:40:36Z</time>
   </trkpt>
   <trkpt lat="51.5022520" lon="-0.1717440">
    <ele>20.9</ele>
    <time>2026-10-04T17:40:37Z</time>
   </trkpt>
   <trkpt lat="51.5022540" lon="-0.1716620">
    <ele>20.9</ele>
    <time>2026-10-04T17:40:38Z</time>
   </trkpt>
   <trkpt lat="51.5022480" lon="-0.1715730">
    <ele>20.8</ele>
    <time>2026-10-04T17:40:39Z</time>
   </trkpt>
   <trkpt lat="51.5022450" lon="-0.1714960">
    <ele>20.8</ele>
    <time>2026-10-04T17:40:40Z</time>
   </trkpt>
   <trkpt lat="51.5022480" lon="-0.1714210">
    <ele>20.8</ele>
    <time>2026-10-04T17:40:41Z</time>
   </trkpt>
   <trkpt lat="51.5022470" lon="-0.1713410">
    <ele>20.8</ele>
    <time>2026-10-04T17:40:42Z</time>
   </trkpt>
   <trkpt lat="51.5022670" lon="-0.1712550">
    <ele>20.8</ele>
    <time>2026-10-04T17:40:43Z</time>
   </trkpt>
   <trkpt lat="51.5022740" lon="-0.1711800">
    <ele>20.8</ele>
    <time>2026-10-04T17:40:44Z</time>
   </trkpt>
   <trkpt lat="51.5022880" lon="-0.1710940">
    <ele>20.7</ele>
    <time>2026-10-04T17:40:45Z</time>
   </trkpt>
   <trkpt lat="51.5022880" lon="-0.1710210">
    <ele>20.7</ele>
    <time>2026-10-04T17:40:46Z</time>
   </trkpt>
   <trkpt lat="51.5022930" lon="-0.1709450">
    <ele>20.7</ele>
    <time>2026-10-04T17:40:47Z</time>
   </trkpt>
   <trkpt lat="51.5022890" lon="-0.1708590">
    <ele>20.7</ele>
    <time>2026-10-04T17:40:48Z</time>
   </trkpt>
   <trkpt lat="51.5022900" lon="-0.1707830">
    <ele>20.7</ele>
    <time>2026-10-04T17:40:49Z</time>
   </trkpt>
   <trkpt lat="51.5022850" lon="-0.1707030">
    <ele>20.7</ele>
    <time>2026-10-04T17:40:50Z</time>
   </trkpt>
   <trkpt lat="51.5022920" lon="-0.1706220">
    <ele>20.7</ele>
    <time>2026-10-04T17:40:51Z</time>
   </trkpt>
   <trkpt lat="51.5022920" lon="-0.1705510">
    <ele>20.7</ele>
    <time>2026-10-04T17:40:52Z</time>
   </trkpt>
   <trkpt lat="51.5022930" lon="-0.1704660">
    <ele>20.6</ele>
    <time>2026-10-04T17:40:53Z</time>
   </trkpt>
   <trkpt lat="51.5023030" lon="-0.1703800">
    <ele>20.6</ele>
    <time>2026-10-04T17:40:54Z</time>
   </trkpt>
   <trkpt lat="51.5023070" lon="-0.1702920">
    <ele>20.6</ele>
    <time>2026-10-04T17:40:55Z</time>
   </trkpt>
   <trkpt lat="51.5023050" lon="-0.1702160">
    <ele>20.6</ele>
    <time>2026-10-04T17:40:56Z</time>
   </trkpt>
   <trkpt lat="51.5023090" lon="-0.1701370">
    <ele>20.6</ele>
    <time>2026-10-04T17:40:57Z</time>
   </trkpt>
   <trkpt lat="51.5023170" lon="-0.1700460">
    <ele>20.6</ele>
    <time>2026-10-04T17:40:58Z</time>
   </trkpt>
   <trkpt lat="51.5023180" lon="-0.1699610">
    <ele>20.6</ele>
    <time>2026-10-04T17:40:59Z</time>
   </trkpt>
   <trkpt lat="51.5023160" lon="-0.1698910">
    <ele>20.6</ele>
    <time>2026-10-04T17:41:00Z</time>
   </trkpt>
   <trkpt lat="51.5023160" lon="-0.1697980">
    <ele>20.6</ele>
    <time>2026-10-04T17:41:01Z</time>
   </trkpt>
   <trkpt lat="51.5023200" lon="-0.1697120">
    <ele>20.6</ele>
    <time>2026-10-04T17:41:02Z</time>
   </trkpt>
   <trkpt lat="51.5023280" lon="-0.1696250">
    <ele>20.6</ele>
    <time>2026-10-04T17:41:03Z</time>
   </trkpt>
   <trkpt lat="51.5023170" lon="-0.1695340">
    <ele>20.5</ele>
    <time>2026-10-04T17:41:04Z</time>
   </trkpt>
   <trkpt lat="51.5023090" lon="-0.1694490">
    <ele>20.5</ele>
    <time>2026-10-04T17:41:05Z</time>
   </trkpt>
   <trkpt lat="51.5023120" lon="-0.1693640">
    <ele>20.5</ele>
    <time>2026-10-04T17:41:06Z</time>
   </trkpt>
   <trkpt lat="51.5023170" lon="-0.1692760">
    <ele>20.5</ele>
    <time>2026-10-04T17:41:07Z</time>
   </trkpt>
   <trkpt lat="51.5023090" lon="-0.1691980">
    <ele>20.4</ele>
    <time>2026-10-04T17:41:08Z</time>
   </trkpt>
   <trkpt lat="51.5023090" lon="-0.1691060">
    <ele>20.4</ele>
    <time>2026-10-04T17:41:09Z</time>
   </trkpt>
   <trkpt lat="51.5023140" lon="-0.1690180">
    <ele>20.4</ele>
    <time>2026-10-04T17:41:10Z</time>
   </trkpt>
   <trkpt lat="51.5023140" lon="-0.1689360">
    <ele>20.3</ele>
    <time>2026-10-04T17:41:11Z</time>
   </trkpt>
   <trkpt lat="51.5023080" lon="-0.1688420">
    <ele>20.3</ele>
    <time>2026-10-04T17:41:12Z</time>
   </trkpt>
   <trkpt lat="51.5023170" lon="-0.1687600">
    <ele>20.3</ele>
    <time>2026-10-04T17:41:13Z</time>
   </trkpt>
   <trkpt lat="51.5023130" lon="-0.1686650">
    <ele>20.2</ele>
    <time>2026-10-04T17:41:14Z</time>
   </trkpt>
   <trkpt lat="51.5023160" lon="-0.1685730">
    <ele>20.2</ele>
    <time>2026-10-04T17:41:15Z</time>
   </trkpt>
   <trkpt lat="51.5023140" lon="-0.1684890">
    <ele>20.2</ele>
    <time>2026-10-04T17:41:16Z</time>
   </trkpt>
   <trkpt lat="51.5023100" lon="-0.1684060">
    <ele>20.2</ele>
    <time>2026-10-04T17:41:17Z</time>
   </trkpt>
   <trkpt lat="51.5023060" lon="-0.1683110">
    <ele>20.2</ele>
    <time>2026-10-04T17:41:18Z</time>
   </trkpt>
   <trkpt lat="51.5023080" lon="-0.1682270">
    <ele>20.2</ele>
    <time>2026-10-04T17:41:19Z</time>
   </trkpt>
   <trkpt lat="51.5023190" lon="-0.1681510">
    <ele>20.2</ele>
    <time>2026-10-04T17:41:20Z</time>
   </trkpt>
   <trkpt lat="51.5023240" lon="-0.1680730">
    <ele>20.1</ele>
    <time>2026-10-04T17:41:21Z</time>
   </trkpt>
   <trkpt lat="51.5023290" lon="-0.1679960">
    <ele>20.1</ele>
    <time>2026-10-04T17:41:22Z</time>
   </trkpt>
   <trkpt lat="51.5023180" lon="-0.1678880">
    <ele>20.1</ele>
    <time>2026-10-04T17:41:23Z</time>
   </trkpt>
   <trkpt lat="51.5023170" lon="-0.1677840">
    <ele>20.0</ele>
    <time>2026-10-04T17:41:24Z</time>
   </trkpt>
   <trkpt lat="51.5023230" lon="-0.1677100">
    <ele>20.0</ele>
    <time>2026-10-04T17:41:25Z</time>
   </trkpt>
   <trkpt lat="51.5023170" lon="-0.1676220">
    <ele>20.0</ele>
    <time>2026-10-04T17:41:26Z</time>
   </trkpt>
   <trkpt lat="51.5023210" lon="-0.1675290">
    <ele>20.0</ele>
    <time>2026-10-04T17:41:27Z</time>
   </trkpt>
   <trkpt lat="51.5023230" lon="-0.1674380">
    <ele>19.9</ele>
    <time>2026-10-04T17:41:28Z</time>
   </trkpt>
   <trkpt lat="51.5023210" lon="-0.1673560">
    <ele>19.9</ele>
    <time>2026-10-04T17:41:29Z</time>
   </trkpt>
   <trkpt lat="51.5023220" lon="-0.1672550">
    <ele>19.9</ele>
    <time>2026-10-04T17:41:30Z</time>
   </trkpt>
   <trkpt lat="51.5023170" lon="-0.1671670">
    <ele>19.9</ele>
    <time>2026-10-04T17:41:31Z</time>
   </trkpt>
   <trkpt lat="51.5023190" lon="-0.1670780">
    <ele>19.8</ele>
    <time>2026-10-04T17:41:32Z</time>
   </trkpt>
   <trkpt lat="51.5023210" lon="-0.1669740">
    <ele>19.8</ele>
    <time>2026-10-04T17:41:33Z</time>
   </trkpt>
   <trkpt lat="51.5023190" lon="-0.1668750">
    <ele>19.8</ele>
    <time>2026-10-04T17:41:34Z</time>
   </trkpt>
   <trkpt lat="51.5023190" lon="-0.1667780">
    <ele>19.7</ele>
    <time>2026-10-04T17:41:35Z</time>
   </trkpt>
   <trkpt lat="51.5023270" lon="-0.1667120">
    <ele>19.7</ele>
    <time>2026-10-04T17:41:36Z</time>
   </trkpt>
   <trkpt lat="51.5023160" lon="-0.1666150">
    <ele>19.7</ele>
    <time>2026-10-04T17:41:37Z</time>
   </trkpt>
   <trkpt lat="51.5023270" lon="-0.1665300">
    <ele>19.6</ele>
    <time>2026-10-04T17:41:38Z</time>
   </trkpt>
   <trkpt lat="51.5023260" lon="-0.1664410">
    <ele>19.6</ele>
    <time>2026-10-04T17:41:39Z</time>
   </trkpt>
   <trkpt lat="51.5023200" lon="-0.1663520">
    <ele>19.5</ele>
    <time>2026-10-04T17:41:40Z</time>
   </trkpt>
   <trkpt lat="51.5023230" lon="-0.1662690">
    <ele>19.4</ele>
    <time>2026-10-04T17:41:41Z</time>
   </trkpt>
   <trkpt lat="51.5023220" lon="-0.1661790">
    <ele>19.3</ele>
    <time>2026-10-04T17:41:42Z</time>
   </trkpt>
   <trkpt lat="51.5023260" lon="-0.1660900">
    <ele>19.3</ele>
    <time>2026-10-04T17:41:43Z</time>
   </trkpt>
   <trkpt lat="51.5023200" lon="-0.1659990">
    <ele>19.2</ele>
    <time>2026-10-04T17:41:44Z</time>
   </trkpt>
   <trkpt lat="51.5023210" lon="-0.1659080">
    <ele>19.1</ele>
    <time>2026-10-04T17:41:46Z</time>
   </trkpt>
   <trkpt lat="51.5023170" lon="-0.1658230">
    <ele>19.0</ele>
    <time>2026-10-04T17:41:47Z</time>
   </trkpt>
   <trkpt lat="51.5023240" lon="-0.1657330">
    <ele>19.0</ele>
    <time>2026-10-04T17:41:48Z</time>
   </trkpt>
   <trkpt lat="51.5023320" lon="-0.1656390">
    <ele>18.9</ele>
    <time>2026-10-04T17:41:49Z</time>
   </trkpt>
   <trkpt lat="51.5023370" lon="-0.1655540">
    <ele>18.8</ele>
    <time>2026-10-04T17:41:50Z</time>
   </trkpt>
   <trkpt lat="51.5023390" lon="-0.1654760">
    <ele>18.7</ele>
    <time>2026-10-04T17:41:51Z</time>
   </trkpt>
   <trkpt lat="51.5023420" lon="-0.1653860">
    <ele>18.6</ele>
    <time>2026-10-04T17:41:52Z</time>
   </trkpt>
   <trkpt lat="51.5023510" lon="-0.1653030">
    <ele>18.5</ele>
    <time>2026-10-04T17:41:53Z</time>
   </trkpt>
   <trkpt lat="51.5023670" lon="-0.1652180">
    <ele>18.4</ele>
    <time>2026-10-04T17:41:54Z</time>
   </trkpt>
   <trkpt lat="51.5023750" lon="-0.1651360">
    <ele>18.3</ele>
    <time>2026-10-04T17:41:55Z</time>
   </trkpt>
   <trkpt lat="51.5023790" lon="-0.1650360">
    <ele>18.3</ele>
    <time>2026-10-04T17:41:56Z</time>
   </trkpt>
   <trkpt lat="51.5023810" lon="-0.1649470">
    <ele>18.2</ele>
    <time>2026-10-04T17:41:57Z</time>
   </trkpt>
   <trkpt lat="51.5023840" lon="-0.1648550">
    <ele>18.1</ele>
    <time>2026-10-04T17:41:58Z</time>
   </trkpt>
   <trkpt lat="51.5023880" lon="-0.1647570">
    <ele>18.0</ele>
    <time>2026-10-04T17:41:59Z</time>
   </trkpt>
   <trkpt lat="51.5023940" lon="-0.1646640">
    <ele>17.9</ele>
    <time>2026-10-04T17:42:00Z</time>
   </trkpt>
   <trkpt lat="51.5023990" lon="-0.1645750">
    <ele>17.8</ele>
    <time>2026-10-04T17:42:01Z</time>
   </trkpt>
   <trkpt lat="51.5024080" lon="-0.1643830">
    <ele>17.6</ele>
    <time>2026-10-04T17:42:02Z</time>
   </trkpt>
   <trkpt lat="51.5024220" lon="-0.1642860">
    <ele>17.5</ele>
    <time>2026-10-04T17:42:03Z</time>
   </trkpt>
   <trkpt lat="51.5024350" lon="-0.1641910">
    <ele>17.4</ele>
    <time>2026-10-04T17:42:04Z</time>
   </trkpt>
   <trkpt lat="51.5024360" lon="-0.1640950">
    <ele>17.3</ele>
    <time>2026-10-04T17:42:05Z</time>
   </trkpt>
   <trkpt lat="51.5024420" lon="-0.1639980">
    <ele>17.1</ele>
    <time>2026-10-04T17:42:06Z</time>
   </trkpt>
   <trkpt lat="51.5024550" lon="-0.1639080">
    <ele>17.0</ele>
    <time>2026-10-04T17:42:07Z</time>
   </trkpt>
   <trkpt lat="51.5024630" lon="-0.1638240">
    <ele>16.9</ele>
    <time>2026-10-04T17:42:08Z</time>
   </trkpt>
   <trkpt lat="51.5024700" lon="-0.1637340">
    <ele>16.8</ele>
    <time>2026-10-04T17:42:09Z</time>
   </trkpt>
   <trkpt lat="51.5024780" lon="-0.1636390">
    <ele>16.7</ele>
    <time>2026-10-04T17:42:10Z</time>
   </trkpt>
   <trkpt lat="51.5024740" lon="-0.1635480">
    <ele>16.6</ele>
    <time>2026-10-04T17:42:11Z</time>
   </trkpt>
   <trkpt lat="51.5024740" lon="-0.1634530">
    <ele>16.5</ele>
    <time>2026-10-04T17:42:12Z</time>
   </trkpt>
   <trkpt lat="51.5024740" lon="-0.1633630">
    <ele>16.4</ele>
    <time>2026-10-04T17:42:13Z</time>
   </trkpt>
   <trkpt lat="51.5024810" lon="-0.1632750">
    <ele>16.3</ele>
    <time>2026-10-04T17:42:14Z</time>
   </trkpt>
   <trkpt lat="51.5024870" lon="-0.1631860">
    <ele>16.3</ele>
    <time>2026-10-04T17:42:15Z</time>
   </trkpt>
   <trkpt lat="51.5024960" lon="-0.1630980">
    <ele>16.2</ele>
    <time>2026-10-04T17:42:16Z</time>
   </trkpt>
   <trkpt lat="51.5025030" lon="-0.1630030">
    <ele>16.1</ele>
    <time>2026-10-04T17:42:17Z</time>
   </trkpt>
   <trkpt lat="51.5025120" lon="-0.1629120">
    <ele>16.0</ele>
    <time>2026-10-04T17:42:18Z</time>
   </trkpt>
   <trkpt lat="51.5025170" lon="-0.1628200">
    <ele>15.9</ele>
    <time>2026-10-04T17:42:19Z</time>
   </trkpt>
   <trkpt lat="51.5025210" lon="-0.1627210">
    <ele>15.8</ele>
    <time>2026-10-04T17:42:20Z</time>
   </trkpt>
   <trkpt lat="51.5025270" lon="-0.1626360">
    <ele>15.7</ele>
    <time>2026-10-04T17:42:21Z</time>
   </trkpt>
   <trkpt lat="51.5025400" lon="-0.1625340">
    <ele>15.6</ele>
    <time>2026-10-04T17:42:22Z</time>
   </trkpt>
   <trkpt lat="51.5025560" lon="-0.1624530">
    <ele>15.5</ele>
    <time>2026-10-04T17:42:23Z</time>
   </trkpt>
   <trkpt lat="51.5025680" lon="-0.1623560">
    <ele>15.3</ele>
    <time>2026-10-04T17:42:24Z</time>
   </trkpt>
   <trkpt lat="51.5025750" lon="-0.1622500">
    <ele>15.2</ele>
    <time>2026-10-04T17:42:25Z</time>
   </trkpt>
   <trkpt lat="51.5025700" lon="-0.1621570">
    <ele>15.1</ele>
    <time>2026-10-04T17:42:26Z</time>
   </trkpt>
   <trkpt lat="51.5025650" lon="-0.1620730">
    <ele>15.0</ele>
    <time>2026-10-04T17:42:27Z</time>
   </trkpt>
   <trkpt lat="51.5025750" lon="-0.1619620">
    <ele>14.8</ele>
    <time>2026-10-04T17:42:28Z</time>
   </trkpt>
   <trkpt lat="51.5025860" lon="-0.1618620">
    <ele>14.7</ele>
    <time>2026-10-04T17:42:29Z</time>
   </trkpt>
   <trkpt lat="51.5025900" lon="-0.1617660">
    <ele>14.5</ele>
    <time>2026-10-04T17:42:30Z</time>
   </trkpt>
   <trkpt lat="51.5025920" lon="-0.1616660">
    <ele>14.4</ele>
    <time>2026-10-04T17:42:31Z</time>
   </trkpt>
   <trkpt lat="51.5025940" lon="-0.1615620">
    <ele>14.3</ele>
    <time>2026-10-04T17:42:32Z</time>
   </trkpt>
   <trkpt lat="51.5026020" lon="-0.1614740">
    <ele>14.1</ele>
    <time>2026-10-04T17:42:33Z</time>
   </trkpt>
   <trkpt lat="51.5025990" lon="-0.1613610">
    <ele>14.0</ele>
    <time>2026-10-04T17:42:34Z</time>
   </trkpt>
   <trkpt lat="51.5026070" lon="-0.1612620">
    <ele>13.8</ele>
    <time>2026-10-04T17:42:35Z</time>
   </trkpt>
   <trkpt lat="51.5025990" lon="-0.1611540">
    <ele>13.7</ele>
    <time>2026-10-04T17:42:36Z</time>
   </trkpt>
   <trkpt lat="51.5026210" lon="-0.1610520">
    <ele>13.5</ele>
    <time>2026-10-04T17:42:37Z</time>
   </trkpt>
   <trkpt lat="51.5026220" lon="-0.1609550">
    <ele>13.4</ele>
    <time>2026-10-04T17:42:38Z</time>
   </trkpt>
   <trkpt lat="51.5026250" lon="-0.1608670">
    <ele>13.3</ele>
    <time>2026-10-04T17:42:39Z</time>
   </trkpt>
   <trkpt lat="51.5026300" lon="-0.1607580">
    <ele>13.1</ele>
    <time>2026-10-04T17:42:40Z</time>
   </trkpt>
   <trkpt lat="51.5026360" lon="-0.1606450">
    <ele>13.0</ele>
    <time>2026-10-04T17:42:41Z</time>
   </trkpt>
   <trkpt lat="51.5026490" lon="-0.1605640">
    <ele>12.9</ele>
    <time>2026-10-04T17:42:42Z</time>
   </trkpt>
   <trkpt lat="51.5026470" lon="-0.1604580">
    <ele>12.8</ele>
    <time>2026-10-04T17:42:43Z</time>
   </trkpt>
   <trkpt lat="51.5026490" lon="-0.1603580">
    <ele>12.7</ele>
    <time>2026-10-04T17:42:44Z</time>
   </trkpt>
   <trkpt lat="51.5026600" lon="-0.1602600">
    <ele>12.6</ele>
    <time>2026-10-04T17:42:45Z</time>
   </trkpt>
   <trkpt lat="51.5026820" lon="-0.1601690">
    <ele>12.6</ele>
    <time>2026-10-04T17:42:46Z</time>
   </trkpt>
   <trkpt lat="51.5027000" lon="-0.1600770">
    <ele>12.5</ele>
    <time>2026-10-04T17:42:47Z</time>
   </trkpt>
   <trkpt lat="51.5027020" lon="-0.1599720">
    <ele>12.4</ele>
    <time>2026-10-04T17:42:48Z</time>
   </trkpt>
   <trkpt lat="51.5027050" lon="-0.1598660">
    <ele>12.3</ele>
    <time>2026-10-04T17:42:49Z</time>
   </trkpt>
   <trkpt lat="51.5027220" lon="-0.1597770">
    <ele>12.3</ele>
    <time>2026-10-04T17:42:50Z</time>
   </trkpt>
   <trkpt lat="51.5027300" lon="-0.1596770">
    <ele>12.2</ele>
    <time>2026-10-04T17:42:51Z</time>
   </trkpt>
   <trkpt lat="51.5027340" lon="-0.1595870">
    <ele>12.1</ele>
    <time>2026-10-04T17:42:52Z</time>
   </trkpt>
   <trkpt lat="51.5027530" lon="-0.1594870">
    <ele>12.0</ele>
    <time>2026-10-04T17:42:53Z</time>
   </trkpt>
   <trkpt lat="51.5027640" lon="-0.1593950">
    <ele>12.0</ele>
    <time>2026-10-04T17:42:54Z</time>
   </trkpt>
   <trkpt lat="51.5027660" lon="-0.1592950">
    <ele>11.9</ele>
    <time>2026-10-04T17:42:55Z</time>
   </trkpt>
   <trkpt lat="51.5027630" lon="-0.1592020">
    <ele>11.8</ele>
    <time>2026-10-04T17:42:56Z</time>
   </trkpt>
   <trkpt lat="51.5027510" lon="-0.1590990">
    <ele>11.8</ele>
    <time>2026-10-04T17:42:57Z</time>
   </trkpt>
   <trkpt lat="51.5027620" lon="-0.1590000">
    <ele>11.7</ele>
    <time>2026-10-04T17:42:58Z</time>
   </trkpt>
   <trkpt lat="51.5027790" lon="-0.1589060">
    <ele>11.6</ele>
    <time>2026-10-04T17:42:59Z</time>
   </trkpt>
   <trkpt lat="51.5027840" lon="-0.1588160">
    <ele>11.6</ele>
    <time>2026-10-04T17:43:00Z</time>
   </trkpt>
   <trkpt lat="51.5028010" lon="-0.1587230">
    <ele>11.5</ele>
    <time>2026-10-04T17:43:01Z</time>
   </trkpt>
   <trkpt lat="51.5028140" lon="-0.1586360">
    <ele>11.5</ele>
    <time>2026-10-04T17:43:02Z</time>
   </trkpt>
   <trkpt lat="51.5028180" lon="-0.1585450">
    <ele>11.5</ele>
    <time>2026-10-04T17:43:03Z</time>
   </trkpt>
   <trkpt lat="51.5028250" lon="-0.1584680">
    <ele>11.5</ele>
    <time>2026-10-04T17:43:04Z</time>
   </trkpt>
   <trkpt lat="51.5028270" lon="-0.1583940">
    <ele>11.5</ele>
    <time>2026-10-04T17:43:05Z</time>
   </trkpt>
   <trkpt lat="51.5027980" lon="-0.1583210">
    <ele>11.6</ele>
    <time>2026-10-04T17:43:06Z</time>
   </trkpt>
   <trkpt lat="51.5028000" lon="-0.1582370">
    <ele>11.6</ele>
    <time>2026-10-04T17:43:07Z</time>
   </trkpt>
   <trkpt lat="51.5028250" lon="-0.1581350">
    <ele>11.7</ele>
    <time>2026-10-04T17:43:08Z</time>
   </trkpt>
   <trkpt lat="51.5028430" lon="-0.1580380">
    <ele>11.7</ele>
    <time>2026-10-04T17:43:09Z</time>
   </trkpt>
   <trkpt lat="51.5028650" lon="-0.1579480">
    <ele>11.8</ele>
    <time>2026-10-04T17:43:10Z</time>
   </trkpt>
   <trkpt lat="51.5028750" lon="-0.1578590">
    <ele>11.8</ele>
    <time>2026-10-04T17:43:11Z</time>
   </trkpt>
   <trkpt lat="51.5028990" lon="-0.1577790">
    <ele>11.8</ele>
    <time>2026-10-04T17:43:12Z</time>
   </trkpt>
   <trkpt lat="51.5028920" lon="-0.1576860">
    <ele>11.9</ele>
    <time>2026-10-04T17:43:13Z</time>
   </trkpt>
   <trkpt lat="51.5028860" lon="-0.1575920">
    <ele>12.0</ele>
    <time>2026-10-04T17:43:14Z</time>
   </trkpt>
   <trkpt lat="51.5028790" lon="-0.1574990">
    <ele>12.0</ele>
    <time>2026-10-04T17:43:15Z</time>
   </trkpt>
   <trkpt lat="51.5028900" lon="-0.1574140">
    <ele>12.1</ele>
    <time>2026-10-04T17:43:16Z</time>
   </trkpt>
   <trkpt lat="51.5028970" lon="-0.1573220">
    <ele>12.1</ele>
    <time>2026-10-04T17:43:17Z</time>
   </trkpt>
   <trkpt lat="51.5028940" lon="-0.1572330">
    <ele>12.1</ele>
    <time>2026-10-04T17:43:18Z</time>
   </trkpt>
   <trkpt lat="51.5029120" lon="-0.1571550">
    <ele>12.2</ele>
    <time>2026-10-04T17:43:19Z</time>
   </trkpt>
   <trkpt lat="51.5029210" lon="-0.1570700">
    <ele>12.2</ele>
    <time>2026-10-04T17:43:20Z</time>
   </trkpt>
   <trkpt lat="51.5029310" lon="-0.1569760">
    <ele>12.3</ele>
    <time>2026-10-04T17:43:21Z</time>
   </trkpt>
   <trkpt lat="51.5029530" lon="-0.1568880">
    <ele>12.4</ele>
    <time>2026-10-04T17:43:22Z</time>
   </trkpt>
   <trkpt lat="51.5029660" lon="-0.1568130">
    <ele>12.4</ele>
    <time>2026-10-04T17:43:23Z</time>
   </trkpt>
   <trkpt lat="51.5029760" lon="-0.1567240">
    <ele>12.5</ele>
    <time>2026-10-04T17:43:24Z</time>
   </trkpt>
   <trkpt lat="51.5029970" lon="-0.1566380">
    <ele>12.6</ele>
    <time>2026-10-04T17:43:25Z</time>
   </trkpt>
   <trkpt lat="51.5029950" lon="-0.1565550">
    <ele>12.7</ele>
    <time>2026-10-04T17:43:26Z</time>
   </trkpt>
   <trkpt lat="51.5030050" lon="-0.1564750">
    <ele>12.7</ele>
    <time>2026-10-04T17:43:27Z</time>
   </trkpt>
   <trkpt lat="51.5030110" lon="-0.1564010">
    <ele>12.8</ele>
    <time>2026-10-04T17:43:28Z</time>
   </trkpt>
   <trkpt lat="51.5030180" lon="-0.1563320">
    <ele>12.9</ele>
    <time>2026-10-04T17:43:29Z</time>
   </trkpt>
   <trkpt lat="51.5030180" lon="-0.1562460">
    <ele>13.0</ele>
    <time>2026-10-04T17:43:30Z</time>
   </trkpt>
   <trkpt lat="51.5030160" lon="-0.1561580">
    <ele>13.1</ele>
    <time>2026-10-04T17:43:31Z</time>
   </trkpt>
   <trkpt lat="51.5030320" lon="-0.1560730">
    <ele>13.2</ele>
    <time>2026-10-04T17:43:32Z</time>
   </trkpt>
   <trkpt lat="51.5030510" lon="-0.1559960">
    <ele>13.2</ele>
    <time>2026-10-04T17:43:33Z</time>
   </trkpt>
   <trkpt lat="51.5030530" lon="-0.1559220">
    <ele>13.3</ele>
    <time>2026-10-04T17:43:34Z</time>
   </trkpt>
   <trkpt lat="51.5030570" lon="-0.1558460">
    <ele>13.4</ele>
    <time>2026-10-04T17:43:35Z</time>
   </trkpt>
   <trkpt lat="51.5030610" lon="-0.1557650">
    <ele>13.5</ele>
    <time>2026-10-04T17:43:36Z</time>
   </trkpt>
   <trkpt lat="51.5030720" lon="-0.1556890">
    <ele>13.6</ele>
    <time>2026-10-04T17:43:37Z</time>
   </trkpt>
   <trkpt lat="51.5030860" lon="-0.1556190">
    <ele>13.7</ele>
    <time>2026-10-04T17:43:38Z</time>
   </trkpt>
   <trkpt lat="51.5030890" lon="-0.1555470">
    <ele>13.7</ele>
    <time>2026-10-04T17:43:39Z</time>
   </trkpt>
   <trkpt lat="51.5030960" lon="-0.1554910">
    <ele>13.8</ele>
    <time>2026-10-04T17:43:40Z</time>
   </trkpt>
   <trkpt lat="51.5031030" lon="-0.1554350">
    <ele>13.9</ele>
    <time>2026-10-04T17:43:41Z</time>
   </trkpt>
   <trkpt lat="51.5031070" lon="-0.1553650">
    <ele>14.0</ele>
    <time>2026-10-04T17:43:42Z</time>
   </trkpt>
   <trkpt lat="51.5031100" lon="-0.1552950">
    <ele>14.0</ele>
    <time>2026-10-04T17:43:43Z</time>
   </trkpt>
   <trkpt lat="51.5031110" lon="-0.1551680">
    <ele>14.2</ele>
    <time>2026-10-04T17:43:44Z</time>
   </trkpt>
   <trkpt lat="51.5031220" lon="-0.1550970">
    <ele>14.2</ele>
    <time>2026-10-04T17:43:45Z</time>
   </trkpt>
   <trkpt lat="51.5031330" lon="-0.1550250">
    <ele>14.3</ele>
    <time>2026-10-04T17:43:46Z</time>
   </trkpt>
   <trkpt lat="51.5031350" lon="-0.1549510">
    <ele>14.4</ele>
    <time>2026-10-04T17:43:47Z</time>
   </trkpt>
   <trkpt lat="51.5031400" lon="-0.1548840">
    <ele>14.5</ele>
    <time>2026-10-04T17:43:48Z</time>
   </trkpt>
   <trkpt lat="51.5031490" lon="-0.1548130">
    <ele>14.5</ele>
    <time>2026-10-04T17:43:49Z</time>
   </trkpt>
   <trkpt lat="51.5031560" lon="-0.1547380">
    <ele>14.6</ele>
    <time>2026-10-04T17:43:50Z</time>
   </trkpt>
   <trkpt lat="51.5031640" lon="-0.1546650">
    <ele>14.7</ele>
    <time>2026-10-04T17:43:52Z</time>
   </trkpt>
   <trkpt lat="51.5031720" lon="-0.1546040">
    <ele>14.7</ele>
    <time>2026-10-04T17:43:53Z</time>
   </trkpt>
   <trkpt lat="51.5031710" lon="-0.1545290">
    <ele>14.8</ele>
    <time>2026-10-04T17:43:54Z</time>
   </trkpt>
   <trkpt lat="51.5031760" lon="-0.1544590">
    <ele>14.9</ele>
    <time>2026-10-04T17:43:55Z</time>
   </trkpt>
   <trkpt lat="51.5031940" lon="-0.1543940">
    <ele>14.9</ele>
    <time>2026-10-04T17:43:56Z</time>
   </trkpt>
   <trkpt lat="51.5032030" lon="-0.1543120">
    <ele>15.0</ele>
    <time>2026-10-04T17:43:57Z</time>
   </trkpt>
   <trkpt lat="51.5032100" lon="-0.1542390">
    <ele>15.1</ele>
    <time>2026-10-04T17:43:58Z</time>
   </trkpt>
   <trkpt lat="51.5032140" lon="-0.1541690">
    <ele>15.1</ele>
    <time>2026-10-04T17:43:59Z</time>
   </trkpt>
   <trkpt lat="51.5032180" lon="-0.1541040">
    <ele>15.2</ele>
    <time>2026-10-04T17:44:00Z</time>
   </trkpt>
   <trkpt lat="51.5032090" lon="-0.1540480">
    <ele>15.2</ele>
    <time>2026-10-04T17:44:01Z</time>
   </trkpt>
   <trkpt lat="51.5032060" lon="-0.1539870">
    <ele>15.3</ele>
    <time>2026-10-04T17:44:02Z</time>
   </trkpt>
   <trkpt lat="51.5031990" lon="-0.1539210">
    <ele>15.3</ele>
    <time>2026-10-04T17:44:03Z</time>
   </trkpt>
   <trkpt lat="51.5032070" lon="-0.1538680">
    <ele>15.4</ele>
    <time>2026-10-04T17:44:04Z</time>
   </trkpt>
   <trkpt lat="51.5032130" lon="-0.1538050">
    <ele>15.4</ele>
    <time>2026-10-04T17:44:05Z</time>
   </trkpt>
   <trkpt lat="51.5032240" lon="-0.1537270">
    <ele>15.5</ele>
    <time>2026-10-04T17:44:06Z</time>
   </trkpt>
   <trkpt lat="51.5032480" lon="-0.1535720">
    <ele>15.7</ele>
    <time>2026-10-04T17:44:07Z</time>
   </trkpt>
   <trkpt lat="51.5032590" lon="-0.1534940">
    <ele>15.7</ele>
    <time>2026-10-04T17:44:08Z</time>
   </trkpt>
   <trkpt lat="51.5032650" lon="-0.1534220">
    <ele>15.8</ele>
    <time>2026-10-04T17:44:09Z</time>
   </trkpt>
   <trkpt lat="51.5032710" lon="-0.1533580">
    <ele>15.8</ele>
    <time>2026-10-04T17:44:10Z</time>
   </trkpt>
   <trkpt lat="51.5032900" lon="-0.1533020">
    <ele>15.9</ele>
    <time>2026-10-04T17:44:11Z</time>
   </trkpt>
   <trkpt lat="51.5033050" lon="-0.1532340">
    <ele>16.0</ele>
    <time>2026-10-04T17:44:12Z</time>
   </trkpt>
   <trkpt lat="51.5033270" lon="-0.1531700">
    <ele>16.1</ele>
    <time>2026-10-04T17:44:13Z</time>
   </trkpt>
   <trkpt lat="51.5033430" lon="-0.1531160">
    <ele>16.2</ele>
    <time>2026-10-04T17:44:14Z</time>
   </trkpt>
   <trkpt lat="51.5033650" lon="-0.1530600">
    <ele>16.2</ele>
    <time>2026-10-04T17:44:15Z</time>
   </trkpt>
   <trkpt lat="51.5033880" lon="-0.1530120">
    <ele>16.3</ele>
    <time>2026-10-04T17:44:16Z</time>
   </trkpt>
   <trkpt lat="51.5034180" lon="-0.1529690">
    <ele>16.4</ele>
    <time>2026-10-04T17:44:17Z</time>
   </trkpt>
   <trkpt lat="51.5034340" lon="-0.1529090">
    <ele>16.5</ele>
    <time>2026-10-04T17:44:18Z</time>
   </trkpt>
   <trkpt lat="51.5034570" lon="-0.1528660">
    <ele>16.6</ele>
    <time>2026-10-04T17:44:19Z</time>
   </trkpt>
   <trkpt lat="51.5034640" lon="-0.1528260">
    <ele>16.7</ele>
    <time>2026-10-04T17:44:20Z</time>
   </trkpt>
   <trkpt lat="51.5034700" lon="-0.1528180">
    <ele>16.7</ele>
    <time>2026-10-04T17:44:21Z</time>
   </trkpt>
   <trkpt lat="51.5034670" lon="-0.1527750">
    <ele>16.8</ele>
    <time>2026-10-04T17:44:22Z</time>
   </trkpt>
   <trkpt lat="51.5034700" lon="-0.1527520">
    <ele>16.9</ele>
    <time>2026-10-04T17:44:23Z</time>
   </trkpt>
   <trkpt lat="51.5034470" lon="-0.1527260">
    <ele>16.8</ele>
    <time>2026-10-04T17:44:24Z</time>
   </trkpt>
   <trkpt lat="51.5034340" lon="-0.1526940">
    <ele>16.8</ele>
    <time>2026-10-04T17:44:25Z</time>
   </trkpt>
   <trkpt lat="51.5034150" lon="-0.1526750">
    <ele>16.8</ele>
    <time>2026-10-04T17:44:26Z</time>
   </trkpt>
   <trkpt lat="51.5033880" lon="-0.1526540">
    <ele>16.8</ele>
    <time>2026-10-04T17:44:27Z</time>
   </trkpt>
   <trkpt lat="51.5033620" lon="-0.1526430">
    <ele>16.8</ele>
    <time>2026-10-04T17:44:28Z</time>
   </trkpt>
   <trkpt lat="51.5033410" lon="-0.1526360">
    <ele>16.8</ele>
    <time>2026-10-04T17:44:29Z</time>
   </trkpt>
   <trkpt lat="51.5033170" lon="-0.1526280">
    <ele>16.8</ele>
    <time>2026-10-04T17:44:30Z</time>
   </trkpt>
   <trkpt lat="51.5032980" lon="-0.1526130">
    <ele>16.7</ele>
    <time>2026-10-04T17:44:31Z</time>
   </trkpt>
   <trkpt lat="51.5032730" lon="-0.1526060">
    <ele>16.7</ele>
    <time>2026-10-04T17:44:32Z</time>
   </trkpt>
   <trkpt lat="51.5032490" lon="-0.1525900">
    <ele>16.7</ele>
    <time>2026-10-04T17:44:33Z</time>
   </trkpt>
   <trkpt lat="51.5032220" lon="-0.1525740">
    <ele>16.7</ele>
    <time>2026-10-04T17:44:34Z</time>
   </trkpt>
   <trkpt lat="51.5031920" lon="-0.1525650">
    <ele>16.6</ele>
    <time>2026-10-04T17:44:35Z</time>
   </trkpt>
   <trkpt lat="51.5031640" lon="-0.1525350">
    <ele>16.6</ele>
    <time>2026-10-04T17:44:36Z</time>
   </trkpt>
   <trkpt lat="51.5031330" lon="-0.1525090">
    <ele>16.5</ele>
    <time>2026-10-04T17:44:37Z</time>
   </trkpt>
   <trkpt lat="51.5031070" lon="-0.1524900">
    <ele>16.5</ele>
    <time>2026-10-04T17:44:38Z</time>
   </trkpt>
   <trkpt lat="51.5030780" lon="-0.1524860">
    <ele>16.4</ele>
    <time>2026-10-04T17:44:39Z</time>
   </trkpt>
   <trkpt lat="51.5030450" lon="-0.1524620">
    <ele>16.3</ele>
    <time>2026-10-04T17:44:40Z</time>
   </trkpt>
   <trkpt lat="51.5030210" lon="-0.1524370">
    <ele>16.3</ele>
    <time>2026-10-04T17:44:41Z</time>
   </trkpt>
   <trkpt lat="51.5029940" lon="-0.1524080">
    <ele>16.2</ele>
    <time>2026-10-04T17:44:42Z</time>
   </trkpt>
   <trkpt lat="51.5029690" lon="-0.1523820">
    <ele>16.2</ele>
    <time>2026-10-04T17:44:43Z</time>
   </trkpt>
   <trkpt lat="51.5029630" lon="-0.1523580">
    <ele>16.1</ele>
    <time>2026-10-04T17:44:44Z</time>
   </trkpt>
   <trkpt lat="51.5029660" lon="-0.1523510">
    <ele>16.1</ele>
    <time>2026-10-04T17:44:45Z</time>
   </trkpt>
   <trkpt lat="51.5029700" lon="-0.1523590">
    <ele>16.1</ele>
    <time>2026-10-04T17:44:46Z</time>
   </trkpt>
   <trkpt lat="51.5029690" lon="-0.1523650">
    <ele>16.1</ele>
    <time>2026-10-04T17:44:47Z</time>
   </trkpt>
   <trkpt lat="51.5029730" lon="-0.1523650">
    <ele>16.1</ele>
    <time>2026-10-04T17:44:48Z</time>
   </trkpt>
   <trkpt lat="51.5029730" lon="-0.1523660">
    <ele>16.1</ele>
    <time>2026-10-04T17:44:49Z</time>
   </trkpt>
   <trkpt lat="51.5029740" lon="-0.1523680">
    <ele>16.1</ele>
    <time>2026-10-04T17:44:50Z</time>
   </trkpt>
   <trkpt lat="51.5029750" lon="-0.1523690">
    <ele>16.1</ele>
    <time>2026-10-04T17:44:51Z</time>
   </trkpt>
   <trkpt lat="51.5029750" lon="-0.1523750">
    <ele>16.1</ele>
    <time>2026-10-04T17:44:52Z</time>
   </trkpt>
   <trkpt lat="51.5029750" lon="-0.1523800">
    <ele>16.1</ele>
    <time>2026-10-04T17:44:53Z</time>
   </trkpt>
   <trkpt lat="51.5029740" lon="-0.1523800">
    <ele>16.1</ele>
    <time>2026-10-04T17:44:54Z</time>
   </trkpt>
   <trkpt lat="51.5029760" lon="-0.1523750">
    <ele>16.1</ele>
    <time>2026-10-04T17:44:55Z</time>
   </trkpt>
   <trkpt lat="51.5029630" lon="-0.1523100">
    <ele>16.0</ele>
    <time>2026-10-04T17:45:23Z</time>
   </trkpt>
   <trkpt lat="51.5029440" lon="-0.1522750">
    <ele>16.0</ele>
    <time>2026-10-04T17:45:24Z</time>
   </trkpt>
   <trkpt lat="51.5029350" lon="-0.1522350">
    <ele>15.9</ele>
    <time>2026-10-04T17:45:25Z</time>
   </trkpt>
   <trkpt lat="51.5029250" lon="-0.1521960">
    <ele>15.9</ele>
    <time>2026-10-04T17:45:26Z</time>
   </trkpt>
   <trkpt lat="51.5029120" lon="-0.1521510">
    <ele>15.8</ele>
    <time>2026-10-04T17:45:27Z</time>
   </trkpt>
   <trkpt lat="51.5028990" lon="-0.1521050">
    <ele>15.8</ele>
    <time>2026-10-04T17:45:28Z</time>
   </trkpt>
   <trkpt lat="51.5028850" lon="-0.1520580">
    <ele>15.7</ele>
    <time>2026-10-04T17:45:29Z</time>
   </trkpt>
   <trkpt lat="51.5028670" lon="-0.1520140">
    <ele>15.7</ele>
    <time>2026-10-04T17:45:30Z</time>
   </trkpt>
   <trkpt lat="51.5028400" lon="-0.1519670">
    <ele>15.6</ele>
    <time>2026-10-04T17:45:31Z</time>
   </trkpt>
   <trkpt lat="51.5028110" lon="-0.1519150">
    <ele>15.5</ele>
    <time>2026-10-04T17:45:32Z</time>
   </trkpt>
   <trkpt lat="51.5027920" lon="-0.1518650">
    <ele>15.4</ele>
    <time>2026-10-04T17:45:33Z</time>
   </trkpt>
   <trkpt lat="51.5027520" lon="-0.1518240">
    <ele>15.3</ele>
    <time>2026-10-04T17:45:34Z</time>
   </trkpt>
   <trkpt lat="51.5027210" lon="-0.1517880">
    <ele>15.2</ele>
    <time>2026-10-04T17:45:35Z</time>
   </trkpt>
   <trkpt lat="51.5026880" lon="-0.1517570">
    <ele>15.1</ele>
    <time>2026-10-04T17:45:36Z</time>
   </trkpt>
   <trkpt lat="51.5026540" lon="-0.1517100">
    <ele>15.0</ele>
    <time>2026-10-04T17:45:37Z</time>
   </trkpt>
   <trkpt lat="51.5026320" lon="-0.1516500">
    <ele>14.9</ele>
    <time>2026-10-04T17:45:38Z</time>
   </trkpt>
   <trkpt lat="51.5026210" lon="-0.1515740">
    <ele>14.8</ele>
    <time>2026-10-04T17:45:39Z</time>
   </trkpt>
   <trkpt lat="51.5026200" lon="-0.1514980">
    <ele>14.8</ele>
    <time>2026-10-04T17:45:40Z</time>
   </trkpt>
   <trkpt lat="51.5026080" lon="-0.1514230">
    <ele>14.7</ele>
    <time>2026-10-04T17:45:41Z</time>
   </trkpt>
   <trkpt lat="51.5026030" lon="-0.1513470">
    <ele>14.7</ele>
    <time>2026-10-04T17:45:42Z</time>
   </trkpt>
   <trkpt lat="51.5025950" lon="-0.1512720">
    <ele>14.6</ele>
    <time>2026-10-04T17:45:43Z</time>
   </trkpt>
   <trkpt lat="51.5025890" lon="-0.1511960">
    <ele>14.6</ele>
    <time>2026-10-04T17:45:44Z</time>
   </trkpt>
   <trkpt lat="51.5025870" lon="-0.1511180">
    <ele>14.6</ele>
    <time>2026-10-04T17:45:45Z</time>
   </trkpt>
   <trkpt lat="51.5025830" lon="-0.1510380">
    <ele>14.5</ele>
    <time>2026-10-04T17:45:46Z</time>
   </trkpt>
   <trkpt lat="51.5025770" lon="-0.1509820">
    <ele>14.5</ele>
    <time>2026-10-04T17:45:47Z</time>
   </trkpt>
   <trkpt lat="51.5025790" lon="-0.1509110">
    <ele>14.5</ele>
    <time>2026-10-04T17:45:48Z</time>
   </trkpt>
   <trkpt lat="51.5025790" lon="-0.1508140">
    <ele>14.4</ele>
    <time>2026-10-04T17:45:49Z</time>
   </trkpt>
   <trkpt lat="51.5025860" lon="-0.1507480">
    <ele>14.4</ele>
    <time>2026-10-04T17:45:50Z</time>
   </trkpt>
   <trkpt lat="51.5025920" lon="-0.1506890">
    <ele>14.4</ele>
    <time>2026-10-04T17:45:51Z</time>
   </trkpt>
   <trkpt lat="51.5025990" lon="-0.1506180">
    <ele>14.3</ele>
    <time>2026-10-04T17:45:52Z</time>
   </trkpt>
   <trkpt lat="51.5026000" lon="-0.1505440">
    <ele>14.3</ele>
    <time>2026-10-04T17:45:53Z</time>
   </trkpt>
   <trkpt lat="51.5025850" lon="-0.1504430">
    <ele>14.3</ele>
    <time>2026-10-04T17:45:54Z</time>
   </trkpt>
   <trkpt lat="51.5025880" lon="-0.1503530">
    <ele>14.3</ele>
    <time>2026-10-04T17:45:55Z</time>
   </trkpt>
   <trkpt lat="51.5025930" lon="-0.1502540">
    <ele>14.3</ele>
    <time>2026-10-04T17:45:56Z</time>
   </trkpt>
   <trkpt lat="51.5025950" lon="-0.1501460">
    <ele>14.4</ele>
    <time>2026-10-04T17:45:58Z</time>
   </trkpt>
   <trkpt lat="51.5025890" lon="-0.1500310">
    <ele>14.5</ele>
    <time>2026-10-04T17:45:59Z</time>
   </trkpt>
   <trkpt lat="51.5025810" lon="-0.1499330">
    <ele>14.6</ele>
    <time>2026-10-04T17:46:00Z</time>
   </trkpt>
   <trkpt lat="51.5025780" lon="-0.1498370">
    <ele>14.7</ele>
    <time>2026-10-04T17:46:01Z</time>
   </trkpt>
   <trkpt lat="51.5025710" lon="-0.1497460">
    <ele>14.7</ele>
    <time>2026-10-04T17:46:02Z</time>
   </trkpt>
   <trkpt lat="51.5025660" lon="-0.1496550">
    <ele>14.6</ele>
    <time>2026-10-04T17:46:03Z</time>
   </trkpt>
   <trkpt lat="51.5025520" lon="-0.1495600">
    <ele>14.5</ele>
    <time>2026-10-04T17:46:04Z</time>
   </trkpt>
   <trkpt lat="51.5025420" lon="-0.1494560">
    <ele>14.2</ele>
    <time>2026-10-04T17:46:05Z</time>
   </trkpt>
   <trkpt lat="51.5025360" lon="-0.1493370">
    <ele>14.0</ele>
    <time>2026-10-04T17:46:06Z</time>
   </trkpt>
   <trkpt lat="51.5025350" lon="-0.1492150">
    <ele>13.8</ele>
    <time>2026-10-04T17:46:07Z</time>
   </trkpt>
   <trkpt lat="51.5025330" lon="-0.1490980">
    <ele>13.7</ele>
    <time>2026-10-04T17:46:08Z</time>
   </trkpt>
   <trkpt lat="51.5025260" lon="-0.1489710">
    <ele>13.5</ele>
    <time>2026-10-04T17:46:09Z</time>
   </trkpt>
   <trkpt lat="51.5025210" lon="-0.1488500">
    <ele>13.4</ele>
    <time>2026-10-04T17:46:10Z</time>
   </trkpt>
   <trkpt lat="51.5025130" lon="-0.1487160">
    <ele>13.2</ele>
    <time>2026-10-04T17:46:11Z</time>
   </trkpt>
   <trkpt lat="51.5025060" lon="-0.1485840">
    <ele>13.1</ele>
    <time>2026-10-04T17:46:12Z</time>
   </trkpt>
   <trkpt lat="51.5025090" lon="-0.1483090">
    <ele>12.7</ele>
    <time>2026-10-04T17:46:13Z</time>
   </trkpt>
   <trkpt lat="51.5024940" lon="-0.1481730">
    <ele>12.5</ele>
    <time>2026-10-04T17:46:14Z</time>
   </trkpt>
   <trkpt lat="51.5024770" lon="-0.1480420">
    <ele>12.4</ele>
    <time>2026-10-04T17:46:15Z</time>
   </trkpt>
   <trkpt lat="51.5024780" lon="-0.1479080">
    <ele>12.2</ele>
    <time>2026-10-04T17:46:16Z</time>
   </trkpt>
   <trkpt lat="51.5024800" lon="-0.1477770">
    <ele>12.1</ele>
    <time>2026-10-04T17:46:17Z</time>
   </trkpt>
   <trkpt lat="51.5024670" lon="-0.1476430">
    <ele>11.9</ele>
    <time>2026-10-04T17:46:18Z</time>
   </trkpt>
   <trkpt lat="51.5024640" lon="-0.1475150">
    <ele>11.7</ele>
    <time>2026-10-04T17:46:19Z</time>
   </trkpt>
   <trkpt lat="51.5024470" lon="-0.1474030">
    <ele>11.5</ele>
    <time>2026-10-04T17:46:20Z</time>
   </trkpt>
   <trkpt lat="51.5024440" lon="-0.1472590">
    <ele>11.4</ele>
    <time>2026-10-04T17:46:21Z</time>
   </trkpt>
   <trkpt lat="51.5024390" lon="-0.1471210">
    <ele>11.2</ele>
    <time>2026-10-04T17:46:22Z</time>
   </trkpt>
   <trkpt lat="51.5024360" lon="-0.1469890">
    <ele>11.0</ele>
    <time>2026-10-04T17:46:23Z</time>
   </trkpt>
   <trkpt lat="51.5024510" lon="-0.1468600">
    <ele>10.8</ele>
    <time>2026-10-04T17:46:24Z</time>
   </trkpt>
   <trkpt lat="51.5024560" lon="-0.1467210">
    <ele>10.6</ele>
    <time>2026-10-04T17:46:25Z</time>
   </trkpt>
   <trkpt lat="51.5024570" lon="-0.1465900">
    <ele>10.4</ele>
    <time>2026-10-04T17:46:26Z</time>
   </trkpt>
   <trkpt lat="51.5024510" lon="-0.1464550">
    <ele>10.2</ele>
    <time>2026-10-04T17:46:27Z</time>
   </trkpt>
   <trkpt lat="51.5024410" lon="-0.1463310">
    <ele>10.0</ele>
    <time>2026-10-04T17:46:28Z</time>
   </trkpt>
   <trkpt lat="51.5024290" lon="-0.1462010">
    <ele>9.8</ele>
    <time>2026-10-04T17:46:29Z</time>
   </trkpt>
   <trkpt lat="51.5024280" lon="-0.1460630">
    <ele>9.6</ele>
    <time>2026-10-04T17:46:30Z</time>
   </trkpt>
   <trkpt lat="51.5024270" lon="-0.1459290">
    <ele>9.4</ele>
    <time>2026-10-04T17:46:31Z</time>
   </trkpt>
   <trkpt lat="51.5024140" lon="-0.1458000">
    <ele>9.3</ele>
    <time>2026-10-04T17:46:32Z</time>
   </trkpt>
   <trkpt lat="51.5024050" lon="-0.1456590">
    <ele>9.1</ele>
    <time>2026-10-04T17:46:33Z</time>
   </trkpt>
   <trkpt lat="51.5023940" lon="-0.1455220">
    <ele>8.9</ele>
    <time>2026-10-04T17:46:34Z</time>
   </trkpt>
   <trkpt lat="51.5023910" lon="-0.1454000">
    <ele>8.8</ele>
    <time>2026-10-04T17:46:35Z</time>
   </trkpt>
   <trkpt lat="51.5023890" lon="-0.1452750">
    <ele>8.6</ele>
    <time>2026-10-04T17:46:36Z</time>
   </trkpt>
   <trkpt lat="51.5023760" lon="-0.1451470">
    <ele>8.5</ele>
    <time>2026-10-04T17:46:37Z</time>
   </trkpt>
   <trkpt lat="51.5023720" lon="-0.1450270">
    <ele>8.4</ele>
    <time>2026-10-04T17:46:38Z</time>
   </trkpt>
   <trkpt lat="51.5023710" lon="-0.1448930">
    <ele>8.2</ele>
    <time>2026-10-04T17:46:39Z</time>
   </trkpt>
   <trkpt lat="51.5023530" lon="-0.1447720">
    <ele>8.1</ele>
    <time>2026-10-04T17:46:40Z</time>
   </trkpt>
   <trkpt lat="51.5023490" lon="-0.1446400">
    <ele>8.0</ele>
    <time>2026-10-04T17:46:41Z</time>
   </trkpt>
   <trkpt lat="51.5023410" lon="-0.1445150">
    <ele>7.8</ele>
    <time>2026-10-04T17:46:42Z</time>
   </trkpt>
   <trkpt lat="51.5023440" lon="-0.1444100">
    <ele>7.7</ele>
    <time>2026-10-04T17:46:43Z</time>
   </trkpt>
   <trkpt lat="51.5023290" lon="-0.1442810">
    <ele>7.5</ele>
    <time>2026-10-04T17:46:44Z</time>
   </trkpt>
   <trkpt lat="51.5023210" lon="-0.1441610">
    <ele>7.4</ele>
    <time>2026-10-04T17:46:45Z</time>
   </trkpt>
   <trkpt lat="51.5023110" lon="-0.1440390">
    <ele>7.3</ele>
    <time>2026-10-04T17:46:46Z</time>
   </trkpt>
   <trkpt lat="51.5023040" lon="-0.1439170">
    <ele>7.2</ele>
    <time>2026-10-04T17:46:47Z</time>
   </trkpt>
   <trkpt lat="51.5023020" lon="-0.1437880">
    <ele>7.0</ele>
    <time>2026-10-04T17:46:48Z</time>
   </trkpt>
   <trkpt lat="51.5022910" lon="-0.1436620">
    <ele>6.9</ele>
    <time>2026-10-04T17:46:49Z</time>
   </trkpt>
   <trkpt lat="51.5022820" lon="-0.1435420">
    <ele>6.8</ele>
    <time>2026-10-04T17:46:50Z</time>
   </trkpt>
   <trkpt lat="51.5022760" lon="-0.1434180">
    <ele>6.8</ele>
    <time>2026-10-04T17:46:51Z</time>
   </trkpt>
   <trkpt lat="51.5022750" lon="-0.1432960">
    <ele>6.7</ele>
    <time>2026-10-04T17:46:52Z</time>
   </trkpt>
   <trkpt lat="51.5022690" lon="-0.1431740">
    <ele>6.7</ele>
    <time>2026-10-04T17:46:53Z</time>
   </trkpt>
   <trkpt lat="51.5022610" lon="-0.1430510">
    <ele>6.6</ele>
    <time>2026-10-04T17:46:54Z</time>
   </trkpt>
   <trkpt lat="51.5022520" lon="-0.1429240">
    <ele>6.6</ele>
    <time>2026-10-04T17:46:55Z</time>
   </trkpt>
   <trkpt lat="51.5022440" lon="-0.1428030">
    <ele>6.5</ele>
    <time>2026-10-04T17:46:56Z</time>
   </trkpt>
   <trkpt lat="51.5022350" lon="-0.1426730">
    <ele>6.5</ele>
    <time>2026-10-04T17:46:57Z</time>
   </trkpt>
   <trkpt lat="51.5022270" lon="-0.1425460">
    <ele>6.4</ele>
    <time>2026-10-04T17:46:58Z</time>
   </trkpt>
   <trkpt lat="51.5022200" lon="-0.1424190">
    <ele>6.4</ele>
    <time>2026-10-04T17:46:59Z</time>
   </trkpt>
   <trkpt lat="51.5022200" lon="-0.1422950">
    <ele>6.3</ele>
    <time>2026-10-04T17:47:00Z</time>
   </trkpt>
   <trkpt lat="51.5022200" lon="-0.1421630">
    <ele>6.2</ele>
    <time>2026-10-04T17:47:01Z</time>
   </trkpt>
   <trkpt lat="51.5022160" lon="-0.1420390">
    <ele>6.2</ele>
    <time>2026-10-04T17:47:02Z</time>
   </trkpt>
   <trkpt lat="51.5022160" lon="-0.1419120">
    <ele>6.1</ele>
    <time>2026-10-04T17:47:03Z</time>
   </trkpt>
   <trkpt lat="51.5022100" lon="-0.1417860">
    <ele>6.1</ele>
    <time>2026-10-04T17:47:04Z</time>
   </trkpt>
   <trkpt lat="51.5022070" lon="-0.1416540">
    <ele>6.1</ele>
    <time>2026-10-04T17:47:05Z</time>
   </trkpt>
   <trkpt lat="51.5022080" lon="-0.1415390">
    <ele>6.1</ele>
    <time>2026-10-04T17:47:06Z</time>
   </trkpt>
   <trkpt lat="51.5022040" lon="-0.1414150">
    <ele>6.1</ele>
    <time>2026-10-04T17:47:07Z</time>
   </trkpt>
   <trkpt lat="51.5022010" lon="-0.1412960">
    <ele>6.1</ele>
    <time>2026-10-04T17:47:08Z</time>
   </trkpt>
   <trkpt lat="51.5021950" lon="-0.1411790">
    <ele>6.1</ele>
    <time>2026-10-04T17:47:09Z</time>
   </trkpt>
   <trkpt lat="51.5022060" lon="-0.1410650">
    <ele>6.1</ele>
    <time>2026-10-04T17:47:10Z</time>
   </trkpt>
   <trkpt lat="51.5022240" lon="-0.1409430">
    <ele>6.1</ele>
    <time>2026-10-04T17:47:11Z</time>
   </trkpt>
   <trkpt lat="51.5022250" lon="-0.1408530">
    <ele>6.1</ele>
    <time>2026-10-04T17:47:12Z</time>
   </trkpt>
   <trkpt lat="51.5022260" lon="-0.1407700">
    <ele>6.1</ele>
    <time>2026-10-04T17:47:13Z</time>
   </trkpt>
   <trkpt lat="51.5022310" lon="-0.1406570">
    <ele>6.1</ele>
    <time>2026-10-04T17:47:14Z</time>
   </trkpt>
   <trkpt lat="51.5022230" lon="-0.1405550">
    <ele>6.1</ele>
    <time>2026-10-04T17:47:15Z</time>
   </trkpt>
   <trkpt lat="51.5022170" lon="-0.1404790">
    <ele>6.1</ele>
    <time>2026-10-04T17:47:16Z</time>
   </trkpt>
   <trkpt lat="51.5022100" lon="-0.1404130">
    <ele>6.1</ele>
    <time>2026-10-04T17:47:17Z</time>
   </trkpt>
   <trkpt lat="51.5021930" lon="-0.1403450">
    <ele>6.1</ele>
    <time>2026-10-04T17:47:18Z</time>
   </trkpt>
   <trkpt lat="51.5021860" lon="-0.1402860">
    <ele>6.1</ele>
    <time>2026-10-04T17:47:19Z</time>
   </trkpt>
   <trkpt lat="51.5021710" lon="-0.1402460">
    <ele>6.1</ele>
    <time>2026-10-04T17:47:20Z</time>
   </trkpt>
   <trkpt lat="51.5021680" lon="-0.1401950">
    <ele>6.1</ele>
    <time>2026-10-04T17:47:21Z</time>
   </trkpt>
   <trkpt lat="51.5021760" lon="-0.1401440">
    <ele>6.1</ele>
    <time>2026-10-04T17:47:22Z</time>
   </trkpt>
   <trkpt lat="51.5021610" lon="-0.1401300">
    <ele>6.1</ele>
    <time>2026-10-04T17:47:23Z</time>
   </trkpt>
   <trkpt lat="51.5021590" lon="-0.1401070">
    <ele>6.1</ele>
    <time>2026-10-04T17:47:24Z</time>
   </trkpt>
   <trkpt lat="51.5021420" lon="-0.1401310">
    <ele>6.1</ele>
    <time>2026-10-04T17:47:25Z</time>
   </trkpt>
   <trkpt lat="51.5021280" lon="-0.1400830">
    <ele>6.1</ele>
    <time>2026-10-04T17:47:26Z</time>
   </trkpt>
   <trkpt lat="51.5021120" lon="-0.1400540">
    <ele>6.1</ele>
    <time>2026-10-04T17:47:27Z</time>
   </trkpt>
   <trkpt lat="51.5020920" lon="-0.1400220">
    <ele>6.1</ele>
    <time>2026-10-04T17:47:28Z</time>
   </trkpt>
   <trkpt lat="51.5020710" lon="-0.1399940">
    <ele>6.1</ele>
    <time>2026-10-04T17:47:29Z</time>
   </trkpt>
   <trkpt lat="51.5020400" lon="-0.1399670">
    <ele>6.1</ele>
    <time>2026-10-04T17:47:30Z</time>
   </trkpt>
   <trkpt lat="51.5020070" lon="-0.1399410">
    <ele>6.1</ele>
    <time>2026-10-04T17:47:31Z</time>
   </trkpt>
   <trkpt lat="51.5019730" lon="-0.1399050">
    <ele>6.1</ele>
    <time>2026-10-04T17:47:32Z</time>
   </trkpt>
   <trkpt lat="51.5019280" lon="-0.1398680">
    <ele>6.1</ele>
    <time>2026-10-04T17:47:33Z</time>
   </trkpt>
   <trkpt lat="51.5018780" lon="-0.1398620">
    <ele>6.1</ele>
    <time>2026-10-04T17:47:34Z</time>
   </trkpt>
   <trkpt lat="51.5018330" lon="-0.1398650">
    <ele>6.0</ele>
    <time>2026-10-04T17:47:35Z</time>
   </trkpt>
   <trkpt lat="51.5017750" lon="-0.1398840">
    <ele>6.0</ele>
    <time>2026-10-04T17:47:36Z</time>
   </trkpt>
   <trkpt lat="51.5017210" lon="-0.1399050">
    <ele>5.9</ele>
    <time>2026-10-04T17:47:37Z</time>
   </trkpt>
   <trkpt lat="51.5016680" lon="-0.1399370">
    <ele>5.8</ele>
    <time>2026-10-04T17:47:38Z</time>
   </trkpt>
   <trkpt lat="51.5016240" lon="-0.1399770">
    <ele>5.8</ele>
    <time>2026-10-04T17:47:39Z</time>
   </trkpt>
   <trkpt lat="51.5015720" lon="-0.1400160">
    <ele>5.7</ele>
    <time>2026-10-04T17:47:40Z</time>
   </trkpt>
   <trkpt lat="51.5015180" lon="-0.1400450">
    <ele>5.6</ele>
    <time>2026-10-04T17:47:41Z</time>
   </trkpt>
   <trkpt lat="51.5014560" lon="-0.1400440">
    <ele>5.6</ele>
    <time>2026-10-04T17:47:42Z</time>
   </trkpt>
   <trkpt lat="51.5013940" lon="-0.1400370">
    <ele>5.6</ele>
    <time>2026-10-04T17:47:43Z</time>
   </trkpt>
   <trkpt lat="51.5013370" lon="-0.1399760">
    <ele>5.5</ele>
    <time>2026-10-04T17:47:44Z</time>
   </trkpt>
   <trkpt lat="51.5012870" lon="-0.1399000">
    <ele>5.5</ele>
    <time>2026-10-04T17:47:45Z</time>
   </trkpt>
   <trkpt lat="51.5012360" lon="-0.1398560">
    <ele>5.5</ele>
    <time>2026-10-04T17:47:46Z</time>
   </trkpt>
   <trkpt lat="51.5011780" lon="-0.1398110">
    <ele>5.5</ele>
    <time>2026-10-04T17:47:47Z</time>
   </trkpt>
   <trkpt lat="51.5011250" lon="-0.1397550">
    <ele>5.5</ele>
    <time>2026-10-04T17:47:48Z</time>
   </trkpt>
   <trkpt lat="51.5010760" lon="-0.1397030">
    <ele>5.5</ele>
    <time>2026-10-04T17:47:49Z</time>
   </trkpt>
   <trkpt lat="51.5010220" lon="-0.1396500">
    <ele>5.4</ele>
    <time>2026-10-04T17:47:50Z</time>
   </trkpt>
   <trkpt lat="51.5009670" lon="-0.1395900">
    <ele>5.4</ele>
    <time>2026-10-04T17:47:51Z</time>
   </trkpt>
   <trkpt lat="51.5009120" lon="-0.1395330">
    <ele>5.4</ele>
    <time>2026-10-04T17:47:52Z</time>
   </trkpt>
   <trkpt lat="51.5008620" lon="-0.1394690">
    <ele>5.4</ele>
    <time>2026-10-04T17:47:53Z</time>
   </trkpt>
   <trkpt lat="51.5008110" lon="-0.1394050">
    <ele>5.4</ele>
    <time>2026-10-04T17:47:54Z</time>
   </trkpt>
   <trkpt lat="51.5007590" lon="-0.1393450">
    <ele>5.4</ele>
    <time>2026-10-04T17:47:55Z</time>
   </trkpt>
   <trkpt lat="51.5007020" lon="-0.1392890">
    <ele>5.4</ele>
    <time>2026-10-04T17:47:56Z</time>
   </trkpt>
   <trkpt lat="51.5006490" lon="-0.1392240">
    <ele>5.4</ele>
    <time>2026-10-04T17:47:57Z</time>
   </trkpt>
   <trkpt lat="51.5005950" lon="-0.1391670">
    <ele>5.4</ele>
    <time>2026-10-04T17:47:58Z</time>
   </trkpt>
   <trkpt lat="51.5005450" lon="-0.1391080">
    <ele>5.4</ele>
    <time>2026-10-04T17:47:59Z</time>
   </trkpt>
   <trkpt lat="51.5004960" lon="-0.1390660">
    <ele>5.3</ele>
    <time>2026-10-04T17:48:00Z</time>
   </trkpt>
   <trkpt lat="51.5004570" lon="-0.1389920">
    <ele>5.2</ele>
    <time>2026-10-04T17:48:01Z</time>
   </trkpt>
   <trkpt lat="51.5004460" lon="-0.1388960">
    <ele>5.2</ele>
    <time>2026-10-04T17:48:03Z</time>
   </trkpt>
   <trkpt lat="51.5004420" lon="-0.1388070">
    <ele>5.2</ele>
    <time>2026-10-04T17:48:04Z</time>
   </trkpt>
   <trkpt lat="51.5004570" lon="-0.1387290">
    <ele>5.1</ele>
    <time>2026-10-04T17:48:05Z</time>
   </trkpt>
   <trkpt lat="51.5004720" lon="-0.1386400">
    <ele>5.1</ele>
    <time>2026-10-04T17:48:06Z</time>
   </trkpt>
   <trkpt lat="51.5004880" lon="-0.1385420">
    <ele>5.0</ele>
    <time>2026-10-04T17:48:07Z</time>
   </trkpt>
   <trkpt lat="51.5004980" lon="-0.1384240">
    <ele>5.0</ele>
    <time>2026-10-04T17:48:08Z</time>
   </trkpt>
   <trkpt lat="51.5004940" lon="-0.1383420">
    <ele>5.0</ele>
    <time>2026-10-04T17:48:09Z</time>
   </trkpt>
   <trkpt lat="51.5005000" lon="-0.1382480">
    <ele>5.0</ele>
    <time>2026-10-04T17:48:10Z</time>
   </trkpt>
   <trkpt lat="51.5005060" lon="-0.1381500">
    <ele>4.9</ele>
    <time>2026-10-04T17:48:11Z</time>
   </trkpt>
   <trkpt lat="51.5005210" lon="-0.1380530">
    <ele>4.9</ele>
    <time>2026-10-04T17:48:12Z</time>
   </trkpt>
   <trkpt lat="51.5005340" lon="-0.1379550">
    <ele>4.9</ele>
    <time>2026-10-04T17:48:13Z</time>
   </trkpt>
   <trkpt lat="51.5005510" lon="-0.1378530">
    <ele>4.8</ele>
    <time>2026-10-04T17:48:14Z</time>
   </trkpt>
   <trkpt lat="51.5005600" lon="-0.1377570">
    <ele>4.8</ele>
    <time>2026-10-04T17:48:15Z</time>
   </trkpt>
   <trkpt lat="51.5005750" lon="-0.1376550">
    <ele>4.8</ele>
    <time>2026-10-04T17:48:16Z</time>
   </trkpt>
   <trkpt lat="51.5005870" lon="-0.1375560">
    <ele>4.8</ele>
    <time>2026-10-04T17:48:17Z</time>
   </trkpt>
   <trkpt lat="51.5006200" lon="-0.1373720">
    <ele>4.7</ele>
    <time>2026-10-04T17:48:18Z</time>
   </trkpt>
   <trkpt lat="51.5006210" lon="-0.1372770">
    <ele>4.7</ele>
    <time>2026-10-04T17:48:19Z</time>
   </trkpt>
   <trkpt lat="51.5006220" lon="-0.1371830">
    <ele>4.7</ele>
    <time>2026-10-04T17:48:20Z</time>
   </trkpt>
   <trkpt lat="51.5006370" lon="-0.1370910">
    <ele>4.7</ele>
    <time>2026-10-04T17:48:21Z</time>
   </trkpt>
   <trkpt lat="51.5006520" lon="-0.1369960">
    <ele>4.6</ele>
    <time>2026-10-04T17:48:22Z</time>
   </trkpt>
   <trkpt lat="51.5006660" lon="-0.1369020">
    <ele>4.6</ele>
    <time>2026-10-04T17:48:23Z</time>
   </trkpt>
   <trkpt lat="51.5006760" lon="-0.1368030">
    <ele>4.6</ele>
    <time>2026-10-04T17:48:24Z</time>
   </trkpt>
   <trkpt lat="51.5006850" lon="-0.1367000">
    <ele>4.6</ele>
    <time>2026-10-04T17:48:25Z</time>
   </trkpt>
   <trkpt lat="51.5006910" lon="-0.1366050">
    <ele>4.6</ele>
    <time>2026-10-04T17:48:26Z</time>
   </trkpt>
   <trkpt lat="51.5007060" lon="-0.1365230">
    <ele>4.6</ele>
    <time>2026-10-04T17:48:27Z</time>
   </trkpt>
   <trkpt lat="51.5007160" lon="-0.1364320">
    <ele>4.5</ele>
    <time>2026-10-04T17:48:28Z</time>
   </trkpt>
   <trkpt lat="51.5007250" lon="-0.1363340">
    <ele>4.5</ele>
    <time>2026-10-04T17:48:29Z</time>
   </trkpt>
   <trkpt lat="51.5007340" lon="-0.1362440">
    <ele>4.5</ele>
    <time>2026-10-04T17:48:30Z</time>
   </trkpt>
   <trkpt lat="51.5007530" lon="-0.1361540">
    <ele>4.5</ele>
    <time>2026-10-04T17:48:31Z</time>
   </trkpt>
   <trkpt lat="51.5007620" lon="-0.1360490">
    <ele>4.4</ele>
    <time>2026-10-04T17:48:32Z</time>
   </trkpt>
   <trkpt lat="51.5007730" lon="-0.1359500">
    <ele>4.4</ele>
    <time>2026-10-04T17:48:33Z</time>
   </trkpt>
   <trkpt lat="51.5007850" lon="-0.1358560">
    <ele>4.4</ele>
    <time>2026-10-04T17:48:34Z</time>
   </trkpt>
   <trkpt lat="51.5007980" lon="-0.1357620">
    <ele>4.3</ele>
    <time>2026-10-04T17:48:35Z</time>
   </trkpt>
   <trkpt lat="51.5008070" lon="-0.1356780">
    <ele>4.3</ele>
    <time>2026-10-04T17:48:36Z</time>
   </trkpt>
   <trkpt lat="51.5008230" lon="-0.1355870">
    <ele>4.3</ele>
    <time>2026-10-04T17:48:37Z</time>
   </trkpt>
   <trkpt lat="51.5008350" lon="-0.1354830">
    <ele>4.3</ele>
    <time>2026-10-04T17:48:38Z</time>
   </trkpt>
   <trkpt lat="51.5008510" lon="-0.1353870">
    <ele>4.3</ele>
    <time>2026-10-04T17:48:39Z</time>
   </trkpt>
   <trkpt lat="51.5008610" lon="-0.1352960">
    <ele>4.2</ele>
    <time>2026-10-04T17:48:40Z</time>
   </trkpt>
   <trkpt lat="51.5008700" lon="-0.1352130">
    <ele>4.2</ele>
    <time>2026-10-04T17:48:41Z</time>
   </trkpt>
   <trkpt lat="51.5008840" lon="-0.1351340">
    <ele>4.1</ele>
    <time>2026-10-04T17:48:42Z</time>
   </trkpt>
   <trkpt lat="51.5008960" lon="-0.1350430">
    <ele>4.1</ele>
    <time>2026-10-04T17:48:43Z</time>
   </trkpt>
   <trkpt lat="51.5009010" lon="-0.1349490">
    <ele>4.1</ele>
    <time>2026-10-04T17:48:44Z</time>
   </trkpt>
   <trkpt lat="51.5009070" lon="-0.1348690">
    <ele>4.0</ele>
    <time>2026-10-04T17:48:45Z</time>
   </trkpt>
   <trkpt lat="51.5009180" lon="-0.1347740">
    <ele>4.0</ele>
    <time>2026-10-04T17:48:46Z</time>
   </trkpt>
   <trkpt lat="51.5009330" lon="-0.1346810">
    <ele>4.0</ele>
    <time>2026-10-04T17:48:47Z</time>
   </trkpt>
   <trkpt lat="51.5009380" lon="-0.1345820">
    <ele>4.0</ele>
    <time>2026-10-04T17:48:48Z</time>
   </trkpt>
   <trkpt lat="51.5009500" lon="-0.1344870">
    <ele>4.0</ele>
    <time>2026-10-04T17:48:49Z</time>
   </trkpt>
   <trkpt lat="51.5009610" lon="-0.1343860">
    <ele>4.0</ele>
    <time>2026-10-04T17:48:50Z</time>
   </trkpt>
   <trkpt lat="51.5009800" lon="-0.1342950">
    <ele>4.0</ele>
    <time>2026-10-04T17:48:51Z</time>
   </trkpt>
   <trkpt lat="51.5009910" lon="-0.1342040">
    <ele>4.0</ele>
    <time>2026-10-04T17:48:52Z</time>
   </trkpt>
   <trkpt lat="51.5009990" lon="-0.1341150">
    <ele>4.0</ele>
    <time>2026-10-04T17:48:53Z</time>
   </trkpt>
   <trkpt lat="51.5010070" lon="-0.1340220">
    <ele>3.9</ele>
    <time>2026-10-04T17:48:54Z</time>
   </trkpt>
   <trkpt lat="51.5010330" lon="-0.1339360">
    <ele>3.9</ele>
    <time>2026-10-04T17:48:55Z</time>
   </trkpt>
   <trkpt lat="51.5010440" lon="-0.1338480">
    <ele>3.9</ele>
    <time>2026-10-04T17:48:56Z</time>
   </trkpt>
   <trkpt lat="51.5010380" lon="-0.1337570">
    <ele>3.9</ele>
    <time>2026-10-04T17:48:57Z</time>
   </trkpt>
   <trkpt lat="51.5010510" lon="-0.1336790">
    <ele>3.8</ele>
    <time>2026-10-04T17:48:58Z</time>
   </trkpt>
   <trkpt lat="51.5010580" lon="-0.1335890">
    <ele>3.8</ele>
    <time>2026-10-04T17:48:59Z</time>
   </trkpt>
   <trkpt lat="51.5010590" lon="-0.1335020">
    <ele>3.8</ele>
    <time>2026-10-04T17:49:00Z</time>
   </trkpt>
   <trkpt lat="51.5010590" lon="-0.1334060">
    <ele>3.8</ele>
    <time>2026-10-04T17:49:01Z</time>
   </trkpt>
   <trkpt lat="51.5010710" lon="-0.1333280">
    <ele>3.8</ele>
    <time>2026-10-04T17:49:02Z</time>
   </trkpt>
   <trkpt lat="51.5010790" lon="-0.1332520">
    <ele>3.7</ele>
    <time>2026-10-04T17:49:03Z</time>
   </trkpt>
   <trkpt lat="51.5010890" lon="-0.1331700">
    <ele>3.7</ele>
    <time>2026-10-04T17:49:04Z</time>
   </trkpt>
   <trkpt lat="51.5010950" lon="-0.1330800">
    <ele>3.7</ele>
    <time>2026-10-04T17:49:05Z</time>
   </trkpt>
   <trkpt lat="51.5010960" lon="-0.1329950">
    <ele>3.7</ele>
    <time>2026-10-04T17:49:06Z</time>
   </trkpt>
   <trkpt lat="51.5011020" lon="-0.1329000">
    <ele>3.7</ele>
    <time>2026-10-04T17:49:07Z</time>
   </trkpt>
   <trkpt lat="51.5010920" lon="-0.1328110">
    <ele>3.6</ele>
    <time>2026-10-04T17:49:08Z</time>
   </trkpt>
   <trkpt lat="51.5011110" lon="-0.1327280">
    <ele>3.6</ele>
    <time>2026-10-04T17:49:09Z</time>
   </trkpt>
   <trkpt lat="51.5011190" lon="-0.1326420">
    <ele>3.6</ele>
    <time>2026-10-04T17:49:10Z</time>
   </trkpt>
   <trkpt lat="51.5011330" lon="-0.1325560">
    <ele>3.6</ele>
    <time>2026-10-04T17:49:11Z</time>
   </trkpt>
   <trkpt lat="51.5011370" lon="-0.1324640">
    <ele>3.6</ele>
    <time>2026-10-04T17:49:12Z</time>
   </trkpt>
   <trkpt lat="51.5011400" lon="-0.1323760">
    <ele>3.6</ele>
    <time>2026-10-04T17:49:13Z</time>
   </trkpt>
   <trkpt lat="51.5011530" lon="-0.1322970">
    <ele>3.6</ele>
    <time>2026-10-04T17:49:14Z</time>
   </trkpt>
   <trkpt lat="51.5011550" lon="-0.1322100">
    <ele>3.6</ele>
    <time>2026-10-04T17:49:15Z</time>
   </trkpt>
   <trkpt lat="51.5011500" lon="-0.1321190">
    <ele>3.6</ele>
    <time>2026-10-04T17:49:16Z</time>
   </trkpt>
   <trkpt lat="51.5011590" lon="-0.1320380">
    <ele>3.6</ele>
    <time>2026-10-04T17:49:17Z</time>
   </trkpt>
   <trkpt lat="51.5011490" lon="-0.1319420">
    <ele>3.6</ele>
    <time>2026-10-04T17:49:18Z</time>
   </trkpt>
   <trkpt lat="51.5011740" lon="-0.1318730">
    <ele>3.6</ele>
    <time>2026-10-04T17:49:19Z</time>
   </trkpt>
   <trkpt lat="51.5011790" lon="-0.1317920">
    <ele>3.6</ele>
    <time>2026-10-04T17:49:20Z</time>
   </trkpt>
   <trkpt lat="51.5011900" lon="-0.1317060">
    <ele>3.6</ele>
    <time>2026-10-04T17:49:21Z</time>
   </trkpt>
   <trkpt lat="51.5011890" lon="-0.1316280">
    <ele>3.6</ele>
    <time>2026-10-04T17:49:22Z</time>
   </trkpt>
   <trkpt lat="51.5011960" lon="-0.1315400">
    <ele>3.6</ele>
    <time>2026-10-04T17:49:23Z</time>
   </trkpt>
   <trkpt lat="51.5012110" lon="-0.1314570">
    <ele>3.5</ele>
    <time>2026-10-04T17:49:24Z</time>
   </trkpt>
   <trkpt lat="51.5012330" lon="-0.1313750">
    <ele>3.5</ele>
    <time>2026-10-04T17:49:25Z</time>
   </trkpt>
   <trkpt lat="51.5012480" lon="-0.1312910">
    <ele>3.5</ele>
    <time>2026-10-04T17:49:26Z</time>
   </trkpt>
   <trkpt lat="51.5012520" lon="-0.1312050">
    <ele>3.5</ele>
    <time>2026-10-04T17:49:27Z</time>
   </trkpt>
   <trkpt lat="51.5012680" lon="-0.1311190">
    <ele>3.6</ele>
    <time>2026-10-04T17:49:28Z</time>
   </trkpt>
   <trkpt lat="51.5012710" lon="-0.1310310">
    <ele>3.6</ele>
    <time>2026-10-04T17:49:29Z</time>
   </trkpt>
   <trkpt lat="51.5012920" lon="-0.1309500">
    <ele>3.6</ele>
    <time>2026-10-04T17:49:30Z</time>
   </trkpt>
   <trkpt lat="51.5013040" lon="-0.1308670">
    <ele>3.6</ele>
    <time>2026-10-04T17:49:31Z</time>
   </trkpt>
   <trkpt lat="51.5013010" lon="-0.1307690">
    <ele>3.6</ele>
    <time>2026-10-04T17:49:32Z</time>
   </trkpt>
   <trkpt lat="51.5013040" lon="-0.1306850">
    <ele>3.6</ele>
    <time>2026-10-04T17:49:33Z</time>
   </trkpt>
   <trkpt lat="51.5013040" lon="-0.1306000">
    <ele>3.7</ele>
    <time>2026-10-04T17:49:34Z</time>
   </trkpt>
   <trkpt lat="51.5013220" lon="-0.1305230">
    <ele>3.8</ele>
    <time>2026-10-04T17:49:35Z</time>
   </trkpt>
   <trkpt lat="51.5013220" lon="-0.1304170">
    <ele>3.9</ele>
    <time>2026-10-04T17:49:36Z</time>
   </trkpt>
   <trkpt lat="51.5013260" lon="-0.1303440">
    <ele>3.9</ele>
    <time>2026-10-04T17:49:37Z</time>
   </trkpt>
   <trkpt lat="51.5013260" lon="-0.1302820">
    <ele>4.0</ele>
    <time>2026-10-04T17:49:38Z</time>
   </trkpt>
   <trkpt lat="51.5013220" lon="-0.1302210">
    <ele>4.1</ele>
    <time>2026-10-04T17:49:39Z</time>
   </trkpt>
   <trkpt lat="51.5013250" lon="-0.1301510">
    <ele>4.2</ele>
    <time>2026-10-04T17:49:40Z</time>
   </trkpt>
   <trkpt lat="51.5013300" lon="-0.1300900">
    <ele>4.2</ele>
    <time>2026-10-04T17:49:41Z</time>
   </trkpt>
   <trkpt lat="51.5013330" lon="-0.1300320">
    <ele>4.3</ele>
    <time>2026-10-04T17:49:42Z</time>
   </trkpt>
   <trkpt lat="51.5013400" lon="-0.1299760">
    <ele>4.4</ele>
    <time>2026-10-04T17:49:43Z</time>
   </trkpt>
   <trkpt lat="51.5013470" lon="-0.1299200">
    <ele>4.5</ele>
    <time>2026-10-04T17:49:44Z</time>
   </trkpt>
   <trkpt lat="51.5013400" lon="-0.1298390">
    <ele>4.7</ele>
    <time>2026-10-04T17:49:45Z</time>
   </trkpt>
   <trkpt lat="51.5013380" lon="-0.1297790">
    <ele>4.8</ele>
    <time>2026-10-04T17:49:46Z</time>
   </trkpt>
   <trkpt lat="51.5013300" lon="-0.1297180">
    <ele>4.9</ele>
    <time>2026-10-04T17:49:47Z</time>
   </trkpt>
   <trkpt lat="51.5013200" lon="-0.1296550">
    <ele>5.0</ele>
    <time>2026-10-04T17:49:48Z</time>
   </trkpt>
   <trkpt lat="51.5013190" lon="-0.1295850">
    <ele>5.0</ele>
    <time>2026-10-04T17:49:49Z</time>
   </trkpt>
   <trkpt lat="51.5013170" lon="-0.1295160">
    <ele>5.1</ele>
    <time>2026-10-04T17:49:50Z</time>
   </trkpt>
   <trkpt lat="51.5013170" lon="-0.1294410">
    <ele>5.1</ele>
    <time>2026-10-04T17:49:51Z</time>
   </trkpt>
   <trkpt lat="51.5013130" lon="-0.1293720">
    <ele>5.1</ele>
    <time>2026-10-04T17:49:52Z</time>
   </trkpt>
   <trkpt lat="51.5013080" lon="-0.1292960">
    <ele>5.2</ele>
    <time>2026-10-04T17:49:53Z</time>
   </trkpt>
   <trkpt lat="51.5013000" lon="-0.1292160">
    <ele>5.2</ele>
    <time>2026-10-04T17:49:54Z</time>
   </trkpt>
   <trkpt lat="51.5012910" lon="-0.1291410">
    <ele>5.2</ele>
    <time>2026-10-04T17:49:55Z</time>
   </trkpt>
   <trkpt lat="51.5012880" lon="-0.1290690">
    <ele>5.2</ele>
    <time>2026-10-04T17:49:56Z</time>
   </trkpt>
   <trkpt lat="51.5012830" lon="-0.1289940">
    <ele>5.2</ele>
    <time>2026-10-04T17:49:57Z</time>
   </trkpt>
   <trkpt lat="51.5012780" lon="-0.1289170">
    <ele>5.2</ele>
    <time>2026-10-04T17:49:58Z</time>
   </trkpt>
   <trkpt lat="51.5012690" lon="-0.1288340">
    <ele>5.3</ele>
    <time>2026-10-04T17:49:59Z</time>
   </trkpt>
   <trkpt lat="51.5012590" lon="-0.1287670">
    <ele>5.3</ele>
    <time>2026-10-04T17:50:00Z</time>
   </trkpt>
   <trkpt lat="51.5012520" lon="-0.1287130">
    <ele>5.3</ele>
    <time>2026-10-04T17:50:01Z</time>
   </trkpt>
   <trkpt lat="51.5012450" lon="-0.1286320">
    <ele>5.3</ele>
    <time>2026-10-04T17:50:02Z</time>
   </trkpt>
   <trkpt lat="51.5012410" lon="-0.1285700">
    <ele>5.3</ele>
    <time>2026-10-04T17:50:03Z</time>
   </trkpt>
   <trkpt lat="51.5012350" lon="-0.1285000">
    <ele>5.3</ele>
    <time>2026-10-04T17:50:04Z</time>
   </trkpt>
   <trkpt lat="51.5012310" lon="-0.1283920">
    <ele>5.3</ele>
    <time>2026-10-04T17:50:05Z</time>
   </trkpt>
   <trkpt lat="51.5012430" lon="-0.1283130">
    <ele>5.3</ele>
    <time>2026-10-04T17:50:06Z</time>
   </trkpt>
   <trkpt lat="51.5012510" lon="-0.1282370">
    <ele>5.4</ele>
    <time>2026-10-04T17:50:07Z</time>
   </trkpt>
   <trkpt lat="51.5012490" lon="-0.1281690">
    <ele>5.4</ele>
    <time>2026-10-04T17:50:09Z</time>
   </trkpt>
   <trkpt lat="51.5012400" lon="-0.1281020">
    <ele>5.4</ele>
    <time>2026-10-04T17:50:10Z</time>
   </trkpt>
   <trkpt lat="51.5012540" lon="-0.1280380">
    <ele>5.4</ele>
    <time>2026-10-04T17:50:11Z</time>
   </trkpt>
   <trkpt lat="51.5012440" lon="-0.1279750">
    <ele>5.4</ele>
    <time>2026-10-04T17:50:12Z</time>
   </trkpt>
   <trkpt lat="51.5012250" lon="-0.1279150">
    <ele>5.4</ele>
    <time>2026-10-04T17:50:13Z</time>
   </trkpt>
   <trkpt lat="51.5012060" lon="-0.1278520">
    <ele>5.4</ele>
    <time>2026-10-04T17:50:14Z</time>
   </trkpt>
   <trkpt lat="51.5012110" lon="-0.1277910">
    <ele>5.4</ele>
    <time>2026-10-04T17:50:15Z</time>
   </trkpt>
   <trkpt lat="51.5012020" lon="-0.1277420">
    <ele>5.4</ele>
    <time>2026-10-04T17:50:16Z</time>
   </trkpt>
   <trkpt lat="51.5011860" lon="-0.1276930">
    <ele>5.4</ele>
    <time>2026-10-04T17:50:17Z</time>
   </trkpt>
   <trkpt lat="51.5011980" lon="-0.1276230">
    <ele>5.4</ele>
    <time>2026-10-04T17:50:18Z</time>
   </trkpt>
   <trkpt lat="51.5011820" lon="-0.1275900">
    <ele>5.4</ele>
    <time>2026-10-04T17:50:19Z</time>
   </trkpt>
   <trkpt lat="51.5011660" lon="-0.1275630">
    <ele>5.4</ele>
    <time>2026-10-04T17:50:20Z</time>
   </trkpt>
   <trkpt lat="51.5011760" lon="-0.1275130">
    <ele>5.4</ele>
    <time>2026-10-04T17:50:21Z</time>
   </trkpt>
   <trkpt lat="51.5011700" lon="-0.1274690">
    <ele>5.4</ele>
    <time>2026-10-04T17:50:22Z</time>
   </trkpt>
   <trkpt lat="51.5011640" lon="-0.1274160">
    <ele>5.4</ele>
    <time>2026-10-04T17:50:23Z</time>
   </trkpt>
   <trkpt lat="51.5011460" lon="-0.1273660">
    <ele>5.5</ele>
    <time>2026-10-04T17:50:24Z</time>
   </trkpt>
   <trkpt lat="51.5011350" lon="-0.1273260">
    <ele>5.5</ele>
    <time>2026-10-04T17:50:25Z</time>
   </trkpt>
   <trkpt lat="51.5011570" lon="-0.1272760">
    <ele>5.5</ele>
    <time>2026-10-04T17:50:26Z</time>
   </trkpt>
   <trkpt lat="51.5011530" lon="-0.1272800">
    <ele>5.5</ele>
    <time>2026-10-04T17:50:27Z</time>
   </trkpt>
   <trkpt lat="51.5011510" lon="-0.1272860">
    <ele>5.5</ele>
    <time>2026-10-04T17:50:28Z</time>
   </trkpt>
   <trkpt lat="51.5011480" lon="-0.1272880">
    <ele>5.5</ele>
    <time>2026-10-04T17:50:29Z</time>
   </trkpt>
   <trkpt lat="51.5011480" lon="-0.1272880">
    <ele>5.5</ele>
    <time>2026-10-04T17:50:30Z</time>
   </trkpt>
   <trkpt lat="51.5011480" lon="-0.1272880">
    <ele>5.5</ele>
    <time>2026-10-04T17:50:31Z</time>
   </trkpt>
   <trkpt lat="51.5011480" lon="-0.1272880">
    <ele>5.5</ele>
    <time>2026-10-04T17:50:32Z</time>
   </trkpt>
   <trkpt lat="51.5011480" lon="-0.1272880">
    <ele>5.5</ele>
    <time>2026-10-04T17:50:33Z</time>
   </trkpt>
   <trkpt lat="51.5011510" lon="-0.1272770">
    <ele>5.5</ele>
    <time>2026-10-04T17:50:34Z</time>
   </trkpt>
   <trkpt lat="51.5011440" lon="-0.1272850">
    <ele>5.5</ele>
    <time>2026-10-04T17:50:35Z</time>
   </trkpt>
   <trkpt lat="51.5011450" lon="-0.1272730">
    <ele>5.5</ele>
    <time>2026-10-04T17:50:36Z</time>
   </trkpt>
   <trkpt lat="51.5011400" lon="-0.1272680">
    <ele>5.5</ele>
    <time>2026-10-04T17:50:37Z</time>
   </trkpt>
   <trkpt lat="51.5011150" lon="-0.1272320">
    <ele>5.5</ele>
    <time>2026-10-04T17:50:38Z</time>
   </trkpt>
   <trkpt lat="51.5011040" lon="-0.1272130">
    <ele>5.5</ele>
    <time>2026-10-04T17:50:39Z</time>
   </trkpt>
   <trkpt lat="51.5010840" lon="-0.1271760">
    <ele>5.5</ele>
    <time>2026-10-04T17:50:40Z</time>
   </trkpt>
   <trkpt lat="51.5010610" lon="-0.1271410">
    <ele>5.5</ele>
    <time>2026-10-04T17:50:41Z</time>
   </trkpt>
   <trkpt lat="51.5010400" lon="-0.1270990">
    <ele>5.5</ele>
    <time>2026-10-04T17:50:42Z</time>
   </trkpt>
   <trkpt lat="51.5010250" lon="-0.1270460">
    <ele>5.6</ele>
    <time>2026-10-04T17:50:43Z</time>
   </trkpt>
   <trkpt lat="51.5010100" lon="-0.1269840">
    <ele>5.6</ele>
    <time>2026-10-04T17:50:44Z</time>
   </trkpt>
   <trkpt lat="51.5010000" lon="-0.1269110">
    <ele>5.6</ele>
    <time>2026-10-04T17:50:45Z</time>
   </trkpt>
   <trkpt lat="51.5009950" lon="-0.1268450">
    <ele>5.6</ele>
    <time>2026-10-04T17:50:46Z</time>
   </trkpt>
   <trkpt lat="51.5009870" lon="-0.1267780">
    <ele>5.6</ele>
    <time>2026-10-04T17:50:47Z</time>
   </trkpt>
   <trkpt lat="51.5009800" lon="-0.1267160">
    <ele>5.7</ele>
    <time>2026-10-04T17:50:48Z</time>
   </trkpt>
   <trkpt lat="51.5009750" lon="-0.1266530">
    <ele>5.7</ele>
    <time>2026-10-04T17:50:49Z</time>
   </trkpt>
   <trkpt lat="51.5009660" lon="-0.1265920">
    <ele>5.7</ele>
    <time>2026-10-04T17:50:50Z</time>
   </trkpt>
   <trkpt lat="51.5009640" lon="-0.1265480">
    <ele>5.8</ele>
    <time>2026-10-04T17:50:51Z</time>
   </trkpt>
   <trkpt lat="51.5009470" lon="-0.1265200">
    <ele>5.8</ele>
    <time>2026-10-04T17:50:52Z</time>
   </trkpt>
   <trkpt lat="51.5009390" lon="-0.1264620">
    <ele>5.8</ele>
    <time>2026-10-04T17:50:53Z</time>
   </trkpt>
   <trkpt lat="51.5009250" lon="-0.1264100">
    <ele>5.9</ele>
    <time>2026-10-04T17:50:54Z</time>
   </trkpt>
   <trkpt lat="51.5009350" lon="-0.1263490">
    <ele>5.9</ele>
    <time>2026-10-04T17:50:55Z</time>
   </trkpt>
   <trkpt lat="51.5009230" lon="-0.1262940">
    <ele>6.0</ele>
    <time>2026-10-04T17:50:56Z</time>
   </trkpt>
   <trkpt lat="51.5008850" lon="-0.1262670">
    <ele>5.9</ele>
    <time>2026-10-04T17:50:57Z</time>
   </trkpt>
   <trkpt lat="51.5008550" lon="-0.1262450">
    <ele>5.9</ele>
    <time>2026-10-04T17:50:58Z</time>
   </trkpt>
   <trkpt lat="51.5008230" lon="-0.1262120">
    <ele>5.8</ele>
    <time>2026-10-04T17:50:59Z</time>
   </trkpt>
   <trkpt lat="51.5007850" lon="-0.1261910">
    <ele>5.7</ele>
    <time>2026-10-04T17:51:00Z</time>
   </trkpt>
   <trkpt lat="51.5007410" lon="-0.1261640">
    <ele>5.5</ele>
    <time>2026-10-04T17:51:01Z</time>
   </trkpt>
   <trkpt lat="51.5006920" lon="-0.1261540">
    <ele>5.5</ele>
    <time>2026-10-04T17:51:02Z</time>
   </trkpt>
   <trkpt lat="51.5006600" lon="-0.1261360">
    <ele>5.5</ele>
    <time>2026-10-04T17:51:03Z</time>
   </trkpt>
   <trkpt lat="51.5006090" lon="-0.1261190">
    <ele>5.4</ele>
    <time>2026-10-04T17:51:04Z</time>
   </trkpt>
   <trkpt lat="51.5005620" lon="-0.1261140">
    <ele>5.4</ele>
    <time>2026-10-04T17:51:05Z</time>
   </trkpt>
   <trkpt lat="51.5005160" lon="-0.1261060">
    <ele>5.3</ele>
    <time>2026-10-04T17:51:06Z</time>
   </trkpt>
   <trkpt lat="51.5004640" lon="-0.1260900">
    <ele>5.3</ele>
    <time>2026-10-04T17:51:07Z</time>
   </trkpt>
   <trkpt lat="51.5004190" lon="-0.1260810">
    <ele>5.2</ele>
    <time>2026-10-04T17:51:08Z</time>
   </trkpt>
   <trkpt lat="51.5003790" lon="-0.1260540">
    <ele>5.2</ele>
    <time>2026-10-04T17:51:09Z</time>
   </trkpt>
   <trkpt lat="51.5003240" lon="-0.1260340">
    <ele>5.2</ele>
    <time>2026-10-04T17:51:10Z</time>
   </trkpt>
   <trkpt lat="51.5002760" lon="-0.1260730">
    <ele>5.1</ele>
    <time>2026-10-04T17:51:11Z</time>
   </trkpt>
   <trkpt lat="51.5002230" lon="-0.1260660">
    <ele>5.1</ele>
    <time>2026-10-04T17:51:12Z</time>
   </trkpt>
   <trkpt lat="51.5001770" lon="-0.1260750">
    <ele>5.0</ele>
    <time>2026-10-04T17:51:13Z</time>
   </trkpt>
   <trkpt lat="51.5001140" lon="-0.1260890">
    <ele>4.9</ele>
    <time>2026-10-04T17:51:14Z</time>
   </trkpt>
   <trkpt lat="51.5000740" lon="-0.1260930">
    <ele>4.9</ele>
    <time>2026-10-04T17:51:15Z</time>
   </trkpt>
   <trkpt lat="51.5000290" lon="-0.1261010">
    <ele>4.8</ele>
    <time>2026-10-04T17:51:16Z</time>
   </trkpt>
   <trkpt lat="51.4999800" lon="-0.1261060">
    <ele>4.8</ele>
    <time>2026-10-04T17:51:17Z</time>
   </trkpt>
   <trkpt lat="51.4999320" lon="-0.1261050">
    <ele>4.8</ele>
    <time>2026-10-04T17:51:18Z</time>
   </trkpt>
   <trkpt lat="51.4998860" lon="-0.1260970">
    <ele>4.8</ele>
    <time>2026-10-04T17:51:19Z</time>
   </trkpt>
   <trkpt lat="51.4998340" lon="-0.1261100">
    <ele>4.8</ele>
    <time>2026-10-04T17:51:20Z</time>
   </trkpt>
   <trkpt lat="51.4998430" lon="-0.1261090">
    <ele>4.8</ele>
    <time>2026-10-04T17:51:21Z</time>
   </trkpt>
   <trkpt lat="51.4998040" lon="-0.1261040">
    <ele>4.8</ele>
    <time>2026-10-04T17:51:22Z</time>
   </trkpt>
   <trkpt lat="51.4998010" lon="-0.1261350">
    <ele>4.8</ele>
    <time>2026-10-04T17:51:23Z</time>
   </trkpt>
   <trkpt lat="51.4997720" lon="-0.1261460">
    <ele>4.7</ele>
    <time>2026-10-04T17:51:24Z</time>
   </trkpt>
   <trkpt lat="51.4997350" lon="-0.1261230">
    <ele>4.7</ele>
    <time>2026-10-04T17:51:25Z</time>
   </trkpt>
   <trkpt lat="51.4996970" lon="-0.1261000">
    <ele>4.7</ele>
    <time>2026-10-04T17:51:26Z</time>
   </trkpt>
   <trkpt lat="51.4996750" lon="-0.1261110">
    <ele>4.7</ele>
    <time>2026-10-04T17:51:27Z</time>
   </trkpt>
   <trkpt lat="51.4996540" lon="-0.1261220">
    <ele>4.7</ele>
    <time>2026-10-04T17:51:28Z</time>
   </trkpt>
   <trkpt lat="51.4996510" lon="-0.1261080">
    <ele>4.7</ele>
    <time>2026-10-04T17:51:29Z</time>
   </trkpt>
   <trkpt lat="51.4996170" lon="-0.1260880">
    <ele>4.7</ele>
    <time>2026-10-04T17:51:30Z</time>
   </trkpt>
   <trkpt lat="51.4995410" lon="-0.1260540">
    <ele>4.7</ele>
    <time>2026-10-04T17:51:31Z</time>
   </trkpt>
   <trkpt lat="51.4995310" lon="-0.1260140">
    <ele>4.7</ele>
    <time>2026-10-04T17:51:32Z</time>
   </trkpt>
   <trkpt lat="51.4995080" lon="-0.1260020">
    <ele>4.7</ele>
    <time>2026-10-04T17:51:33Z</time>
   </trkpt>
   <trkpt lat="51.4993490" lon="-0.1257190">
    <ele>4.9</ele>
    <time>2026-10-04T17:51:34Z</time>
   </trkpt>
   <trkpt lat="51.4993180" lon="-0.1257200">
    <ele>4.9</ele>
    <time>2026-10-04T17:51:35Z</time>
   </trkpt>
   <trkpt lat="51.4992680" lon="-0.1257080">
    <ele>5.0</ele>
    <time>2026-10-04T17:51:36Z</time>
   </trkpt>
   <trkpt lat="51.4992060" lon="-0.1256750">
    <ele>5.1</ele>
    <time>2026-10-04T17:51:37Z</time>
   </trkpt>
   <trkpt lat="51.4991680" lon="-0.1256870">
    <ele>5.1</ele>
    <time>2026-10-04T17:51:38Z</time>
   </trkpt>
   <trkpt lat="51.4990760" lon="-0.1256580">
    <ele>5.2</ele>
    <time>2026-10-04T17:51:39Z</time>
   </trkpt>
   <trkpt lat="51.4990400" lon="-0.1256520">
    <ele>5.2</ele>
    <time>2026-10-04T17:51:40Z</time>
   </trkpt>
   <trkpt lat="51.4989530" lon="-0.1256150">
    <ele>5.2</ele>
    <time>2026-10-04T17:51:41Z</time>
   </trkpt>
   <trkpt lat="51.4988410" lon="-0.1256770">
    <ele>5.2</ele>
    <time>2026-10-04T17:51:42Z</time>
   </trkpt>
   <trkpt lat="51.4987800" lon="-0.1256970">
    <ele>5.2</ele>
    <time>2026-10-04T17:51:43Z</time>
   </trkpt>
   <trkpt lat="51.4987250" lon="-0.1256930">
    <ele>5.2</ele>
    <time>2026-10-04T17:51:44Z</time>
   </trkpt>
   <trkpt lat="51.4986650" lon="-0.1257100">
    <ele>5.1</ele>
    <time>2026-10-04T17:51:45Z</time>
   </trkpt>
   <trkpt lat="51.4986020" lon="-0.1257210">
    <ele>5.1</ele>
    <time>2026-10-04T17:51:46Z</time>
   </trkpt>
   <trkpt lat="51.4985510" lon="-0.1256970">
    <ele>5.1</ele>
    <time>2026-10-04T17:51:47Z</time>
   </trkpt>
   <trkpt lat="51.4984970" lon="-0.1256860">
    <ele>5.1</ele>
    <time>2026-10-04T17:51:48Z</time>
   </trkpt>
   <trkpt lat="51.4984440" lon="-0.1256830">
    <ele>5.0</ele>
    <time>2026-10-04T17:51:49Z</time>
   </trkpt>
   <trkpt lat="51.4983940" lon="-0.1256570">
    <ele>5.0</ele>
    <time>2026-10-04T17:51:50Z</time>
   </trkpt>
   <trkpt lat="51.4983420" lon="-0.1256740">
    <ele>5.0</ele>
    <time>2026-10-04T17:51:51Z</time>
   </trkpt>
   <trkpt lat="51.4982900" lon="-0.1256780">
    <ele>4.9</ele>
    <time>2026-10-04T17:51:52Z</time>
   </trkpt>
   <trkpt lat="51.4982390" lon="-0.1256790">
    <ele>4.9</ele>
    <time>2026-10-04T17:51:53Z</time>
   </trkpt>
   <trkpt lat="51.4981860" lon="-0.1257030">
    <ele>4.9</ele>
    <time>2026-10-04T17:51:54Z</time>
   </trkpt>
   <trkpt lat="51.4981300" lon="-0.1257130">
    <ele>4.9</ele>
    <time>2026-10-04T17:51:55Z</time>
   </trkpt>
   <trkpt lat="51.4980800" lon="-0.1257110">
    <ele>4.9</ele>
    <time>2026-10-04T17:51:56Z</time>
   </trkpt>
   <trkpt lat="51.4980270" lon="-0.1257200">
    <ele>4.9</ele>
    <time>2026-10-04T17:51:57Z</time>
   </trkpt>
   <trkpt lat="51.4979760" lon="-0.1257250">
    <ele>4.9</ele>
    <time>2026-10-04T17:51:58Z</time>
   </trkpt>
   <trkpt lat="51.4979270" lon="-0.1257180">
    <ele>4.9</ele>
    <time>2026-10-04T17:51:59Z</time>
   </trkpt>
   <trkpt lat="51.4978760" lon="-0.1256980">
    <ele>4.9</ele>
    <time>2026-10-04T17:52:00Z</time>
   </trkpt>
   <trkpt lat="51.4978360" lon="-0.1256840">
    <ele>4.9</ele>
    <time>2026-10-04T17:52:01Z</time>
   </trkpt>
   <trkpt lat="51.4977840" lon="-0.1256570">
    <ele>4.9</ele>
    <time>2026-10-04T17:52:02Z</time>
   </trkpt>
   <trkpt lat="51.4977220" lon="-0.1256350">
    <ele>4.9</ele>
    <time>2026-10-04T17:52:03Z</time>
   </trkpt>
   <trkpt lat="51.4976720" lon="-0.1256120">
    <ele>4.9</ele>
    <time>2026-10-04T17:52:04Z</time>
   </trkpt>
   <trkpt lat="51.4976140" lon="-0.1256110">
    <ele>4.8</ele>
    <time>2026-10-04T17:52:05Z</time>
   </trkpt>
   <trkpt lat="51.4975670" lon="-0.1256070">
    <ele>4.8</ele>
    <time>2026-10-04T17:52:06Z</time>
   </trkpt>
   <trkpt lat="51.4975090" lon="-0.1255800">
    <ele>4.8</ele>
    <time>2026-10-04T17:52:07Z</time>
   </trkpt>
   <trkpt lat="51.4974610" lon="-0.1255710">
    <ele>4.8</ele>
    <time>2026-10-04T17:52:08Z</time>
   </trkpt>
   <trkpt lat="51.4974110" lon="-0.1255770">
    <ele>4.7</ele>
    <time>2026-10-04T17:52:09Z</time>
   </trkpt>
   <trkpt lat="51.4973560" lon="-0.1255790">
    <ele>4.7</ele>
    <time>2026-10-04T17:52:10Z</time>
   </trkpt>
   <trkpt lat="51.4973030" lon="-0.1255800">
    <ele>4.7</ele>
    <time>2026-10-04T17:52:11Z</time>
   </trkpt>
   <trkpt lat="51.4972480" lon="-0.1255820">
    <ele>4.6</ele>
    <time>2026-10-04T17:52:12Z</time>
   </trkpt>
   <trkpt lat="51.4971890" lon="-0.1255730">
    <ele>4.6</ele>
    <time>2026-10-04T17:52:13Z</time>
   </trkpt>
   <trkpt lat="51.4971310" lon="-0.1255690">
    <ele>4.6</ele>
    <time>2026-10-04T17:52:15Z</time>
   </trkpt>
   <trkpt lat="51.4970750" lon="-0.1255570">
    <ele>4.5</ele>
    <time>2026-10-04T17:52:16Z</time>
   </trkpt>
   <trkpt lat="51.4970180" lon="-0.1255520">
    <ele>4.5</ele>
    <time>2026-10-04T17:52:17Z</time>
   </trkpt>
   <trkpt lat="51.4969630" lon="-0.1255430">
    <ele>4.5</ele>
    <time>2026-10-04T17:52:18Z</time>
   </trkpt>
   <trkpt lat="51.4969080" lon="-0.1255270">
    <ele>4.5</ele>
    <time>2026-10-04T17:52:19Z</time>
   </trkpt>
   <trkpt lat="51.4968540" lon="-0.1255050">
    <ele>4.5</ele>
    <time>2026-10-04T17:52:20Z</time>
   </trkpt>
   <trkpt lat="51.4967990" lon="-0.1254900">
    <ele>4.5</ele>
    <time>2026-10-04T17:52:21Z</time>
   </trkpt>
   <trkpt lat="51.4967500" lon="-0.1254730">
    <ele>4.6</ele>
    <time>2026-10-04T17:52:22Z</time>
   </trkpt>
   <trkpt lat="51.4967070" lon="-0.1254610">
    <ele>4.6</ele>
    <time>2026-10-04T17:52:23Z</time>
   </trkpt>
   <trkpt lat="51.4966580" lon="-0.1254490">
    <ele>4.6</ele>
    <time>2026-10-04T17:52:24Z</time>
   </trkpt>
   <trkpt lat="51.4965990" lon="-0.1254350">
    <ele>4.6</ele>
    <time>2026-10-04T17:52:25Z</time>
   </trkpt>
   <trkpt lat="51.4965470" lon="-0.1254310">
    <ele>4.7</ele>
    <time>2026-10-04T17:52:26Z</time>
   </trkpt>
   <trkpt lat="51.4964970" lon="-0.1254130">
    <ele>4.7</ele>
    <time>2026-10-04T17:52:27Z</time>
   </trkpt>
   <trkpt lat="51.4964490" lon="-0.1254060">
    <ele>4.7</ele>
    <time>2026-10-04T17:52:28Z</time>
   </trkpt>
   <trkpt lat="51.4963950" lon="-0.1253970">
    <ele>4.7</ele>
    <time>2026-10-04T17:52:29Z</time>
   </trkpt>
   <trkpt lat="51.4963400" lon="-0.1253590">
    <ele>4.8</ele>
    <time>2026-10-04T17:52:30Z</time>
   </trkpt>
   <trkpt lat="51.4963010" lon="-0.1253380">
    <ele>4.8</ele>
    <time>2026-10-04T17:52:31Z</time>
   </trkpt>
   <trkpt lat="51.4962490" lon="-0.1253190">
    <ele>4.9</ele>
    <time>2026-10-04T17:52:32Z</time>
   </trkpt>
   <trkpt lat="51.4962130" lon="-0.1253080">
    <ele>4.9</ele>
    <time>2026-10-04T17:52:33Z</time>
   </trkpt>
   <trkpt lat="51.4961220" lon="-0.1253080">
    <ele>4.9</ele>
    <time>2026-10-04T17:52:34Z</time>
   </trkpt>
   <trkpt lat="51.4960820" lon="-0.1253150">
    <ele>5.0</ele>
    <time>2026-10-04T17:52:35Z</time>
   </trkpt>
   <trkpt lat="51.4960310" lon="-0.1253220">
    <ele>5.0</ele>
    <time>2026-10-04T17:52:36Z</time>
   </trkpt>
   <trkpt lat="51.4960520" lon="-0.1253500">
    <ele>5.0</ele>
    <time>2026-10-04T17:52:37Z</time>
   </trkpt>
   <trkpt lat="51.4960350" lon="-0.1253710">
    <ele>5.0</ele>
    <time>2026-10-04T17:52:38Z</time>
   </trkpt>
   <trkpt lat="51.4960020" lon="-0.1253690">
    <ele>5.0</ele>
    <time>2026-10-04T17:52:39Z</time>
   </trkpt>
   <trkpt lat="51.4958690" lon="-0.1253210">
    <ele>5.1</ele>
    <time>2026-10-04T17:52:40Z</time>
   </trkpt>
   <trkpt lat="51.4958400" lon="-0.1252700">
    <ele>5.1</ele>
    <time>2026-10-04T17:52:41Z</time>
   </trkpt>
   <trkpt lat="51.4957860" lon="-0.1252700">
    <ele>5.1</ele>
    <time>2026-10-04T17:52:42Z</time>
   </trkpt>
   <trkpt lat="51.4957840" lon="-0.1252700">
    <ele>5.1</ele>
    <time>2026-10-04T17:52:43Z</time>
   </trkpt>
   <trkpt lat="51.4957670" lon="-0.1252660">
    <ele>5.2</ele>
    <time>2026-10-04T17:52:44Z</time>
   </trkpt>
   <trkpt lat="51.4957280" lon="-0.1252640">
    <ele>5.2</ele>
    <time>2026-10-04T17:52:45Z</time>
   </trkpt>
   <trkpt lat="51.4956980" lon="-0.1252520">
    <ele>5.2</ele>
    <time>2026-10-04T17:52:46Z</time>
   </trkpt>
   <trkpt lat="51.4956670" lon="-0.1252400">
    <ele>5.2</ele>
    <time>2026-10-04T17:52:47Z</time>
   </trkpt>
   <trkpt lat="51.4956370" lon="-0.1252280">
    <ele>5.2</ele>
    <time>2026-10-04T17:52:48Z</time>
   </trkpt>
   <trkpt lat="51.4956070" lon="-0.1252160">
    <ele>5.3</ele>
    <time>2026-10-04T17:52:49Z</time>
   </trkpt>
   <trkpt lat="51.4956270" lon="-0.1251920">
    <ele>5.3</ele>
    <time>2026-10-04T17:52:50Z</time>
   </trkpt>
   <trkpt lat="51.4955980" lon="-0.1252090">
    <ele>5.3</ele>
    <time>2026-10-04T17:52:51Z</time>
   </trkpt>
   <trkpt lat="51.4956020" lon="-0.1252180">
    <ele>5.3</ele>
    <time>2026-10-04T17:52:52Z</time>
   </trkpt>
   <trkpt lat="51.4955940" lon="-0.1252020">
    <ele>5.3</ele>
    <time>2026-10-04T17:52:53Z</time>
   </trkpt>
   <trkpt lat="51.4955980" lon="-0.1251960">
    <ele>5.3</ele>
    <time>2026-10-04T17:52:54Z</time>
   </trkpt>
   <trkpt lat="51.4955870" lon="-0.1251640">
    <ele>5.4</ele>
    <time>2026-10-04T17:52:55Z</time>
   </trkpt>
   <trkpt lat="51.4955300" lon="-0.1251240">
    <ele>5.4</ele>
    <time>2026-10-04T17:52:56Z</time>
   </trkpt>
   <trkpt lat="51.4954790" lon="-0.1251000">
    <ele>5.4</ele>
    <time>2026-10-04T17:52:57Z</time>
   </trkpt>
   <trkpt lat="51.4955160" lon="-0.1251130">
    <ele>5.4</ele>
    <time>2026-10-04T17:52:58Z</time>
   </trkpt>
   <trkpt lat="51.4955050" lon="-0.1250370">
    <ele>5.5</ele>
    <time>2026-10-04T17:52:59Z</time>
   </trkpt>
   <trkpt lat="51.4954960" lon="-0.1250240">
    <ele>5.5</ele>
    <time>2026-10-04T17:53:00Z</time>
   </trkpt>
   <trkpt lat="51.4954870" lon="-0.1250010">
    <ele>5.5</ele>
    <time>2026-10-04T17:53:01Z</time>
   </trkpt>
   <trkpt lat="51.4954820" lon="-0.1250440">
    <ele>5.5</ele>
    <time>2026-10-04T17:53:02Z</time>
   </trkpt>
   <trkpt lat="51.4954650" lon="-0.1250220">
    <ele>5.5</ele>
    <time>2026-10-04T17:53:03Z</time>
   </trkpt>
   <trkpt lat="51.4953710" lon="-0.1250810">
    <ele>5.7</ele>
    <time>2026-10-04T17:53:04Z</time>
   </trkpt>
   <trkpt lat="51.4952720" lon="-0.1250900">
    <ele>5.8</ele>
    <time>2026-10-04T17:53:05Z</time>
   </trkpt>
   <trkpt lat="51.4951780" lon="-0.1250800">
    <ele>6.1</ele>
    <time>2026-10-04T17:53:06Z</time>
   </trkpt>
   <trkpt lat="51.4950920" lon="-0.1251000">
    <ele>6.5</ele>
    <time>2026-10-04T17:53:07Z</time>
   </trkpt>
   <trkpt lat="51.4950270" lon="-0.1250920">
    <ele>6.7</ele>
    <time>2026-10-04T17:53:08Z</time>
   </trkpt>
   <trkpt lat="51.4949780" lon="-0.1250840">
    <ele>6.9</ele>
    <time>2026-10-04T17:53:09Z</time>
   </trkpt>
   <trkpt lat="51.4949220" lon="-0.1250760">
    <ele>7.0</ele>
    <time>2026-10-04T17:53:10Z</time>
   </trkpt>
   <trkpt lat="51.4948830" lon="-0.1250710">
    <ele>7.1</ele>
    <time>2026-10-04T17:53:11Z</time>
   </trkpt>
   <trkpt lat="51.4948350" lon="-0.1250790">
    <ele>7.2</ele>
    <time>2026-10-04T17:53:12Z</time>
   </trkpt>
   <trkpt lat="51.4947590" lon="-0.1250660">
    <ele>7.3</ele>
    <time>2026-10-04T17:53:13Z</time>
   </trkpt>
   <trkpt lat="51.4946990" lon="-0.1250420">
    <ele>7.2</ele>
    <time>2026-10-04T17:53:14Z</time>
   </trkpt>
   <trkpt lat="51.4946510" lon="-0.1250560">
    <ele>7.2</ele>
    <time>2026-10-04T17:53:15Z</time>
   </trkpt>
   <trkpt lat="51.4946000" lon="-0.1250620">
    <ele>7.1</ele>
    <time>2026-10-04T17:53:16Z</time>
   </trkpt>
   <trkpt lat="51.4945660" lon="-0.1250690">
    <ele>7.1</ele>
    <time>2026-10-04T17:53:17Z</time>
   </trkpt>
   <trkpt lat="51.4945200" lon="-0.1250810">
    <ele>6.9</ele>
    <time>2026-10-04T17:53:18Z</time>
   </trkpt>
   <trkpt lat="51.4944660" lon="-0.1250820">
    <ele>6.8</ele>
    <time>2026-10-04T17:53:19Z</time>
   </trkpt>
   <trkpt lat="51.4944160" lon="-0.1250920">
    <ele>6.7</ele>
    <time>2026-10-04T17:53:20Z</time>
   </trkpt>
   <trkpt lat="51.4943630" lon="-0.1250750">
    <ele>6.5</ele>
    <time>2026-10-04T17:53:21Z</time>
   </trkpt>
   <trkpt lat="51.4943090" lon="-0.1250660">
    <ele>6.4</ele>
    <time>2026-10-04T17:53:22Z</time>
   </trkpt>
   <trkpt lat="51.4942660" lon="-0.1250570">
    <ele>6.3</ele>
    <time>2026-10-04T17:53:23Z</time>
   </trkpt>
   <trkpt lat="51.4942050" lon="-0.1250770">
    <ele>6.2</ele>
    <time>2026-10-04T17:53:24Z</time>
   </trkpt>
   <trkpt lat="51.4941650" lon="-0.1251140">
    <ele>6.1</ele>
    <time>2026-10-04T17:53:25Z</time>
   </trkpt>
   <trkpt lat="51.4941200" lon="-0.1251480">
    <ele>6.0</ele>
    <time>2026-10-04T17:53:26Z</time>
   </trkpt>
   <trkpt lat="51.4940540" lon="-0.1251470">
    <ele>5.8</ele>
    <time>2026-10-04T17:53:27Z</time>
   </trkpt>
   <trkpt lat="51.4939990" lon="-0.1251400">
    <ele>5.8</ele>
    <time>2026-10-04T17:53:28Z</time>
   </trkpt>
   <trkpt lat="51.4939480" lon="-0.1251580">
    <ele>5.7</ele>
    <time>2026-10-04T17:53:29Z</time>
   </trkpt>
   <trkpt lat="51.4938840" lon="-0.1251810">
    <ele>5.6</ele>
    <time>2026-10-04T17:53:30Z</time>
   </trkpt>
   <trkpt lat="51.4938070" lon="-0.1251920">
    <ele>5.5</ele>
    <time>2026-10-04T17:53:31Z</time>
   </trkpt>
   <trkpt lat="51.4937460" lon="-0.1251990">
    <ele>5.4</ele>
    <time>2026-10-04T17:53:32Z</time>
   </trkpt>
   <trkpt lat="51.4936850" lon="-0.1252350">
    <ele>5.3</ele>
    <time>2026-10-04T17:53:33Z</time>
   </trkpt>
   <trkpt lat="51.4936160" lon="-0.1252460">
    <ele>5.2</ele>
    <time>2026-10-04T17:53:34Z</time>
   </trkpt>
   <trkpt lat="51.4935450" lon="-0.1252530">
    <ele>5.1</ele>
    <time>2026-10-04T17:53:35Z</time>
   </trkpt>
   <trkpt lat="51.4934710" lon="-0.1252720">
    <ele>5.0</ele>
    <time>2026-10-04T17:53:36Z</time>
   </trkpt>
   <trkpt lat="51.4933950" lon="-0.1252630">
    <ele>4.9</ele>
    <time>2026-10-04T17:53:37Z</time>
   </trkpt>
   <trkpt lat="51.4933330" lon="-0.1252700">
    <ele>4.8</ele>
    <time>2026-10-04T17:53:38Z</time>
   </trkpt>
   <trkpt lat="51.4932660" lon="-0.1252870">
    <ele>4.7</ele>
    <time>2026-10-04T17:53:39Z</time>
   </trkpt>
   <trkpt lat="51.4932010" lon="-0.1253050">
    <ele>4.6</ele>
    <time>2026-10-04T17:53:40Z</time>
   </trkpt>
   <trkpt lat="51.4931190" lon="-0.1253010">
    <ele>4.5</ele>
    <time>2026-10-04T17:53:41Z</time>
   </trkpt>
   <trkpt lat="51.4930600" lon="-0.1253240">
    <ele>4.5</ele>
    <time>2026-10-04T17:53:42Z</time>
   </trkpt>
   <trkpt lat="51.4930050" lon="-0.1253260">
    <ele>4.5</ele>
    <time>2026-10-04T17:53:43Z</time>
   </trkpt>
   <trkpt lat="51.4929330" lon="-0.1253050">
    <ele>4.5</ele>
    <time>2026-10-04T17:53:44Z</time>
   </trkpt>
   <trkpt lat="51.4928760" lon="-0.1252910">
    <ele>4.4</ele>
    <time>2026-10-04T17:53:45Z</time>
   </trkpt>
   <trkpt lat="51.4927970" lon="-0.1252710">
    <ele>4.4</ele>
    <time>2026-10-04T17:53:46Z</time>
   </trkpt>
   <trkpt lat="51.4927440" lon="-0.1252860">
    <ele>4.5</ele>
    <time>2026-10-04T17:53:47Z</time>
   </trkpt>
   <trkpt lat="51.4926950" lon="-0.1252770">
    <ele>4.6</ele>
    <time>2026-10-04T17:53:48Z</time>
   </trkpt>
   <trkpt lat="51.4926540" lon="-0.1252870">
    <ele>4.6</ele>
    <time>2026-10-04T17:53:49Z</time>
   </trkpt>
   <trkpt lat="51.4926650" lon="-0.1252850">
    <ele>4.7</ele>
    <time>2026-10-04T17:53:50Z</time>
   </trkpt>
   <trkpt lat="51.4926360" lon="-0.1252940">
    <ele>4.7</ele>
    <time>2026-10-04T17:53:51Z</time>
   </trkpt>
   <trkpt lat="51.4926250" lon="-0.1252940">
    <ele>4.7</ele>
    <time>2026-10-04T17:53:52Z</time>
   </trkpt>
   <trkpt lat="51.4926030" lon="-0.1252750">
    <ele>4.7</ele>
    <time>2026-10-04T17:53:53Z</time>
   </trkpt>
   <trkpt lat="51.4925940" lon="-0.1252820">
    <ele>4.7</ele>
    <time>2026-10-04T17:53:54Z</time>
   </trkpt>
   <trkpt lat="51.4925650" lon="-0.1252860">
    <ele>4.7</ele>
    <time>2026-10-04T17:53:55Z</time>
   </trkpt>
   <trkpt lat="51.4925220" lon="-0.1253640">
    <ele>4.7</ele>
    <time>2026-10-04T17:53:56Z</time>
   </trkpt>
   <trkpt lat="51.4924470" lon="-0.1253950">
    <ele>4.7</ele>
    <time>2026-10-04T17:53:57Z</time>
   </trkpt>
   <trkpt lat="51.4923720" lon="-0.1254260">
    <ele>4.7</ele>
    <time>2026-10-04T17:53:58Z</time>
   </trkpt>
   <trkpt lat="51.4922350" lon="-0.1256360">
    <ele>4.7</ele>
    <time>2026-10-04T17:53:59Z</time>
   </trkpt>
   <trkpt lat="51.4921910" lon="-0.1256220">
    <ele>4.7</ele>
    <time>2026-10-04T17:54:00Z</time>
   </trkpt>
   <trkpt lat="51.4921480" lon="-0.1256070">
    <ele>4.7</ele>
    <time>2026-10-04T17:54:01Z</time>
   </trkpt>
   <trkpt lat="51.4920830" lon="-0.1256140">
    <ele>4.7</ele>
    <time>2026-10-04T17:54:02Z</time>
   </trkpt>
   <trkpt lat="51.4920290" lon="-0.1255760">
    <ele>4.7</ele>
    <time>2026-10-04T17:54:03Z</time>
   </trkpt>
   <trkpt lat="51.4919890" lon="-0.1255710">
    <ele>4.7</ele>
    <time>2026-10-04T17:54:04Z</time>
   </trkpt>
   <trkpt lat="51.4919050" lon="-0.1255690">
    <ele>4.7</ele>
    <time>2026-10-04T17:54:05Z</time>
   </trkpt>
   <trkpt lat="51.4918150" lon="-0.1255850">
    <ele>4.7</ele>
    <time>2026-10-04T17:54:06Z</time>
   </trkpt>
   <trkpt lat="51.4917310" lon="-0.1255920">
    <ele>4.6</ele>
    <time>2026-10-04T17:54:07Z</time>
   </trkpt>
   <trkpt lat="51.4916510" lon="-0.1255960">
    <ele>4.6</ele>
    <time>2026-10-04T17:54:08Z</time>
   </trkpt>
   <trkpt lat="51.4915860" lon="-0.1256240">
    <ele>4.6</ele>
    <time>2026-10-04T17:54:09Z</time>
   </trkpt>
   <trkpt lat="51.4915280" lon="-0.1256530">
    <ele>4.6</ele>
    <time>2026-10-04T17:54:10Z</time>
   </trkpt>
   <trkpt lat="51.4914680" lon="-0.1256860">
    <ele>4.6</ele>
    <time>2026-10-04T17:54:11Z</time>
   </trkpt>
   <trkpt lat="51.4914140" lon="-0.1257140">
    <ele>4.6</ele>
    <time>2026-10-04T17:54:12Z</time>
   </trkpt>
   <trkpt lat="51.4913610" lon="-0.1257450">
    <ele>4.6</ele>
    <time>2026-10-04T17:54:13Z</time>
   </trkpt>
   <trkpt lat="51.4913090" lon="-0.1257750">
    <ele>4.6</ele>
    <time>2026-10-04T17:54:14Z</time>
   </trkpt>
   <trkpt lat="51.4912520" lon="-0.1258160">
    <ele>4.6</ele>
    <time>2026-10-04T17:54:15Z</time>
   </trkpt>
   <trkpt lat="51.4912020" lon="-0.1258560">
    <ele>4.6</ele>
    <time>2026-10-04T17:54:16Z</time>
   </trkpt>
   <trkpt lat="51.4911520" lon="-0.1258800">
    <ele>4.6</ele>
    <time>2026-10-04T17:54:17Z</time>
   </trkpt>
   <trkpt lat="51.4911050" lon="-0.1259090">
    <ele>4.6</ele>
    <time>2026-10-04T17:54:18Z</time>
   </trkpt>
   <trkpt lat="51.4910650" lon="-0.1259460">
    <ele>4.6</ele>
    <time>2026-10-04T17:54:19Z</time>
   </trkpt>
   <trkpt lat="51.4910190" lon="-0.1259830">
    <ele>4.6</ele>
    <time>2026-10-04T17:54:21Z</time>
   </trkpt>
   <trkpt lat="51.4909740" lon="-0.1260210">
    <ele>4.6</ele>
    <time>2026-10-04T17:54:22Z</time>
   </trkpt>
   <trkpt lat="51.4909280" lon="-0.1260580">
    <ele>4.6</ele>
    <time>2026-10-04T17:54:23Z</time>
   </trkpt>
   <trkpt lat="51.4908810" lon="-0.1260890">
    <ele>4.6</ele>
    <time>2026-10-04T17:54:24Z</time>
   </trkpt>
   <trkpt lat="51.4908310" lon="-0.1261180">
    <ele>4.6</ele>
    <time>2026-10-04T17:54:25Z</time>
   </trkpt>
   <trkpt lat="51.4907790" lon="-0.1261550">
    <ele>4.6</ele>
    <time>2026-10-04T17:54:26Z</time>
   </trkpt>
   <trkpt lat="51.4907240" lon="-0.1262030">
    <ele>4.7</ele>
    <time>2026-10-04T17:54:27Z</time>
   </trkpt>
   <trkpt lat="51.4906810" lon="-0.1262420">
    <ele>4.7</ele>
    <time>2026-10-04T17:54:28Z</time>
   </trkpt>
   <trkpt lat="51.4906340" lon="-0.1262840">
    <ele>4.7</ele>
    <time>2026-10-04T17:54:29Z</time>
   </trkpt>
   <trkpt lat="51.4905820" lon="-0.1263200">
    <ele>4.7</ele>
    <time>2026-10-04T17:54:30Z</time>
   </trkpt>
   <trkpt lat="51.4905280" lon="-0.1263540">
    <ele>4.7</ele>
    <time>2026-10-04T17:54:31Z</time>
   </trkpt>
   <trkpt lat="51.4904890" lon="-0.1263760">
    <ele>4.8</ele>
    <time>2026-10-04T17:54:32Z</time>
   </trkpt>
   <trkpt lat="51.4904450" lon="-0.1264040">
    <ele>4.8</ele>
    <time>2026-10-04T17:54:33Z</time>
   </trkpt>
   <trkpt lat="51.4903980" lon="-0.1264360">
    <ele>4.8</ele>
    <time>2026-10-04T17:54:34Z</time>
   </trkpt>
   <trkpt lat="51.4903500" lon="-0.1264710">
    <ele>4.8</ele>
    <time>2026-10-04T17:54:35Z</time>
   </trkpt>
   <trkpt lat="51.4903070" lon="-0.1265030">
    <ele>4.8</ele>
    <time>2026-10-04T17:54:36Z</time>
   </trkpt>
   <trkpt lat="51.4902640" lon="-0.1265410">
    <ele>4.8</ele>
    <time>2026-10-04T17:54:37Z</time>
   </trkpt>
   <trkpt lat="51.4902190" lon="-0.1265840">
    <ele>4.8</ele>
    <time>2026-10-04T17:54:38Z</time>
   </trkpt>
   <trkpt lat="51.4901260" lon="-0.1266600">
    <ele>4.7</ele>
    <time>2026-10-04T17:54:39Z</time>
   </trkpt>
   <trkpt lat="51.4900770" lon="-0.1266910">
    <ele>4.8</ele>
    <time>2026-10-04T17:54:40Z</time>
   </trkpt>
   <trkpt lat="51.4900320" lon="-0.1267320">
    <ele>4.8</ele>
    <time>2026-10-04T17:54:41Z</time>
   </trkpt>
   <trkpt lat="51.4899900" lon="-0.1267690">
    <ele>4.8</ele>
    <time>2026-10-04T17:54:42Z</time>
   </trkpt>
   <trkpt lat="51.4899450" lon="-0.1268140">
    <ele>4.9</ele>
    <time>2026-10-04T17:54:43Z</time>
   </trkpt>
   <trkpt lat="51.4899030" lon="-0.1268600">
    <ele>4.9</ele>
    <time>2026-10-04T17:54:44Z</time>
   </trkpt>
   <trkpt lat="51.4898630" lon="-0.1269030">
    <ele>4.9</ele>
    <time>2026-10-04T17:54:45Z</time>
   </trkpt>
   <trkpt lat="51.4898220" lon="-0.1269460">
    <ele>5.0</ele>
    <time>2026-10-04T17:54:46Z</time>
   </trkpt>
   <trkpt lat="51.4897830" lon="-0.1269940">
    <ele>5.0</ele>
    <time>2026-10-04T17:54:47Z</time>
   </trkpt>
   <trkpt lat="51.4897480" lon="-0.1270460">
    <ele>5.0</ele>
    <time>2026-10-04T17:54:48Z</time>
   </trkpt>
   <trkpt lat="51.4897100" lon="-0.1271050">
    <ele>5.0</ele>
    <time>2026-10-04T17:54:49Z</time>
   </trkpt>
   <trkpt lat="51.4896710" lon="-0.1271620">
    <ele>5.0</ele>
    <time>2026-10-04T17:54:50Z</time>
   </trkpt>
   <trkpt lat="51.4896420" lon="-0.1272210">
    <ele>5.0</ele>
    <time>2026-10-04T17:54:51Z</time>
   </trkpt>
   <trkpt lat="51.4896130" lon="-0.1272850">
    <ele>5.0</ele>
    <time>2026-10-04T17:54:52Z</time>
   </trkpt>
   <trkpt lat="51.4895850" lon="-0.1273540">
    <ele>4.9</ele>
    <time>2026-10-04T17:54:53Z</time>
   </trkpt>
   <trkpt lat="51.4895620" lon="-0.1274250">
    <ele>4.9</ele>
    <time>2026-10-04T17:54:54Z</time>
   </trkpt>
   <trkpt lat="51.4895330" lon="-0.1274960">
    <ele>4.9</ele>
    <time>2026-10-04T17:54:55Z</time>
   </trkpt>
   <trkpt lat="51.4895090" lon="-0.1275640">
    <ele>4.9</ele>
    <time>2026-10-04T17:54:56Z</time>
   </trkpt>
   <trkpt lat="51.4894870" lon="-0.1276370">
    <ele>5.0</ele>
    <time>2026-10-04T17:54:57Z</time>
   </trkpt>
   <trkpt lat="51.4894590" lon="-0.1277130">
    <ele>5.0</ele>
    <time>2026-10-04T17:54:58Z</time>
   </trkpt>
   <trkpt lat="51.4894360" lon="-0.1277880">
    <ele>5.1</ele>
    <time>2026-10-04T17:54:59Z</time>
   </trkpt>
   <trkpt lat="51.4894150" lon="-0.1278550">
    <ele>5.1</ele>
    <time>2026-10-04T17:55:00Z</time>
   </trkpt>
   <trkpt lat="51.4893870" lon="-0.1279180">
    <ele>5.2</ele>
    <time>2026-10-04T17:55:01Z</time>
   </trkpt>
   <trkpt lat="51.4893640" lon="-0.1279790">
    <ele>5.3</ele>
    <time>2026-10-04T17:55:02Z</time>
   </trkpt>
   <trkpt lat="51.4893400" lon="-0.1280410">
    <ele>5.3</ele>
    <time>2026-10-04T17:55:03Z</time>
   </trkpt>
   <trkpt lat="51.4893110" lon="-0.1281070">
    <ele>5.4</ele>
    <time>2026-10-04T17:55:04Z</time>
   </trkpt>
   <trkpt lat="51.4892900" lon="-0.1281410">
    <ele>5.4</ele>
    <time>2026-10-04T17:55:05Z</time>
   </trkpt>
   <trkpt lat="51.4892760" lon="-0.1282150">
    <ele>5.5</ele>
    <time>2026-10-04T17:55:06Z</time>
   </trkpt>
   <trkpt lat="51.4892510" lon="-0.1283010">
    <ele>5.6</ele>
    <time>2026-10-04T17:55:07Z</time>
   </trkpt>
   <trkpt lat="51.4892040" lon="-0.1283370">
    <ele>5.7</ele>
    <time>2026-10-04T17:55:08Z</time>
   </trkpt>
   <trkpt lat="51.4891870" lon="-0.1283700">
    <ele>5.7</ele>
    <time>2026-10-04T17:55:09Z</time>
   </trkpt>
   <trkpt lat="51.4891640" lon="-0.1284420">
    <ele>5.8</ele>
    <time>2026-10-04T17:55:10Z</time>
   </trkpt>
   <trkpt lat="51.4891350" lon="-0.1284990">
    <ele>5.8</ele>
    <time>2026-10-04T17:55:11Z</time>
   </trkpt>
   <trkpt lat="51.4890950" lon="-0.1285310">
    <ele>5.9</ele>
    <time>2026-10-04T17:55:12Z</time>
   </trkpt>
   <trkpt lat="51.4890850" lon="-0.1285900">
    <ele>6.0</ele>
    <time>2026-10-04T17:55:13Z</time>
   </trkpt>
   <trkpt lat="51.4890500" lon="-0.1286240">
    <ele>6.0</ele>
    <time>2026-10-04T17:55:14Z</time>
   </trkpt>
   <trkpt lat="51.4890370" lon="-0.1286740">
    <ele>6.1</ele>
    <time>2026-10-04T17:55:15Z</time>
   </trkpt>
   <trkpt lat="51.4890070" lon="-0.1287010">
    <ele>6.2</ele>
    <time>2026-10-04T17:55:16Z</time>
   </trkpt>
   <trkpt lat="51.4889960" lon="-0.1287340">
    <ele>6.2</ele>
    <time>2026-10-04T17:55:17Z</time>
   </trkpt>
   <trkpt lat="51.4889790" lon="-0.1287460">
    <ele>6.3</ele>
    <time>2026-10-04T17:55:18Z</time>
   </trkpt>
   <trkpt lat="51.4889650" lon="-0.1287740">
    <ele>6.3</ele>
    <time>2026-10-04T17:55:19Z</time>
   </trkpt>
   <trkpt lat="51.4889310" lon="-0.1288080">
    <ele>6.4</ele>
    <time>2026-10-04T17:55:20Z</time>
   </trkpt>
   <trkpt lat="51.4888970" lon="-0.1288520">
    <ele>6.5</ele>
    <time>2026-10-04T17:55:21Z</time>
   </trkpt>
   <trkpt lat="51.4888790" lon="-0.1288880">
    <ele>6.6</ele>
    <time>2026-10-04T17:55:22Z</time>
   </trkpt>
   <trkpt lat="51.4888580" lon="-0.1289270">
    <ele>6.6</ele>
    <time>2026-10-04T17:55:23Z</time>
   </trkpt>
   <trkpt lat="51.4888300" lon="-0.1289440">
    <ele>6.7</ele>
    <time>2026-10-04T17:55:24Z</time>
   </trkpt>
   <trkpt lat="51.4888050" lon="-0.1289740">
    <ele>6.8</ele>
    <time>2026-10-04T17:55:25Z</time>
   </trkpt>
   <trkpt lat="51.4887820" lon="-0.1289990">
    <ele>6.7</ele>
    <time>2026-10-04T17:55:26Z</time>
   </trkpt>
   <trkpt lat="51.4887410" lon="-0.1290160">
    <ele>6.5</ele>
    <time>2026-10-04T17:55:27Z</time>
   </trkpt>
   <trkpt lat="51.4887070" lon="-0.1290180">
    <ele>6.7</ele>
    <time>2026-10-04T17:55:28Z</time>
   </trkpt>
   <trkpt lat="51.4886720" lon="-0.1289910">
    <ele>6.8</ele>
    <time>2026-10-04T17:55:29Z</time>
   </trkpt>
   <trkpt lat="51.4886310" lon="-0.1289980">
    <ele>6.9</ele>
    <time>2026-10-04T17:55:30Z</time>
   </trkpt>
   <trkpt lat="51.4886120" lon="-0.1289980">
    <ele>7.0</ele>
    <time>2026-10-04T17:55:31Z</time>
   </trkpt>
   <trkpt lat="51.4885810" lon="-0.1290010">
    <ele>7.0</ele>
    <time>2026-10-04T17:55:32Z</time>
   </trkpt>
   <trkpt lat="51.4885600" lon="-0.1289790">
    <ele>7.1</ele>
    <time>2026-10-04T17:55:33Z</time>
   </trkpt>
   <trkpt lat="51.4885410" lon="-0.1289170">
    <ele>7.2</ele>
    <time>2026-10-04T17:55:34Z</time>
   </trkpt>
   <trkpt lat="51.4885120" lon="-0.1288650">
    <ele>7.2</ele>
    <time>2026-10-04T17:55:35Z</time>
   </trkpt>
   <trkpt lat="51.4884750" lon="-0.1288010">
    <ele>7.4</ele>
    <time>2026-10-04T17:55:36Z</time>
   </trkpt>
   <trkpt lat="51.4884350" lon="-0.1287500">
    <ele>7.5</ele>
    <time>2026-10-04T17:55:37Z</time>
   </trkpt>
   <trkpt lat="51.4884060" lon="-0.1287240">
    <ele>7.5</ele>
    <time>2026-10-04T17:55:38Z</time>
   </trkpt>
   <trkpt lat="51.4883880" lon="-0.1286650">
    <ele>7.6</ele>
    <time>2026-10-04T17:55:39Z</time>
   </trkpt>
   <trkpt lat="51.4883550" lon="-0.1286280">
    <ele>7.8</ele>
    <time>2026-10-04T17:55:40Z</time>
   </trkpt>
   <trkpt lat="51.4883320" lon="-0.1285540">
    <ele>7.9</ele>
    <time>2026-10-04T17:55:41Z</time>
   </trkpt>
   <trkpt lat="51.4883050" lon="-0.1285000">
    <ele>8.0</ele>
    <time>2026-10-04T17:55:42Z</time>
   </trkpt>
   <trkpt lat="51.4882900" lon="-0.1284360">
    <ele>8.1</ele>
    <time>2026-10-04T17:55:43Z</time>
   </trkpt>
   <trkpt lat="51.4882620" lon="-0.1283770">
    <ele>8.3</ele>
    <time>2026-10-04T17:55:44Z</time>
   </trkpt>
   <trkpt lat="51.4882310" lon="-0.1283230">
    <ele>8.4</ele>
    <time>2026-10-04T17:55:45Z</time>
   </trkpt>
   <trkpt lat="51.4882030" lon="-0.1282750">
    <ele>8.5</ele>
    <time>2026-10-04T17:55:46Z</time>
   </trkpt>
   <trkpt lat="51.4881810" lon="-0.1282250">
    <ele>8.6</ele>
    <time>2026-10-04T17:55:47Z</time>
   </trkpt>
   <trkpt lat="51.4881550" lon="-0.1281630">
    <ele>8.8</ele>
    <time>2026-10-04T17:55:48Z</time>
   </trkpt>
   <trkpt lat="51.4881360" lon="-0.1280980">
    <ele>8.9</ele>
    <time>2026-10-04T17:55:49Z</time>
   </trkpt>
   <trkpt lat="51.4881090" lon="-0.1280380">
    <ele>9.1</ele>
    <time>2026-10-04T17:55:50Z</time>
   </trkpt>
   <trkpt lat="51.4880810" lon="-0.1279810">
    <ele>9.2</ele>
    <time>2026-10-04T17:55:51Z</time>
   </trkpt>
   <trkpt lat="51.4880550" lon="-0.1279230">
    <ele>9.3</ele>
    <time>2026-10-04T17:55:52Z</time>
   </trkpt>
   <trkpt lat="51.4880390" lon="-0.1278550">
    <ele>9.5</ele>
    <time>2026-10-04T17:55:53Z</time>
   </trkpt>
   <trkpt lat="51.4880240" lon="-0.1277800">
    <ele>9.6</ele>
    <time>2026-10-04T17:55:54Z</time>
   </trkpt>
   <trkpt lat="51.4879950" lon="-0.1277320">
    <ele>9.7</ele>
    <time>2026-10-04T17:55:55Z</time>
   </trkpt>
   <trkpt lat="51.4879690" lon="-0.1276930">
    <ele>9.8</ele>
    <time>2026-10-04T17:55:56Z</time>
   </trkpt>
   <trkpt lat="51.4879510" lon="-0.1276370">
    <ele>9.9</ele>
    <time>2026-10-04T17:55:57Z</time>
   </trkpt>
   <trkpt lat="51.4879170" lon="-0.1275710">
    <ele>10.1</ele>
    <time>2026-10-04T17:55:58Z</time>
   </trkpt>
   <trkpt lat="51.4878870" lon="-0.1275120">
    <ele>10.2</ele>
    <time>2026-10-04T17:55:59Z</time>
   </trkpt>
   <trkpt lat="51.4878540" lon="-0.1274510">
    <ele>10.3</ele>
    <time>2026-10-04T17:56:00Z</time>
   </trkpt>
   <trkpt lat="51.4878240" lon="-0.1273830">
    <ele>10.4</ele>
    <time>2026-10-04T17:56:01Z</time>
   </trkpt>
   <trkpt lat="51.4877950" lon="-0.1273170">
    <ele>10.5</ele>
    <time>2026-10-04T17:56:02Z</time>
   </trkpt>
   <trkpt lat="51.4877660" lon="-0.1272560">
    <ele>10.6</ele>
    <time>2026-10-04T17:56:03Z</time>
   </trkpt>
   <trkpt lat="51.4877410" lon="-0.1271960">
    <ele>10.6</ele>
    <time>2026-10-04T17:56:04Z</time>
   </trkpt>
   <trkpt lat="51.4877130" lon="-0.1271300">
    <ele>10.7</ele>
    <time>2026-10-04T17:56:05Z</time>
   </trkpt>
   <trkpt lat="51.4876820" lon="-0.1270790">
    <ele>10.7</ele>
    <time>2026-10-04T17:56:06Z</time>
   </trkpt>
   <trkpt lat="51.4876520" lon="-0.1270260">
    <ele>10.7</ele>
    <time>2026-10-04T17:56:07Z</time>
   </trkpt>
   <trkpt lat="51.4876340" lon="-0.1269520">
    <ele>10.7</ele>
    <time>2026-10-04T17:56:08Z</time>
   </trkpt>
   <trkpt lat="51.4876040" lon="-0.1268980">
    <ele>10.7</ele>
    <time>2026-10-04T17:56:09Z</time>
   </trkpt>
   <trkpt lat="51.4875770" lon="-0.1268380">
    <ele>10.7</ele>
    <time>2026-10-04T17:56:10Z</time>
   </trkpt>
   <trkpt lat="51.4875480" lon="-0.1267900">
    <ele>10.6</ele>
    <time>2026-10-04T17:56:11Z</time>
   </trkpt>
   <trkpt lat="51.4875140" lon="-0.1267280">
    <ele>10.6</ele>
    <time>2026-10-04T17:56:12Z</time>
   </trkpt>
   <trkpt lat="51.4874880" lon="-0.1266680">
    <ele>10.5</ele>
    <time>2026-10-04T17:56:13Z</time>
   </trkpt>
   <trkpt lat="51.4874650" lon="-0.1265940">
    <ele>10.4</ele>
    <time>2026-10-04T17:56:14Z</time>
   </trkpt>
   <trkpt lat="51.4874420" lon="-0.1265360">
    <ele>10.4</ele>
    <time>2026-10-04T17:56:15Z</time>
   </trkpt>
   <trkpt lat="51.4874110" lon="-0.1264800">
    <ele>10.3</ele>
    <time>2026-10-04T17:56:16Z</time>
   </trkpt>
   <trkpt lat="51.4873800" lon="-0.1264200">
    <ele>10.2</ele>
    <time>2026-10-04T17:56:17Z</time>
   </trkpt>
   <trkpt lat="51.4873570" lon="-0.1263510">
    <ele>10.1</ele>
    <time>2026-10-04T17:56:18Z</time>
   </trkpt>
   <trkpt lat="51.4873300" lon="-0.1262870">
    <ele>9.9</ele>
    <time>2026-10-04T17:56:19Z</time>
   </trkpt>
   <trkpt lat="51.4873020" lon="-0.1262230">
    <ele>9.8</ele>
    <time>2026-10-04T17:56:20Z</time>
   </trkpt>
   <trkpt lat="51.4872730" lon="-0.1261520">
    <ele>9.7</ele>
    <time>2026-10-04T17:56:21Z</time>
   </trkpt>
   <trkpt lat="51.4872440" lon="-0.1260730">
    <ele>9.5</ele>
    <time>2026-10-04T17:56:22Z</time>
   </trkpt>
   <trkpt lat="51.4872140" lon="-0.1260010">
    <ele>9.4</ele>
    <time>2026-10-04T17:56:23Z</time>
   </trkpt>
   <trkpt lat="51.4871820" lon="-0.1259310">
    <ele>9.2</ele>
    <time>2026-10-04T17:56:24Z</time>
   </trkpt>
   <trkpt lat="51.4871490" lon="-0.1258610">
    <ele>9.1</ele>
    <time>2026-10-04T17:56:25Z</time>
   </trkpt>
   <trkpt lat="51.4871200" lon="-0.1257840">
    <ele>9.0</ele>
    <time>2026-10-04T17:56:26Z</time>
   </trkpt>
   <trkpt lat="51.4870930" lon="-0.1257160">
    <ele>8.8</ele>
    <time>2026-10-04T17:56:27Z</time>
   </trkpt>
   <trkpt lat="51.4870590" lon="-0.1256550">
    <ele>8.7</ele>
    <time>2026-10-04T17:56:28Z</time>
   </trkpt>
   <trkpt lat="51.4870250" lon="-0.1255740">
    <ele>8.5</ele>
    <time>2026-10-04T17:56:29Z</time>
   </trkpt>
   <trkpt lat="51.4869940" lon="-0.1255050">
    <ele>8.4</ele>
    <time>2026-10-04T17:56:30Z</time>
   </trkpt>
   <trkpt lat="51.4869590" lon="-0.1254310">
    <ele>8.2</ele>
    <time>2026-10-04T17:56:31Z</time>
   </trkpt>
   <trkpt lat="51.4869330" lon="-0.1253590">
    <ele>8.1</ele>
    <time>2026-10-04T17:56:32Z</time>
   </trkpt>
   <trkpt lat="51.4869040" lon="-0.1252800">
    <ele>7.9</ele>
    <time>2026-10-04T17:56:33Z</time>
   </trkpt>
   <trkpt lat="51.4868760" lon="-0.1251970">
    <ele>7.7</ele>
    <time>2026-10-04T17:56:34Z</time>
   </trkpt>
   <trkpt lat="51.4868520" lon="-0.1251240">
    <ele>7.6</ele>
    <time>2026-10-04T17:56:35Z</time>
   </trkpt>
   <trkpt lat="51.4868320" lon="-0.1250400">
    <ele>7.4</ele>
    <time>2026-10-04T17:56:36Z</time>
   </trkpt>
   <trkpt lat="51.4868160" lon="-0.1249630">
    <ele>7.3</ele>
    <time>2026-10-04T17:56:37Z</time>
   </trkpt>
   <trkpt lat="51.4867950" lon="-0.1248860">
    <ele>7.1</ele>
    <time>2026-10-04T17:56:38Z</time>
   </trkpt>
   <trkpt lat="51.4867800" lon="-0.1247970">
    <ele>6.9</ele>
    <time>2026-10-04T17:56:39Z</time>
   </trkpt>
   <trkpt lat="51.4867490" lon="-0.1247420">
    <ele>6.8</ele>
    <time>2026-10-04T17:56:40Z</time>
   </trkpt>
   <trkpt lat="51.4867180" lon="-0.1246880">
    <ele>6.7</ele>
    <time>2026-10-04T17:56:41Z</time>
   </trkpt>
   <trkpt lat="51.4866940" lon="-0.1245970">
    <ele>6.6</ele>
    <time>2026-10-04T17:56:42Z</time>
   </trkpt>
   <trkpt lat="51.4866700" lon="-0.1245070">
    <ele>6.5</ele>
    <time>2026-10-04T17:56:43Z</time>
   </trkpt>
   <trkpt lat="51.4866390" lon="-0.1244400">
    <ele>6.3</ele>
    <time>2026-10-04T17:56:44Z</time>
   </trkpt>
   <trkpt lat="51.4866150" lon="-0.1243810">
    <ele>6.2</ele>
    <time>2026-10-04T17:56:45Z</time>
   </trkpt>
   <trkpt lat="51.4866030" lon="-0.1243390">
    <ele>6.2</ele>
    <time>2026-10-04T17:56:46Z</time>
   </trkpt>
   <trkpt lat="51.4866030" lon="-0.1243390">
    <ele>6.2</ele>
    <time>2026-10-04T17:56:47Z</time>
   </trkpt>
   <trkpt lat="51.4865980" lon="-0.1243390">
    <ele>6.2</ele>
    <time>2026-10-04T17:56:48Z</time>
   </trkpt>
   <trkpt lat="51.4865980" lon="-0.1243390">
    <ele>6.2</ele>
    <time>2026-10-04T17:56:49Z</time>
   </trkpt>
   <trkpt lat="51.4865980" lon="-0.1243390">
    <ele>6.2</ele>
    <time>2026-10-04T17:56:50Z</time>
   </trkpt>
   <trkpt lat="51.4865980" lon="-0.1243390">
    <ele>6.2</ele>
    <time>2026-10-04T17:56:51Z</time>
   </trkpt>
   <trkpt lat="51.4865930" lon="-0.1243390">
    <ele>6.2</ele>
    <time>2026-10-04T17:56:52Z</time>
   </trkpt>
   <trkpt lat="51.4865920" lon="-0.1243390">
    <ele>6.2</ele>
    <time>2026-10-04T17:56:53Z</time>
   </trkpt>
   <trkpt lat="51.4865910" lon="-0.1243390">
    <ele>6.1</ele>
    <time>2026-10-04T17:56:54Z</time>
   </trkpt>
   <trkpt lat="51.4865910" lon="-0.1243390">
    <ele>6.1</ele>
    <time>2026-10-04T17:56:55Z</time>
   </trkpt>
   <trkpt lat="51.4865900" lon="-0.1243390">
    <ele>6.1</ele>
    <time>2026-10-04T17:56:56Z</time>
   </trkpt>
   <trkpt lat="51.4865890" lon="-0.1243390">
    <ele>6.1</ele>
    <time>2026-10-04T17:56:57Z</time>
   </trkpt>
   <trkpt lat="51.4865890" lon="-0.1243390">
    <ele>6.1</ele>
    <time>2026-10-04T17:56:58Z</time>
   </trkpt>
   <trkpt lat="51.4865880" lon="-0.1243380">
    <ele>6.1</ele>
    <time>2026-10-04T17:56:59Z</time>
   </trkpt>
   <trkpt lat="51.4865750" lon="-0.1243380">
    <ele>6.1</ele>
    <time>2026-10-04T17:57:19Z</time>
   </trkpt>
   <trkpt lat="51.4865740" lon="-0.1243380">
    <ele>6.1</ele>
    <time>2026-10-04T17:57:20Z</time>
   </trkpt>
   <trkpt lat="51.4865560" lon="-0.1243590">
    <ele>6.1</ele>
    <time>2026-10-04T17:57:21Z</time>
   </trkpt>
   <trkpt lat="51.4865450" lon="-0.1243730">
    <ele>6.1</ele>
    <time>2026-10-04T17:57:22Z</time>
   </trkpt>
   <trkpt lat="51.4865210" lon="-0.1243820">
    <ele>6.1</ele>
    <time>2026-10-04T17:57:23Z</time>
   </trkpt>
   <trkpt lat="51.4864980" lon="-0.1243940">
    <ele>6.1</ele>
    <time>2026-10-04T17:57:24Z</time>
   </trkpt>
   <trkpt lat="51.4864820" lon="-0.1244040">
    <ele>6.1</ele>
    <time>2026-10-04T17:57:25Z</time>
   </trkpt>
   <trkpt lat="51.4864740" lon="-0.1244180">
    <ele>6.1</ele>
    <time>2026-10-04T17:57:26Z</time>
   </trkpt>
   <trkpt lat="51.4864650" lon="-0.1244330">
    <ele>6.1</ele>
    <time>2026-10-04T17:57:27Z</time>
   </trkpt>
   <trkpt lat="51.4864730" lon="-0.1244270">
    <ele>6.1</ele>
    <time>2026-10-04T17:57:28Z</time>
   </trkpt>
   <trkpt lat="51.4864620" lon="-0.1244320">
    <ele>6.1</ele>
    <time>2026-10-04T17:57:29Z</time>
   </trkpt>
   <trkpt lat="51.4864540" lon="-0.1244270">
    <ele>6.1</ele>
    <time>2026-10-04T17:57:30Z</time>
   </trkpt>
   <trkpt lat="51.4864480" lon="-0.1244170">
    <ele>6.1</ele>
    <time>2026-10-04T17:57:31Z</time>
   </trkpt>
   <trkpt lat="51.4864390" lon="-0.1244330">
    <ele>6.1</ele>
    <time>2026-10-04T17:57:32Z</time>
   </trkpt>
   <trkpt lat="51.4864320" lon="-0.1244640">
    <ele>6.1</ele>
    <time>2026-10-04T17:57:33Z</time>
   </trkpt>
   <trkpt lat="51.4864190" lon="-0.1244730">
    <ele>6.1</ele>
    <time>2026-10-04T17:57:34Z</time>
   </trkpt>
   <trkpt lat="51.4864070" lon="-0.1244690">
    <ele>6.1</ele>
    <time>2026-10-04T17:57:35Z</time>
   </trkpt>
   <trkpt lat="51.4863950" lon="-0.1244420">
    <ele>6.0</ele>
    <time>2026-10-04T17:57:36Z</time>
   </trkpt>
   <trkpt lat="51.4863810" lon="-0.1244180">
    <ele>5.9</ele>
    <time>2026-10-04T17:57:37Z</time>
   </trkpt>
   <trkpt lat="51.4863720" lon="-0.1243990">
    <ele>5.8</ele>
    <time>2026-10-04T17:57:38Z</time>
   </trkpt>
   <trkpt lat="51.4863630" lon="-0.1243750">
    <ele>5.8</ele>
    <time>2026-10-04T17:57:39Z</time>
   </trkpt>
   <trkpt lat="51.4863510" lon="-0.1243350">
    <ele>5.7</ele>
    <time>2026-10-04T17:57:40Z</time>
   </trkpt>
   <trkpt lat="51.4863520" lon="-0.1243040">
    <ele>5.7</ele>
    <time>2026-10-04T17:57:41Z</time>
   </trkpt>
   <trkpt lat="51.4863350" lon="-0.1242930">
    <ele>5.7</ele>
    <time>2026-10-04T17:57:42Z</time>
   </trkpt>
   <trkpt lat="51.4863220" lon="-0.1242710">
    <ele>5.6</ele>
    <time>2026-10-04T17:57:43Z</time>
   </trkpt>
   <trkpt lat="51.4863120" lon="-0.1242710">
    <ele>5.6</ele>
    <time>2026-10-04T17:57:44Z</time>
   </trkpt>
   <trkpt lat="51.4863030" lon="-0.1242670">
    <ele>5.6</ele>
    <time>2026-10-04T17:57:45Z</time>
   </trkpt>
   <trkpt lat="51.4862950" lon="-0.1242570">
    <ele>5.6</ele>
    <time>2026-10-04T17:57:46Z</time>
   </trkpt>
   <trkpt lat="51.4862890" lon="-0.1242490">
    <ele>5.6</ele>
    <time>2026-10-04T17:57:47Z</time>
   </trkpt>
   <trkpt lat="51.4862860" lon="-0.1242560">
    <ele>5.6</ele>
    <time>2026-10-04T17:57:48Z</time>
   </trkpt>
   <trkpt lat="51.4862800" lon="-0.1242420">
    <ele>5.6</ele>
    <time>2026-10-04T17:57:49Z</time>
   </trkpt>
   <trkpt lat="51.4862810" lon="-0.1242410">
    <ele>5.6</ele>
    <time>2026-10-04T17:57:50Z</time>
   </trkpt>
   <trkpt lat="51.4862810" lon="-0.1242390">
    <ele>5.6</ele>
    <time>2026-10-04T17:57:51Z</time>
   </trkpt>
   <trkpt lat="51.4862790" lon="-0.1242350">
    <ele>5.6</ele>
    <time>2026-10-04T17:57:52Z</time>
   </trkpt>
   <trkpt lat="51.4862790" lon="-0.1242340">
    <ele>5.6</ele>
    <time>2026-10-04T17:57:53Z</time>
   </trkpt>
   <trkpt lat="51.4862780" lon="-0.1242310">
    <ele>5.6</ele>
    <time>2026-10-04T17:57:54Z</time>
   </trkpt>
   <trkpt lat="51.4862790" lon="-0.1242280">
    <ele>5.6</ele>
    <time>2026-10-04T17:57:55Z</time>
   </trkpt>
   <trkpt lat="51.4862780" lon="-0.1242280">
    <ele>5.6</ele>
    <time>2026-10-04T17:57:56Z</time>
   </trkpt>
   <trkpt lat="51.4862790" lon="-0.1242290">
    <ele>5.6</ele>
    <time>2026-10-04T17:57:57Z</time>
   </trkpt>
   <trkpt lat="51.4862780" lon="-0.1242280">
    <ele>5.6</ele>
    <time>2026-10-04T17:57:58Z</time>
   </trkpt>
   <trkpt lat="51.4862770" lon="-0.1242280">
    <ele>5.6</ele>
    <time>2026-10-04T17:57:59Z</time>
   </trkpt>
   <trkpt lat="51.4862550" lon="-0.1241630">
    <ele>5.5</ele>
    <time>2026-10-04T17:58:04Z</time>
   </trkpt>
   <trkpt lat="51.4862520" lon="-0.1241460">
    <ele>5.5</ele>
    <time>2026-10-04T17:58:05Z</time>
   </trkpt>
   <trkpt lat="51.4862540" lon="-0.1241360">
    <ele>5.5</ele>
    <time>2026-10-04T17:58:06Z</time>
   </trkpt>
   <trkpt lat="51.4862600" lon="-0.1241290">
    <ele>5.5</ele>
    <time>2026-10-04T17:58:07Z</time>
   </trkpt>
   <trkpt lat="51.4862610" lon="-0.1240980">
    <ele>5.5</ele>
    <time>2026-10-04T17:58:08Z</time>
   </trkpt>
   <trkpt lat="51.4862550" lon="-0.1240860">
    <ele>5.5</ele>
    <time>2026-10-04T17:58:09Z</time>
   </trkpt>
   <trkpt lat="51.4862540" lon="-0.1240840">
    <ele>5.5</ele>
    <time>2026-10-04T17:58:10Z</time>
   </trkpt>
   <trkpt lat="51.4862510" lon="-0.1240780">
    <ele>5.5</ele>
    <time>2026-10-04T17:58:11Z</time>
   </trkpt>
   <trkpt lat="51.4862490" lon="-0.1240680">
    <ele>5.5</ele>
    <time>2026-10-04T17:58:12Z</time>
   </trkpt>
   <trkpt lat="51.4862420" lon="-0.1240530">
    <ele>5.5</ele>
    <time>2026-10-04T17:58:13Z</time>
   </trkpt>
   <trkpt lat="51.4862270" lon="-0.1240260">
    <ele>5.5</ele>
    <time>2026-10-04T17:58:14Z</time>
   </trkpt>
   <trkpt lat="51.4862130" lon="-0.1239990">
    <ele>5.5</ele>
    <time>2026-10-04T17:58:15Z</time>
   </trkpt>
   <trkpt lat="51.4861990" lon="-0.1239620">
    <ele>5.5</ele>
    <time>2026-10-04T17:58:16Z</time>
   </trkpt>
   <trkpt lat="51.4861900" lon="-0.1239330">
    <ele>5.5</ele>
    <time>2026-10-04T17:58:17Z</time>
   </trkpt>
   <trkpt lat="51.4861800" lon="-0.1238960">
    <ele>5.5</ele>
    <time>2026-10-04T17:58:18Z</time>
   </trkpt>
   <trkpt lat="51.4861650" lon="-0.1238940">
    <ele>5.5</ele>
    <time>2026-10-04T17:58:19Z</time>
   </trkpt>
   <trkpt lat="51.4861470" lon="-0.1238400">
    <ele>5.6</ele>
    <time>2026-10-04T17:58:20Z</time>
   </trkpt>
   <trkpt lat="51.4861280" lon="-0.1238140">
    <ele>5.6</ele>
    <time>2026-10-04T17:58:21Z</time>
   </trkpt>
   <trkpt lat="51.4861130" lon="-0.1238080">
    <ele>5.6</ele>
    <time>2026-10-04T17:58:22Z</time>
   </trkpt>
   <trkpt lat="51.4860830" lon="-0.1237480">
    <ele>5.6</ele>
    <time>2026-10-04T17:58:23Z</time>
   </trkpt>
   <trkpt lat="51.4860780" lon="-0.1237440">
    <ele>5.6</ele>
    <time>2026-10-04T17:58:24Z</time>
   </trkpt>
   <trkpt lat="51.4860700" lon="-0.1237650">
    <ele>5.6</ele>
    <time>2026-10-04T17:58:25Z</time>
   </trkpt>
   <trkpt lat="51.4860760" lon="-0.1237870">
    <ele>5.5</ele>
    <time>2026-10-04T17:58:26Z</time>
   </trkpt>
   <trkpt lat="51.4860500" lon="-0.1238200">
    <ele>5.5</ele>
    <time>2026-10-04T17:58:27Z</time>
   </trkpt>
   <trkpt lat="51.4860300" lon="-0.1238160">
    <ele>5.5</ele>
    <time>2026-10-04T17:58:28Z</time>
   </trkpt>
   <trkpt lat="51.4860090" lon="-0.1238190">
    <ele>5.5</ele>
    <time>2026-10-04T17:58:29Z</time>
   </trkpt>
   <trkpt lat="51.4859820" lon="-0.1238290">
    <ele>5.5</ele>
    <time>2026-10-04T17:58:30Z</time>
   </trkpt>
   <trkpt lat="51.4859560" lon="-0.1238370">
    <ele>5.5</ele>
    <time>2026-10-04T17:58:32Z</time>
   </trkpt>
   <trkpt lat="51.4859330" lon="-0.1238270">
    <ele>5.4</ele>
    <time>2026-10-04T17:58:33Z</time>
   </trkpt>
   <trkpt lat="51.4859140" lon="-0.1238220">
    <ele>5.4</ele>
    <time>2026-10-04T17:58:34Z</time>
   </trkpt>
   <trkpt lat="51.4858900" lon="-0.1238480">
    <ele>5.4</ele>
    <time>2026-10-04T17:58:35Z</time>
   </trkpt>
   <trkpt lat="51.4858640" lon="-0.1238660">
    <ele>5.4</ele>
    <time>2026-10-04T17:58:36Z</time>
   </trkpt>
   <trkpt lat="51.4858410" lon="-0.1238940">
    <ele>5.4</ele>
    <time>2026-10-04T17:58:37Z</time>
   </trkpt>
   <trkpt lat="51.4858270" lon="-0.1239190">
    <ele>5.3</ele>
    <time>2026-10-04T17:58:38Z</time>
   </trkpt>
   <trkpt lat="51.4858070" lon="-0.1239200">
    <ele>5.3</ele>
    <time>2026-10-04T17:58:39Z</time>
   </trkpt>
   <trkpt lat="51.4857950" lon="-0.1239160">
    <ele>5.3</ele>
    <time>2026-10-04T17:58:40Z</time>
   </trkpt>
   <trkpt lat="51.4857810" lon="-0.1238940">
    <ele>5.1</ele>
    <time>2026-10-04T17:58:41Z</time>
   </trkpt>
   <trkpt lat="51.4857780" lon="-0.1238700">
    <ele>5.1</ele>
    <time>2026-10-04T17:58:42Z</time>
   </trkpt>
   <trkpt lat="51.4857760" lon="-0.1238570">
    <ele>5.1</ele>
    <time>2026-10-04T17:58:43Z</time>
   </trkpt>
   <trkpt lat="51.4857730" lon="-0.1238420">
    <ele>5.1</ele>
    <time>2026-10-04T17:58:44Z</time>
   </trkpt>
   <trkpt lat="51.4857640" lon="-0.1238300">
    <ele>5.1</ele>
    <time>2026-10-04T17:58:45Z</time>
   </trkpt>
   <trkpt lat="51.4857600" lon="-0.1238170">
    <ele>5.1</ele>
    <time>2026-10-04T17:58:46Z</time>
   </trkpt>
   <trkpt lat="51.4857570" lon="-0.1238100">
    <ele>5.1</ele>
    <time>2026-10-04T17:58:47Z</time>
   </trkpt>
   <trkpt lat="51.4857540" lon="-0.1238070">
    <ele>5.1</ele>
    <time>2026-10-04T17:58:48Z</time>
   </trkpt>
   <trkpt lat="51.4857470" lon="-0.1237840">
    <ele>5.1</ele>
    <time>2026-10-04T17:58:49Z</time>
   </trkpt>
   <trkpt lat="51.4857420" lon="-0.1237810">
    <ele>5.1</ele>
    <time>2026-10-04T17:58:50Z</time>
   </trkpt>
   <trkpt lat="51.4857390" lon="-0.1237760">
    <ele>5.0</ele>
    <time>2026-10-04T17:58:51Z</time>
   </trkpt>
   <trkpt lat="51.4857400" lon="-0.1237690">
    <ele>5.1</ele>
    <time>2026-10-04T17:58:52Z</time>
   </trkpt>
   <trkpt lat="51.4857400" lon="-0.1237690">
    <ele>5.1</ele>
    <time>2026-10-04T17:58:53Z</time>
   </trkpt>
   <trkpt lat="51.4857410" lon="-0.1237670">
    <ele>5.1</ele>
    <time>2026-10-04T17:58:54Z</time>
   </trkpt>
   <trkpt lat="51.4857000" lon="-0.1238170">
    <ele>5.0</ele>
    <time>2026-10-04T17:59:14Z</time>
   </trkpt>
   <trkpt lat="51.4856950" lon="-0.1238280">
    <ele>5.0</ele>
    <time>2026-10-04T17:59:15Z</time>
   </trkpt>
   <trkpt lat="51.4856890" lon="-0.1238370">
    <ele>5.0</ele>
    <time>2026-10-04T17:59:16Z</time>
   </trkpt>
   <trkpt lat="51.4856850" lon="-0.1238590">
    <ele>5.0</ele>
    <time>2026-10-04T17:59:17Z</time>
   </trkpt>
   <trkpt lat="51.4856810" lon="-0.1238690">
    <ele>5.0</ele>
    <time>2026-10-04T17:59:18Z</time>
   </trkpt>
   <trkpt lat="51.4856740" lon="-0.1238820">
    <ele>5.0</ele>
    <time>2026-10-04T17:59:19Z</time>
   </trkpt>
   <trkpt lat="51.4856660" lon="-0.1238910">
    <ele>5.0</ele>
    <time>2026-10-04T17:59:20Z</time>
   </trkpt>
   <trkpt lat="51.4856650" lon="-0.1238920">
    <ele>5.0</ele>
    <time>2026-10-04T17:59:21Z</time>
   </trkpt>
   <trkpt lat="51.4856600" lon="-0.1239030">
    <ele>5.0</ele>
    <time>2026-10-04T17:59:22Z</time>
   </trkpt>
   <trkpt lat="51.4856540" lon="-0.1239070">
    <ele>4.9</ele>
    <time>2026-10-04T17:59:23Z</time>
   </trkpt>
   <trkpt lat="51.4856340" lon="-0.1239070">
    <ele>4.9</ele>
    <time>2026-10-04T17:59:24Z</time>
   </trkpt>
   <trkpt lat="51.4856090" lon="-0.1239080">
    <ele>4.8</ele>
    <time>2026-10-04T17:59:25Z</time>
   </trkpt>
   <trkpt lat="51.4855830" lon="-0.1238920">
    <ele>4.4</ele>
    <time>2026-10-04T17:59:26Z</time>
   </trkpt>
   <trkpt lat="51.4855610" lon="-0.1238980">
    <ele>4.1</ele>
    <time>2026-10-04T17:59:27Z</time>
   </trkpt>
   <trkpt lat="51.4855560" lon="-0.1238910">
    <ele>3.8</ele>
    <time>2026-10-04T17:59:28Z</time>
   </trkpt>
   <trkpt lat="51.4855620" lon="-0.1239030">
    <ele>4.1</ele>
    <time>2026-10-04T17:59:29Z</time>
   </trkpt>
   <trkpt lat="51.4855460" lon="-0.1238890">
    <ele>3.0</ele>
    <time>2026-10-04T17:59:30Z</time>
   </trkpt>
   <trkpt lat="51.4855370" lon="-0.1238850">
    <ele>3.0</ele>
    <time>2026-10-04T17:59:31Z</time>
   </trkpt>
   <trkpt lat="51.4855250" lon="-0.1238700">
    <ele>2.3</ele>
    <time>2026-10-04T17:59:32Z</time>
   </trkpt>
   <trkpt lat="51.4855140" lon="-0.1238730">
    <ele>2.3</ele>
    <time>2026-10-04T17:59:33Z</time>
   </trkpt>
   <trkpt lat="51.4855050" lon="-0.1238810">
    <ele>2.3</ele>
    <time>2026-10-04T17:59:34Z</time>
   </trkpt>
   <trkpt lat="51.4855090" lon="-0.1239060">
    <ele>3.0</ele>
    <time>2026-10-04T17:59:35Z</time>
   </trkpt>
   <trkpt lat="51.4854980" lon="-0.1239140">
    <ele>2.4</ele>
    <time>2026-10-04T17:59:36Z</time>
   </trkpt>
   <trkpt lat="51.4854850" lon="-0.1239070">
    <ele>2.4</ele>
    <time>2026-10-04T17:59:37Z</time>
   </trkpt>
   <trkpt lat="51.4854730" lon="-0.1239020">
    <ele>2.4</ele>
    <time>2026-10-04T17:59:38Z</time>
   </trkpt>
   <trkpt lat="51.4854580" lon="-0.1238980">
    <ele>2.0</ele>
    <time>2026-10-04T17:59:39Z</time>
   </trkpt>
   <trkpt lat="51.4854470" lon="-0.1238950">
    <ele>1.3</ele>
    <time>2026-10-04T17:59:40Z</time>
   </trkpt>
   <trkpt lat="51.4854350" lon="-0.1238960">
    <ele>1.2</ele>
    <time>2026-10-04T17:59:41Z</time>
   </trkpt>
   <trkpt lat="51.4854210" lon="-0.1238950">
    <ele>1.2</ele>
    <time>2026-10-04T17:59:42Z</time>
   </trkpt>
   <trkpt lat="51.4854100" lon="-0.1238950">
    <ele>1.3</ele>
    <time>2026-10-04T17:59:43Z</time>
   </trkpt>
   <trkpt lat="51.4854030" lon="-0.1238950">
    <ele>1.3</ele>
    <time>2026-10-04T17:59:44Z</time>
   </trkpt>
   <trkpt lat="51.4853960" lon="-0.1238960">
    <ele>1.3</ele>
    <time>2026-10-04T17:59:45Z</time>
   </trkpt>
   <trkpt lat="51.4853950" lon="-0.1238990">
    <ele>1.8</ele>
    <time>2026-10-04T17:59:46Z</time>
   </trkpt>
   <trkpt lat="51.4854010" lon="-0.1239190">
    <ele>1.8</ele>
    <time>2026-10-04T17:59:47Z</time>
   </trkpt>
   <trkpt lat="51.4853970" lon="-0.1239270">
    <ele>1.8</ele>
    <time>2026-10-04T17:59:48Z</time>
   </trkpt>
   <trkpt lat="51.4853820" lon="-0.1239290">
    <ele>2.1</ele>
    <time>2026-10-04T17:59:49Z</time>
   </trkpt>
   <trkpt lat="51.4853670" lon="-0.1239310">
    <ele>2.1</ele>
    <time>2026-10-04T17:59:50Z</time>
   </trkpt>
   <trkpt lat="51.4853460" lon="-0.1239340">
    <ele>2.7</ele>
    <time>2026-10-04T17:59:51Z</time>
   </trkpt>
   <trkpt lat="51.4853250" lon="-0.1239540">
    <ele>3.7</ele>
    <time>2026-10-04T17:59:52Z</time>
   </trkpt>
   <trkpt lat="51.4853690" lon="-0.1237910">
    <ele>1.6</ele>
    <time>2026-10-04T17:59:54Z</time>
   </trkpt>
   <trkpt lat="51.4855100" lon="-0.1240320">
    <ele>4.6</ele>
    <time>2026-10-04T18:06:02Z</time>
   </trkpt>
   <trkpt lat="51.4855110" lon="-0.1240320">
    <ele>4.6</ele>
    <time>2026-10-04T18:06:03Z</time>
   </trkpt>
   <trkpt lat="51.4855110" lon="-0.1240330">
    <ele>4.6</ele>
    <time>2026-10-04T18:06:04Z</time>
   </trkpt>
   <trkpt lat="51.4855140" lon="-0.1239530">
    <ele>3.6</ele>
    <time>2026-10-04T18:06:05Z</time>
   </trkpt>
   <trkpt lat="51.4855190" lon="-0.1239420">
    <ele>3.6</ele>
    <time>2026-10-04T18:06:06Z</time>
   </trkpt>
   <trkpt lat="51.4855240" lon="-0.1239320">
    <ele>2.9</ele>
    <time>2026-10-04T18:06:07Z</time>
   </trkpt>
   <trkpt lat="51.4855290" lon="-0.1239210">
    <ele>3.5</ele>
    <time>2026-10-04T18:06:08Z</time>
   </trkpt>
   <trkpt lat="51.4855410" lon="-0.1238960">
    <ele>3.0</ele>
    <time>2026-10-04T18:06:09Z</time>
   </trkpt>
   <trkpt lat="51.4855530" lon="-0.1238710">
    <ele>3.7</ele>
    <time>2026-10-04T18:06:10Z</time>
   </trkpt>
   <trkpt lat="51.4855620" lon="-0.1238730">
    <ele>3.7</ele>
    <time>2026-10-04T18:06:11Z</time>
   </trkpt>
   <trkpt lat="51.4855590" lon="-0.1238710">
    <ele>3.7</ele>
    <time>2026-10-04T18:06:12Z</time>
   </trkpt>
   <trkpt lat="51.4855580" lon="-0.1238700">
    <ele>3.7</ele>
    <time>2026-10-04T18:06:13Z</time>
   </trkpt>
   <trkpt lat="51.4855730" lon="-0.1238620">
    <ele>3.7</ele>
    <time>2026-10-04T18:06:14Z</time>
   </trkpt>
   <trkpt lat="51.4855850" lon="-0.1238790">
    <ele>4.4</ele>
    <time>2026-10-04T18:06:15Z</time>
   </trkpt>
   <trkpt lat="51.4855790" lon="-0.1238840">
    <ele>4.3</ele>
    <time>2026-10-04T18:06:16Z</time>
   </trkpt>
   <trkpt lat="51.4855840" lon="-0.1238860">
    <ele>4.3</ele>
    <time>2026-10-04T18:06:17Z</time>
   </trkpt>
   <trkpt lat="51.4855910" lon="-0.1238870">
    <ele>4.3</ele>
    <time>2026-10-04T18:06:18Z</time>
   </trkpt>
   <trkpt lat="51.4856170" lon="-0.1239050">
    <ele>4.8</ele>
    <time>2026-10-04T18:06:19Z</time>
   </trkpt>
   <trkpt lat="51.4856530" lon="-0.1239190">
    <ele>4.9</ele>
    <time>2026-10-04T18:06:20Z</time>
   </trkpt>
   <trkpt lat="51.4856380" lon="-0.1239050">
    <ele>4.9</ele>
    <time>2026-10-04T18:06:21Z</time>
   </trkpt>
   <trkpt lat="51.4856500" lon="-0.1239070">
    <ele>4.9</ele>
    <time>2026-10-04T18:06:22Z</time>
   </trkpt>
   <trkpt lat="51.4856540" lon="-0.1239000">
    <ele>4.9</ele>
    <time>2026-10-04T18:06:23Z</time>
   </trkpt>
   <trkpt lat="51.4856560" lon="-0.1239050">
    <ele>4.9</ele>
    <time>2026-10-04T18:06:24Z</time>
   </trkpt>
   <trkpt lat="51.4856490" lon="-0.1238870">
    <ele>4.9</ele>
    <time>2026-10-04T18:06:25Z</time>
   </trkpt>
   <trkpt lat="51.4856500" lon="-0.1238680">
    <ele>4.9</ele>
    <time>2026-10-04T18:06:26Z</time>
   </trkpt>
   <trkpt lat="51.4856610" lon="-0.1238470">
    <ele>4.9</ele>
    <time>2026-10-04T18:06:27Z</time>
   </trkpt>
   <trkpt lat="51.4856770" lon="-0.1238290">
    <ele>4.9</ele>
    <time>2026-10-04T18:06:28Z</time>
   </trkpt>
   <trkpt lat="51.4856990" lon="-0.1238100">
    <ele>4.9</ele>
    <time>2026-10-04T18:06:29Z</time>
   </trkpt>
   <trkpt lat="51.4857130" lon="-0.1238240">
    <ele>4.9</ele>
    <time>2026-10-04T18:06:30Z</time>
   </trkpt>
   <trkpt lat="51.4857390" lon="-0.1238230">
    <ele>4.9</ele>
    <time>2026-10-04T18:06:31Z</time>
   </trkpt>
   <trkpt lat="51.4857260" lon="-0.1237930">
    <ele>5.0</ele>
    <time>2026-10-04T18:06:32Z</time>
   </trkpt>
   <trkpt lat="51.4857330" lon="-0.1237830">
    <ele>5.0</ele>
    <time>2026-10-04T18:06:33Z</time>
   </trkpt>
   <trkpt lat="51.4857300" lon="-0.1237780">
    <ele>5.0</ele>
    <time>2026-10-04T18:06:34Z</time>
   </trkpt>
   <trkpt lat="51.4857270" lon="-0.1237730">
    <ele>5.0</ele>
    <time>2026-10-04T18:06:35Z</time>
   </trkpt>
   <trkpt lat="51.4857310" lon="-0.1237760">
    <ele>5.0</ele>
    <time>2026-10-04T18:06:36Z</time>
   </trkpt>
   <trkpt lat="51.4857240" lon="-0.1237740">
    <ele>5.0</ele>
    <time>2026-10-04T18:06:37Z</time>
   </trkpt>
   <trkpt lat="51.4857170" lon="-0.1237680">
    <ele>5.0</ele>
    <time>2026-10-04T18:06:38Z</time>
   </trkpt>
   <trkpt lat="51.4857160" lon="-0.1237680">
    <ele>5.0</ele>
    <time>2026-10-04T18:06:39Z</time>
   </trkpt>
   <trkpt lat="51.4857160" lon="-0.1237680">
    <ele>5.0</ele>
    <time>2026-10-04T18:06:40Z</time>
   </trkpt>
   <trkpt lat="51.4857160" lon="-0.1237680">
    <ele>4.9</ele>
    <time>2026-10-04T18:06:41Z</time>
   </trkpt>
   <trkpt lat="51.4857110" lon="-0.1237580">
    <ele>5.0</ele>
    <time>2026-10-04T18:06:42Z</time>
   </trkpt>
   <trkpt lat="51.4857100" lon="-0.1237580">
    <ele>5.0</ele>
    <time>2026-10-04T18:06:43Z</time>
   </trkpt>
   <trkpt lat="51.4857340" lon="-0.1236980">
    <ele>5.0</ele>
    <time>2026-10-04T18:06:53Z</time>
   </trkpt>
   <trkpt lat="51.4857420" lon="-0.1236610">
    <ele>5.1</ele>
    <time>2026-10-04T18:06:54Z</time>
   </trkpt>
   <trkpt lat="51.4857480" lon="-0.1236570">
    <ele>5.1</ele>
    <time>2026-10-04T18:06:55Z</time>
   </trkpt>
   <trkpt lat="51.4857490" lon="-0.1236540">
    <ele>5.1</ele>
    <time>2026-10-04T18:06:56Z</time>
   </trkpt>
   <trkpt lat="51.4857540" lon="-0.1236330">
    <ele>5.1</ele>
    <time>2026-10-04T18:06:57Z</time>
   </trkpt>
   <trkpt lat="51.4857520" lon="-0.1236160">
    <ele>5.1</ele>
    <time>2026-10-04T18:06:58Z</time>
   </trkpt>
   <trkpt lat="51.4857430" lon="-0.1236000">
    <ele>5.1</ele>
    <time>2026-10-04T18:06:59Z</time>
   </trkpt>
   <trkpt lat="51.4857400" lon="-0.1235790">
    <ele>5.2</ele>
    <time>2026-10-04T18:07:00Z</time>
   </trkpt>
   <trkpt lat="51.4857370" lon="-0.1235610">
    <ele>5.2</ele>
    <time>2026-10-04T18:07:01Z</time>
   </trkpt>
   <trkpt lat="51.4857380" lon="-0.1235420">
    <ele>5.2</ele>
    <time>2026-10-04T18:07:02Z</time>
   </trkpt>
   <trkpt lat="51.4857380" lon="-0.1235240">
    <ele>5.2</ele>
    <time>2026-10-04T18:07:03Z</time>
   </trkpt>
   <trkpt lat="51.4857390" lon="-0.1235320">
    <ele>5.2</ele>
    <time>2026-10-04T18:07:04Z</time>
   </trkpt>
   <trkpt lat="51.4857380" lon="-0.1235330">
    <ele>5.2</ele>
    <time>2026-10-04T18:07:05Z</time>
   </trkpt>
   <trkpt lat="51.4857350" lon="-0.1235400">
    <ele>5.2</ele>
    <time>2026-10-04T18:07:06Z</time>
   </trkpt>
   <trkpt lat="51.4857250" lon="-0.1235420">
    <ele>5.2</ele>
    <time>2026-10-04T18:07:07Z</time>
   </trkpt>
   <trkpt lat="51.4857440" lon="-0.1235200">
    <ele>5.2</ele>
    <time>2026-10-04T18:07:08Z</time>
   </trkpt>
   <trkpt lat="51.4857480" lon="-0.1235180">
    <ele>5.2</ele>
    <time>2026-10-04T18:07:09Z</time>
   </trkpt>
   <trkpt lat="51.4857520" lon="-0.1235040">
    <ele>5.3</ele>
    <time>2026-10-04T18:07:10Z</time>
   </trkpt>
   <trkpt lat="51.4857620" lon="-0.1234860">
    <ele>5.3</ele>
    <time>2026-10-04T18:07:11Z</time>
   </trkpt>
   <trkpt lat="51.4857760" lon="-0.1234670">
    <ele>5.4</ele>
    <time>2026-10-04T18:07:12Z</time>
   </trkpt>
   <trkpt lat="51.4857910" lon="-0.1234560">
    <ele>5.4</ele>
    <time>2026-10-04T18:07:13Z</time>
   </trkpt>
   <trkpt lat="51.4857980" lon="-0.1234430">
    <ele>5.4</ele>
    <time>2026-10-04T18:07:14Z</time>
   </trkpt>
   <trkpt lat="51.4858070" lon="-0.1234260">
    <ele>5.4</ele>
    <time>2026-10-04T18:07:15Z</time>
   </trkpt>
   <trkpt lat="51.4858250" lon="-0.1234090">
    <ele>5.5</ele>
    <time>2026-10-04T18:07:16Z</time>
   </trkpt>
   <trkpt lat="51.4858340" lon="-0.1234060">
    <ele>5.5</ele>
    <time>2026-10-04T18:07:17Z</time>
   </trkpt>
   <trkpt lat="51.4858390" lon="-0.1233940">
    <ele>5.5</ele>
    <time>2026-10-04T18:07:18Z</time>
   </trkpt>
   <trkpt lat="51.4858460" lon="-0.1233850">
    <ele>5.5</ele>
    <time>2026-10-04T18:07:19Z</time>
   </trkpt>
   <trkpt lat="51.4858560" lon="-0.1233770">
    <ele>5.6</ele>
    <time>2026-10-04T18:07:20Z</time>
   </trkpt>
   <trkpt lat="51.4858630" lon="-0.1233700">
    <ele>5.6</ele>
    <time>2026-10-04T18:07:21Z</time>
   </trkpt>
   <trkpt lat="51.4858770" lon="-0.1233660">
    <ele>5.6</ele>
    <time>2026-10-04T18:07:22Z</time>
   </trkpt>
   <trkpt lat="51.4858840" lon="-0.1233500">
    <ele>5.6</ele>
    <time>2026-10-04T18:07:23Z</time>
   </trkpt>
   <trkpt lat="51.4858900" lon="-0.1233440">
    <ele>5.6</ele>
    <time>2026-10-04T18:07:24Z</time>
   </trkpt>
   <trkpt lat="51.4859030" lon="-0.1233330">
    <ele>5.6</ele>
    <time>2026-10-04T18:07:25Z</time>
   </trkpt>
   <trkpt lat="51.4859050" lon="-0.1233250">
    <ele>5.6</ele>
    <time>2026-10-04T18:07:26Z</time>
   </trkpt>
   <trkpt lat="51.4859150" lon="-0.1233150">
    <ele>5.6</ele>
    <time>2026-10-04T18:07:27Z</time>
   </trkpt>
   <trkpt lat="51.4859150" lon="-0.1233080">
    <ele>5.6</ele>
    <time>2026-10-04T18:07:28Z</time>
   </trkpt>
   <trkpt lat="51.4859220" lon="-0.1232910">
    <ele>5.7</ele>
    <time>2026-10-04T18:07:29Z</time>
   </trkpt>
   <trkpt lat="51.4859290" lon="-0.1232740">
    <ele>5.5</ele>
    <time>2026-10-04T18:07:30Z</time>
   </trkpt>
   <trkpt lat="51.4859360" lon="-0.1232620">
    <ele>5.5</ele>
    <time>2026-10-04T18:07:31Z</time>
   </trkpt>
   <trkpt lat="51.4859440" lon="-0.1232520">
    <ele>5.5</ele>
    <time>2026-10-04T18:07:32Z</time>
   </trkpt>
   <trkpt lat="51.4859520" lon="-0.1232420">
    <ele>5.5</ele>
    <time>2026-10-04T18:07:33Z</time>
   </trkpt>
   <trkpt lat="51.4859610" lon="-0.1232400">
    <ele>5.4</ele>
    <time>2026-10-04T18:07:34Z</time>
   </trkpt>
   <trkpt lat="51.4859730" lon="-0.1232280">
    <ele>5.4</ele>
    <time>2026-10-04T18:07:35Z</time>
   </trkpt>
   <trkpt lat="51.4859870" lon="-0.1232160">
    <ele>5.3</ele>
    <time>2026-10-04T18:07:36Z</time>
   </trkpt>
   <trkpt lat="51.4859970" lon="-0.1232020">
    <ele>5.3</ele>
    <time>2026-10-04T18:07:37Z</time>
   </trkpt>
   <trkpt lat="51.4860060" lon="-0.1231890">
    <ele>5.3</ele>
    <time>2026-10-04T18:07:38Z</time>
   </trkpt>
   <trkpt lat="51.4860080" lon="-0.1231870">
    <ele>5.2</ele>
    <time>2026-10-04T18:07:39Z</time>
   </trkpt>
   <trkpt lat="51.4860090" lon="-0.1231840">
    <ele>5.2</ele>
    <time>2026-10-04T18:07:40Z</time>
   </trkpt>
   <trkpt lat="51.4860060" lon="-0.1231760">
    <ele>5.3</ele>
    <time>2026-10-04T18:07:41Z</time>
   </trkpt>
   <trkpt lat="51.4860040" lon="-0.1231780">
    <ele>5.3</ele>
    <time>2026-10-04T18:07:42Z</time>
   </trkpt>
   <trkpt lat="51.4860040" lon="-0.1231780">
    <ele>5.3</ele>
    <time>2026-10-04T18:07:43Z</time>
   </trkpt>
   <trkpt lat="51.4860040" lon="-0.1231780">
    <ele>5.3</ele>
    <time>2026-10-04T18:07:44Z</time>
   </trkpt>
   <trkpt lat="51.4860040" lon="-0.1231780">
    <ele>5.3</ele>
    <time>2026-10-04T18:07:45Z</time>
   </trkpt>
   <trkpt lat="51.4860040" lon="-0.1231780">
    <ele>5.3</ele>
    <time>2026-10-04T18:07:46Z</time>
   </trkpt>
   <trkpt lat="51.4860040" lon="-0.1231780">
    <ele>5.3</ele>
    <time>2026-10-04T18:07:47Z</time>
   </trkpt>
   <trkpt lat="51.4860040" lon="-0.1231780">
    <ele>5.3</ele>
    <time>2026-10-04T18:07:48Z</time>
   </trkpt>
   <trkpt lat="51.4860040" lon="-0.1232980">
    <ele>5.2</ele>
    <time>2026-10-04T18:07:50Z</time>
   </trkpt>
   <trkpt lat="51.4859390" lon="-0.1234450">
    <ele>5.2</ele>
    <time>2026-10-04T18:08:57Z</time>
   </trkpt>
   <trkpt lat="51.4859320" lon="-0.1234620">
    <ele>5.2</ele>
    <time>2026-10-04T18:08:58Z</time>
   </trkpt>
   <trkpt lat="51.4859200" lon="-0.1234870">
    <ele>5.2</ele>
    <time>2026-10-04T18:08:59Z</time>
   </trkpt>
   <trkpt lat="51.4859450" lon="-0.1237490">
    <ele>5.4</ele>
    <time>2026-10-04T18:09:00Z</time>
   </trkpt>
   <trkpt lat="51.4864410" lon="-0.1290270">
    <ele>-2.0</ele>
    <time>2026-10-04T18:09:01Z</time>
   </trkpt>
   <trkpt lat="51.4867020" lon="-0.1317970">
    <ele>5.4</ele>
    <time>2026-10-04T18:09:02Z</time>
   </trkpt>
   <trkpt lat="51.4866930" lon="-0.1318920">
    <ele>5.4</ele>
    <time>2026-10-04T18:09:03Z</time>
   </trkpt>
   <trkpt lat="51.4866830" lon="-0.1319710">
    <ele>5.3</ele>
    <time>2026-10-04T18:09:04Z</time>
   </trkpt>
   <trkpt lat="51.4864930" lon="-0.1315300">
    <ele>5.8</ele>
    <time>2026-10-04T18:09:05Z</time>
   </trkpt>
   <trkpt lat="51.4864350" lon="-0.1308730">
    <ele>-0.4</ele>
    <time>2026-10-04T18:09:06Z</time>
   </trkpt>
   <trkpt lat="51.4864220" lon="-0.1308660">
    <ele>-0.6</ele>
    <time>2026-10-04T18:09:07Z</time>
   </trkpt>
   <trkpt lat="51.4864090" lon="-0.1308840">
    <ele>-0.6</ele>
    <time>2026-10-04T18:09:08Z</time>
   </trkpt>
   <trkpt lat="51.4863970" lon="-0.1309060">
    <ele>-0.6</ele>
    <time>2026-10-04T18:09:09Z</time>
   </trkpt>
   <trkpt lat="51.4863850" lon="-0.1309300">
    <ele>-0.6</ele>
    <time>2026-10-04T18:09:10Z</time>
   </trkpt>
   <trkpt lat="51.4863780" lon="-0.1308950">
    <ele>-0.8</ele>
    <time>2026-10-04T18:09:11Z</time>
   </trkpt>
   <trkpt lat="51.4863710" lon="-0.1308600">
    <ele>-0.9</ele>
    <time>2026-10-04T18:09:12Z</time>
   </trkpt>
   <trkpt lat="51.4863690" lon="-0.1308530">
    <ele>-0.9</ele>
    <time>2026-10-04T18:09:13Z</time>
   </trkpt>
   <trkpt lat="51.4863570" lon="-0.1307910">
    <ele>-1.1</ele>
    <time>2026-10-04T18:09:14Z</time>
   </trkpt>
   <trkpt lat="51.4863510" lon="-0.1307810">
    <ele>-1.3</ele>
    <time>2026-10-04T18:09:15Z</time>
   </trkpt>
   <trkpt lat="51.4863430" lon="-0.1307730">
    <ele>-1.3</ele>
    <time>2026-10-04T18:09:16Z</time>
   </trkpt>
   <trkpt lat="51.4863340" lon="-0.1307760">
    <ele>-1.3</ele>
    <time>2026-10-04T18:09:17Z</time>
   </trkpt>
   <trkpt lat="51.4863340" lon="-0.1307650">
    <ele>-1.3</ele>
    <time>2026-10-04T18:09:18Z</time>
   </trkpt>
   <trkpt lat="51.4863340" lon="-0.1307650">
    <ele>-1.3</ele>
    <time>2026-10-04T18:09:19Z</time>
   </trkpt>
   <trkpt lat="51.4863340" lon="-0.1307650">
    <ele>-1.3</ele>
    <time>2026-10-04T18:09:20Z</time>
   </trkpt>
   <trkpt lat="51.4863340" lon="-0.1307650">
    <ele>-1.3</ele>
    <time>2026-10-04T18:09:21Z</time>
   </trkpt>
   <trkpt lat="51.4863340" lon="-0.1307650">
    <ele>-1.3</ele>
    <time>2026-10-04T18:09:22Z</time>
   </trkpt>
   <trkpt lat="51.4863340" lon="-0.1307650">
    <ele>-1.3</ele>
    <time>2026-10-04T18:09:23Z</time>
   </trkpt>
   <trkpt lat="51.4863340" lon="-0.1307650">
    <ele>-1.3</ele>
    <time>2026-10-04T18:09:24Z</time>
   </trkpt>
   <trkpt lat="51.4859570" lon="-0.1247270">
    <ele>6.4</ele>
    <time>2026-10-04T18:10:05Z</time>
   </trkpt>
   <trkpt lat="51.4859150" lon="-0.1244620">
    <ele>5.2</ele>
    <time>2026-10-04T18:10:06Z</time>
   </trkpt>
   <trkpt lat="51.4858740" lon="-0.1241970">
    <ele>5.3</ele>
    <time>2026-10-04T18:10:07Z</time>
   </trkpt>
   <trkpt lat="51.4858320" lon="-0.1239320">
    <ele>5.2</ele>
    <time>2026-10-04T18:10:08Z</time>
   </trkpt>
   <trkpt lat="51.4858150" lon="-0.1238830">
    <ele>5.0</ele>
    <time>2026-10-04T18:10:09Z</time>
   </trkpt>
   <trkpt lat="51.4857980" lon="-0.1238340">
    <ele>5.0</ele>
    <time>2026-10-04T18:10:10Z</time>
   </trkpt>
   <trkpt lat="51.4857800" lon="-0.1237860">
    <ele>5.0</ele>
    <time>2026-10-04T18:10:11Z</time>
   </trkpt>
   <trkpt lat="51.4857630" lon="-0.1237370">
    <ele>4.9</ele>
    <time>2026-10-04T18:10:12Z</time>
   </trkpt>
   <trkpt lat="51.4857590" lon="-0.1237420">
    <ele>4.9</ele>
    <time>2026-10-04T18:10:13Z</time>
   </trkpt>
   <trkpt lat="51.4857580" lon="-0.1237420">
    <ele>4.9</ele>
    <time>2026-10-04T18:10:14Z</time>
   </trkpt>
   <trkpt lat="51.4857580" lon="-0.1237440">
    <ele>4.9</ele>
    <time>2026-10-04T18:10:15Z</time>
   </trkpt>
   <trkpt lat="51.4857580" lon="-0.1237440">
    <ele>4.9</ele>
    <time>2026-10-04T18:10:16Z</time>
   </trkpt>
   <trkpt lat="51.4857570" lon="-0.1237470">
    <ele>4.9</ele>
    <time>2026-10-04T18:10:17Z</time>
   </trkpt>
   <trkpt lat="51.4857570" lon="-0.1237470">
    <ele>4.9</ele>
    <time>2026-10-04T18:10:18Z</time>
   </trkpt>
   <trkpt lat="51.4857580" lon="-0.1237880">
    <ele>4.9</ele>
    <time>2026-10-04T18:11:09Z</time>
   </trkpt>
   <trkpt lat="51.4857710" lon="-0.1238390">
    <ele>4.9</ele>
    <time>2026-10-04T18:11:10Z</time>
   </trkpt>
   <trkpt lat="51.4857890" lon="-0.1238380">
    <ele>4.9</ele>
    <time>2026-10-04T18:11:11Z</time>
   </trkpt>
   <trkpt lat="51.4857960" lon="-0.1238470">
    <ele>5.0</ele>
    <time>2026-10-04T18:11:12Z</time>
   </trkpt>
   <trkpt lat="51.4857840" lon="-0.1238330">
    <ele>4.9</ele>
    <time>2026-10-04T18:11:13Z</time>
   </trkpt>
   <trkpt lat="51.4857850" lon="-0.1238790">
    <ele>4.9</ele>
    <time>2026-10-04T18:11:14Z</time>
   </trkpt>
   <trkpt lat="51.4857510" lon="-0.1238210">
    <ele>4.9</ele>
    <time>2026-10-04T18:11:15Z</time>
   </trkpt>
   <trkpt lat="51.4857340" lon="-0.1237870">
    <ele>4.8</ele>
    <time>2026-10-04T18:11:16Z</time>
   </trkpt>
   <trkpt lat="51.4857320" lon="-0.1237790">
    <ele>4.8</ele>
    <time>2026-10-04T18:11:17Z</time>
   </trkpt>
   <trkpt lat="51.4857320" lon="-0.1237730">
    <ele>4.8</ele>
    <time>2026-10-04T18:11:18Z</time>
   </trkpt>
   <trkpt lat="51.4857240" lon="-0.1237600">
    <ele>4.9</ele>
    <time>2026-10-04T18:11:19Z</time>
   </trkpt>
   <trkpt lat="51.4857200" lon="-0.1237390">
    <ele>4.9</ele>
    <time>2026-10-04T18:11:20Z</time>
   </trkpt>
   <trkpt lat="51.4857170" lon="-0.1237310">
    <ele>4.9</ele>
    <time>2026-10-04T18:11:21Z</time>
   </trkpt>
   <trkpt lat="51.4857200" lon="-0.1237140">
    <ele>4.9</ele>
    <time>2026-10-04T18:11:22Z</time>
   </trkpt>
   <trkpt lat="51.4857090" lon="-0.1237010">
    <ele>4.9</ele>
    <time>2026-10-04T18:11:23Z</time>
   </trkpt>
   <trkpt lat="51.4857030" lon="-0.1236710">
    <ele>5.0</ele>
    <time>2026-10-04T18:11:24Z</time>
   </trkpt>
   <trkpt lat="51.4857080" lon="-0.1236480">
    <ele>5.0</ele>
    <time>2026-10-04T18:11:25Z</time>
   </trkpt>
   <trkpt lat="51.4857160" lon="-0.1236370">
    <ele>5.0</ele>
    <time>2026-10-04T18:11:26Z</time>
   </trkpt>
   <trkpt lat="51.4857190" lon="-0.1236180">
    <ele>5.0</ele>
    <time>2026-10-04T18:11:27Z</time>
   </trkpt>
   <trkpt lat="51.4857260" lon="-0.1236040">
    <ele>5.0</ele>
    <time>2026-10-04T18:11:28Z</time>
   </trkpt>
   <trkpt lat="51.4857390" lon="-0.1235900">
    <ele>5.1</ele>
    <time>2026-10-04T18:11:29Z</time>
   </trkpt>
   <trkpt lat="51.4857420" lon="-0.1235760">
    <ele>5.1</ele>
    <time>2026-10-04T18:11:30Z</time>
   </trkpt>
   <trkpt lat="51.4857470" lon="-0.1235520">
    <ele>5.1</ele>
    <time>2026-10-04T18:11:31Z</time>
   </trkpt>
   <trkpt lat="51.4857350" lon="-0.1235370">
    <ele>5.1</ele>
    <time>2026-10-04T18:11:32Z</time>
   </trkpt>
   <trkpt lat="51.4857270" lon="-0.1235330">
    <ele>5.1</ele>
    <time>2026-10-04T18:11:33Z</time>
   </trkpt>
   <trkpt lat="51.4857080" lon="-0.1235280">
    <ele>5.1</ele>
    <time>2026-10-04T18:11:34Z</time>
   </trkpt>
   <trkpt lat="51.4857000" lon="-0.1235320">
    <ele>5.1</ele>
    <time>2026-10-04T18:11:35Z</time>
   </trkpt>
   <trkpt lat="51.4856910" lon="-0.1235370">
    <ele>5.1</ele>
    <time>2026-10-04T18:11:36Z</time>
   </trkpt>
   <trkpt lat="51.4856860" lon="-0.1235400">
    <ele>5.1</ele>
    <time>2026-10-04T18:11:37Z</time>
   </trkpt>
   <trkpt lat="51.4856860" lon="-0.1235400">
    <ele>5.1</ele>
    <time>2026-10-04T18:11:38Z</time>
   </trkpt>
   <trkpt lat="51.4856860" lon="-0.1235400">
    <ele>5.1</ele>
    <time>2026-10-04T18:11:39Z</time>
   </trkpt>
   <trkpt lat="51.4856860" lon="-0.1235400">
    <ele>5.1</ele>
    <time>2026-10-04T18:11:40Z</time>
   </trkpt>
   <trkpt lat="51.4856860" lon="-0.1235400">
    <ele>5.1</ele>
    <time>2026-10-04T18:11:41Z</time>
   </trkpt>
   <trkpt lat="51.4856650" lon="-0.1235510">
    <ele>5.1</ele>
    <time>2026-10-04T18:11:42Z</time>
   </trkpt>
   <trkpt lat="51.4856330" lon="-0.1235680">
    <ele>5.1</ele>
    <time>2026-10-04T18:11:43Z</time>
   </trkpt>
   <trkpt lat="51.4856350" lon="-0.1235450">
    <ele>5.1</ele>
    <time>2026-10-04T18:11:44Z</time>
   </trkpt>
   <trkpt lat="51.4856020" lon="-0.1235390">
    <ele>5.1</ele>
    <time>2026-10-04T18:11:45Z</time>
   </trkpt>
   <trkpt lat="51.4856230" lon="-0.1235200">
    <ele>5.1</ele>
    <time>2026-10-04T18:11:46Z</time>
   </trkpt>
   <trkpt lat="51.4856310" lon="-0.1235120">
    <ele>5.1</ele>
    <time>2026-10-04T18:11:47Z</time>
   </trkpt>
   <trkpt lat="51.4856420" lon="-0.1235120">
    <ele>5.1</ele>
    <time>2026-10-04T18:11:48Z</time>
   </trkpt>
   <trkpt lat="51.4856550" lon="-0.1235280">
    <ele>5.1</ele>
    <time>2026-10-04T18:11:49Z</time>
   </trkpt>
   <trkpt lat="51.4856620" lon="-0.1235280">
    <ele>5.1</ele>
    <time>2026-10-04T18:11:50Z</time>
   </trkpt>
   <trkpt lat="51.4856600" lon="-0.1235290">
    <ele>5.1</ele>
    <time>2026-10-04T18:11:51Z</time>
   </trkpt>
   <trkpt lat="51.4856680" lon="-0.1235520">
    <ele>5.1</ele>
    <time>2026-10-04T18:11:52Z</time>
   </trkpt>
   <trkpt lat="51.4856640" lon="-0.1235200">
    <ele>5.1</ele>
    <time>2026-10-04T18:11:53Z</time>
   </trkpt>
   <trkpt lat="51.4856660" lon="-0.1235150">
    <ele>5.1</ele>
    <time>2026-10-04T18:11:54Z</time>
   </trkpt>
   <trkpt lat="51.4856660" lon="-0.1235140">
    <ele>5.1</ele>
    <time>2026-10-04T18:11:55Z</time>
   </trkpt>
   <trkpt lat="51.4856710" lon="-0.1235050">
    <ele>5.1</ele>
    <time>2026-10-04T18:11:56Z</time>
   </trkpt>
   <trkpt lat="51.4856670" lon="-0.1235020">
    <ele>5.1</ele>
    <time>2026-10-04T18:11:57Z</time>
   </trkpt>
   <trkpt lat="51.4856710" lon="-0.1235030">
    <ele>5.1</ele>
    <time>2026-10-04T18:11:58Z</time>
   </trkpt>
   <trkpt lat="51.4856690" lon="-0.1235020">
    <ele>5.1</ele>
    <time>2026-10-04T18:11:59Z</time>
   </trkpt>
   <trkpt lat="51.4856640" lon="-0.1235130">
    <ele>5.1</ele>
    <time>2026-10-04T18:12:00Z</time>
   </trkpt>
   <trkpt lat="51.4856650" lon="-0.1235030">
    <ele>5.1</ele>
    <time>2026-10-04T18:12:01Z</time>
   </trkpt>
   <trkpt lat="51.4856620" lon="-0.1235030">
    <ele>5.1</ele>
    <time>2026-10-04T18:12:02Z</time>
   </trkpt>
   <trkpt lat="51.4855950" lon="-0.1234930">
    <ele>5.0</ele>
    <time>2026-10-04T18:12:10Z</time>
   </trkpt>
   <trkpt lat="51.4855850" lon="-0.1234950">
    <ele>5.0</ele>
    <time>2026-10-04T18:12:11Z</time>
   </trkpt>
   <trkpt lat="51.4855680" lon="-0.1234940">
    <ele>5.0</ele>
    <time>2026-10-04T18:12:12Z</time>
   </trkpt>
   <trkpt lat="51.4855540" lon="-0.1234890">
    <ele>5.0</ele>
    <time>2026-10-04T18:12:13Z</time>
   </trkpt>
   <trkpt lat="51.4855250" lon="-0.1234890">
    <ele>5.0</ele>
    <time>2026-10-04T18:12:14Z</time>
   </trkpt>
   <trkpt lat="51.4855160" lon="-0.1234930">
    <ele>5.0</ele>
    <time>2026-10-04T18:12:15Z</time>
   </trkpt>
   <trkpt lat="51.4854950" lon="-0.1234820">
    <ele>5.0</ele>
    <time>2026-10-04T18:12:16Z</time>
   </trkpt>
   <trkpt lat="51.4854820" lon="-0.1234770">
    <ele>5.0</ele>
    <time>2026-10-04T18:12:17Z</time>
   </trkpt>
   <trkpt lat="51.4854760" lon="-0.1234660">
    <ele>5.0</ele>
    <time>2026-10-04T18:12:18Z</time>
   </trkpt>
   <trkpt lat="51.4854730" lon="-0.1234610">
    <ele>5.0</ele>
    <time>2026-10-04T18:12:19Z</time>
   </trkpt>
   <trkpt lat="51.4854650" lon="-0.1234690">
    <ele>5.0</ele>
    <time>2026-10-04T18:12:20Z</time>
   </trkpt>
   <trkpt lat="51.4854580" lon="-0.1234610">
    <ele>5.0</ele>
    <time>2026-10-04T18:12:21Z</time>
   </trkpt>
   <trkpt lat="51.4854480" lon="-0.1234570">
    <ele>5.0</ele>
    <time>2026-10-04T18:12:22Z</time>
   </trkpt>
   <trkpt lat="51.4854250" lon="-0.1234520">
    <ele>5.0</ele>
    <time>2026-10-04T18:12:23Z</time>
   </trkpt>
   <trkpt lat="51.4854110" lon="-0.1234470">
    <ele>5.0</ele>
    <time>2026-10-04T18:12:24Z</time>
   </trkpt>
   <trkpt lat="51.4853950" lon="-0.1234400">
    <ele>5.0</ele>
    <time>2026-10-04T18:12:25Z</time>
   </trkpt>
   <trkpt lat="51.4854030" lon="-0.1234510">
    <ele>5.0</ele>
    <time>2026-10-04T18:12:26Z</time>
   </trkpt>
   <trkpt lat="51.4853870" lon="-0.1234470">
    <ele>5.0</ele>
    <time>2026-10-04T18:12:27Z</time>
   </trkpt>
   <trkpt lat="51.4853640" lon="-0.1234380">
    <ele>5.0</ele>
    <time>2026-10-04T18:12:28Z</time>
   </trkpt>
   <trkpt lat="51.4853640" lon="-0.1234380">
    <ele>5.0</ele>
    <time>2026-10-04T18:12:29Z</time>
   </trkpt>
   <trkpt lat="51.4854100" lon="-0.1234160">
    <ele>5.0</ele>
    <time>2026-10-04T18:12:30Z</time>
   </trkpt>
   <trkpt lat="51.4854940" lon="-0.1233760">
    <ele>5.0</ele>
    <time>2026-10-04T18:12:31Z</time>
   </trkpt>
   <trkpt lat="51.4855370" lon="-0.1233560">
    <ele>5.0</ele>
    <time>2026-10-04T18:12:32Z</time>
   </trkpt>
   <trkpt lat="51.4855420" lon="-0.1233640">
    <ele>5.0</ele>
    <time>2026-10-04T18:12:34Z</time>
   </trkpt>
   <trkpt lat="51.4847230" lon="-0.1231400">
    <ele>4.9</ele>
    <time>2026-10-04T18:12:42Z</time>
   </trkpt>
   <trkpt lat="51.4847700" lon="-0.1232910">
    <ele>4.9</ele>
    <time>2026-10-04T18:12:43Z</time>
   </trkpt>
   <trkpt lat="51.4847590" lon="-0.1233040">
    <ele>4.9</ele>
    <time>2026-10-04T18:12:44Z</time>
   </trkpt>
   <trkpt lat="51.4847190" lon="-0.1233050">
    <ele>4.9</ele>
    <time>2026-10-04T18:12:45Z</time>
   </trkpt>
   <trkpt lat="51.4847180" lon="-0.1233010">
    <ele>4.9</ele>
    <time>2026-10-04T18:12:46Z</time>
   </trkpt>
   <trkpt lat="51.4847090" lon="-0.1233410">
    <ele>4.9</ele>
    <time>2026-10-04T18:12:47Z</time>
   </trkpt>
   <trkpt lat="51.4846920" lon="-0.1233180">
    <ele>4.9</ele>
    <time>2026-10-04T18:12:48Z</time>
   </trkpt>
   <trkpt lat="51.4847030" lon="-0.1233260">
    <ele>4.9</ele>
    <time>2026-10-04T18:12:49Z</time>
   </trkpt>
   <trkpt lat="51.4846900" lon="-0.1232840">
    <ele>4.9</ele>
    <time>2026-10-04T18:12:50Z</time>
   </trkpt>
   <trkpt lat="51.4846770" lon="-0.1232660">
    <ele>4.9</ele>
    <time>2026-10-04T18:12:51Z</time>
   </trkpt>
   <trkpt lat="51.4846770" lon="-0.1232510">
    <ele>4.9</ele>
    <time>2026-10-04T18:12:52Z</time>
   </trkpt>
   <trkpt lat="51.4846680" lon="-0.1232360">
    <ele>4.9</ele>
    <time>2026-10-04T18:12:53Z</time>
   </trkpt>
   <trkpt lat="51.4846740" lon="-0.1232570">
    <ele>4.9</ele>
    <time>2026-10-04T18:12:54Z</time>
   </trkpt>
   <trkpt lat="51.4846710" lon="-0.1232450">
    <ele>4.9</ele>
    <time>2026-10-04T18:12:55Z</time>
   </trkpt>
   <trkpt lat="51.4846730" lon="-0.1232380">
    <ele>4.9</ele>
    <time>2026-10-04T18:12:56Z</time>
   </trkpt>
   <trkpt lat="51.4846720" lon="-0.1232320">
    <ele>4.9</ele>
    <time>2026-10-04T18:12:57Z</time>
   </trkpt>
   <trkpt lat="51.4846730" lon="-0.1232320">
    <ele>4.9</ele>
    <time>2026-10-04T18:12:58Z</time>
   </trkpt>
   <trkpt lat="51.4845820" lon="-0.1231620">
    <ele>5.0</ele>
    <time>2026-10-04T18:13:24Z</time>
   </trkpt>
   <trkpt lat="51.4845510" lon="-0.1231460">
    <ele>5.1</ele>
    <time>2026-10-04T18:13:25Z</time>
   </trkpt>
   <trkpt lat="51.4845340" lon="-0.1230880">
    <ele>5.1</ele>
    <time>2026-10-04T18:13:26Z</time>
   </trkpt>
   <trkpt lat="51.4845130" lon="-0.1230510">
    <ele>5.2</ele>
    <time>2026-10-04T18:13:27Z</time>
   </trkpt>
   <trkpt lat="51.4844890" lon="-0.1230320">
    <ele>5.2</ele>
    <time>2026-10-04T18:13:28Z</time>
   </trkpt>
   <trkpt lat="51.4844660" lon="-0.1230260">
    <ele>5.2</ele>
    <time>2026-10-04T18:13:29Z</time>
   </trkpt>
   <trkpt lat="51.4844370" lon="-0.1230110">
    <ele>5.2</ele>
    <time>2026-10-04T18:13:30Z</time>
   </trkpt>
   <trkpt lat="51.4844070" lon="-0.1229910">
    <ele>5.2</ele>
    <time>2026-10-04T18:13:31Z</time>
   </trkpt>
   <trkpt lat="51.4843820" lon="-0.1229800">
    <ele>5.2</ele>
    <time>2026-10-04T18:13:32Z</time>
   </trkpt>
   <trkpt lat="51.4843480" lon="-0.1229530">
    <ele>5.1</ele>
    <time>2026-10-04T18:13:33Z</time>
   </trkpt>
   <trkpt lat="51.4843130" lon="-0.1229390">
    <ele>5.1</ele>
    <time>2026-10-04T18:13:34Z</time>
   </trkpt>
   <trkpt lat="51.4842770" lon="-0.1229320">
    <ele>5.1</ele>
    <time>2026-10-04T18:13:35Z</time>
   </trkpt>
   <trkpt lat="51.4842420" lon="-0.1229290">
    <ele>5.1</ele>
    <time>2026-10-04T18:13:36Z</time>
   </trkpt>
   <trkpt lat="51.4842000" lon="-0.1229330">
    <ele>5.1</ele>
    <time>2026-10-04T18:13:37Z</time>
   </trkpt>
   <trkpt lat="51.4841580" lon="-0.1229430">
    <ele>5.0</ele>
    <time>2026-10-04T18:13:38Z</time>
   </trkpt>
   <trkpt lat="51.4841140" lon="-0.1229730">
    <ele>5.0</ele>
    <time>2026-10-04T18:13:39Z</time>
   </trkpt>
   <trkpt lat="51.4840780" lon="-0.1229870">
    <ele>5.0</ele>
    <time>2026-10-04T18:13:40Z</time>
   </trkpt>
   <trkpt lat="51.4840390" lon="-0.1229810">
    <ele>5.0</ele>
    <time>2026-10-04T18:13:41Z</time>
   </trkpt>
   <trkpt lat="51.4839990" lon="-0.1229730">
    <ele>5.0</ele>
    <time>2026-10-04T18:13:42Z</time>
   </trkpt>
   <trkpt lat="51.4839650" lon="-0.1229870">
    <ele>4.9</ele>
    <time>2026-10-04T18:13:43Z</time>
   </trkpt>
   <trkpt lat="51.4839250" lon="-0.1229660">
    <ele>4.9</ele>
    <time>2026-10-04T18:13:44Z</time>
   </trkpt>
   <trkpt lat="51.4838800" lon="-0.1229520">
    <ele>4.9</ele>
    <time>2026-10-04T18:13:45Z</time>
   </trkpt>
   <trkpt lat="51.4838330" lon="-0.1229550">
    <ele>4.9</ele>
    <time>2026-10-04T18:13:46Z</time>
   </trkpt>
   <trkpt lat="51.4837970" lon="-0.1229360">
    <ele>4.9</ele>
    <time>2026-10-04T18:13:47Z</time>
   </trkpt>
   <trkpt lat="51.4837470" lon="-0.1229520">
    <ele>4.8</ele>
    <time>2026-10-04T18:13:48Z</time>
   </trkpt>
   <trkpt lat="51.4837060" lon="-0.1229960">
    <ele>4.8</ele>
    <time>2026-10-04T18:13:49Z</time>
   </trkpt>
   <trkpt lat="51.4836550" lon="-0.1230000">
    <ele>4.7</ele>
    <time>2026-10-04T18:13:50Z</time>
   </trkpt>
   <trkpt lat="51.4836080" lon="-0.1230000">
    <ele>4.7</ele>
    <time>2026-10-04T18:13:51Z</time>
   </trkpt>
   <trkpt lat="51.4835440" lon="-0.1230100">
    <ele>4.7</ele>
    <time>2026-10-04T18:13:52Z</time>
   </trkpt>
   <trkpt lat="51.4834760" lon="-0.1230410">
    <ele>4.6</ele>
    <time>2026-10-04T18:13:53Z</time>
   </trkpt>
   <trkpt lat="51.4834370" lon="-0.1230300">
    <ele>4.6</ele>
    <time>2026-10-04T18:13:54Z</time>
   </trkpt>
   <trkpt lat="51.4833760" lon="-0.1230360">
    <ele>4.6</ele>
    <time>2026-10-04T18:13:55Z</time>
   </trkpt>
   <trkpt lat="51.4833090" lon="-0.1230710">
    <ele>4.6</ele>
    <time>2026-10-04T18:13:56Z</time>
   </trkpt>
   <trkpt lat="51.4832570" lon="-0.1230970">
    <ele>4.6</ele>
    <time>2026-10-04T18:13:57Z</time>
   </trkpt>
   <trkpt lat="51.4832180" lon="-0.1231380">
    <ele>4.6</ele>
    <time>2026-10-04T18:13:58Z</time>
   </trkpt>
   <trkpt lat="51.4831730" lon="-0.1231820">
    <ele>4.6</ele>
    <time>2026-10-04T18:13:59Z</time>
   </trkpt>
   <trkpt lat="51.4831270" lon="-0.1232210">
    <ele>4.6</ele>
    <time>2026-10-04T18:14:00Z</time>
   </trkpt>
   <trkpt lat="51.4830770" lon="-0.1232820">
    <ele>4.6</ele>
    <time>2026-10-04T18:14:01Z</time>
   </trkpt>
   <trkpt lat="51.4830370" lon="-0.1233290">
    <ele>4.6</ele>
    <time>2026-10-04T18:14:02Z</time>
   </trkpt>
   <trkpt lat="51.4829840" lon="-0.1233790">
    <ele>4.6</ele>
    <time>2026-10-04T18:14:03Z</time>
   </trkpt>
   <trkpt lat="51.4829390" lon="-0.1234170">
    <ele>4.6</ele>
    <time>2026-10-04T18:14:04Z</time>
   </trkpt>
   <trkpt lat="51.4829050" lon="-0.1234610">
    <ele>4.5</ele>
    <time>2026-10-04T18:14:05Z</time>
   </trkpt>
   <trkpt lat="51.4828690" lon="-0.1234950">
    <ele>4.5</ele>
    <time>2026-10-04T18:14:06Z</time>
   </trkpt>
   <trkpt lat="51.4828280" lon="-0.1235400">
    <ele>4.5</ele>
    <time>2026-10-04T18:14:07Z</time>
   </trkpt>
   <trkpt lat="51.4828060" lon="-0.1235940">
    <ele>4.4</ele>
    <time>2026-10-04T18:14:08Z</time>
   </trkpt>
   <trkpt lat="51.4827790" lon="-0.1236350">
    <ele>4.4</ele>
    <time>2026-10-04T18:14:09Z</time>
   </trkpt>
   <trkpt lat="51.4827540" lon="-0.1236940">
    <ele>4.3</ele>
    <time>2026-10-04T18:14:10Z</time>
   </trkpt>
   <trkpt lat="51.4827350" lon="-0.1237330">
    <ele>4.3</ele>
    <time>2026-10-04T18:14:11Z</time>
   </trkpt>
   <trkpt lat="51.4827080" lon="-0.1237390">
    <ele>4.2</ele>
    <time>2026-10-04T18:14:12Z</time>
   </trkpt>
   <trkpt lat="51.4826890" lon="-0.1237590">
    <ele>4.2</ele>
    <time>2026-10-04T18:14:13Z</time>
   </trkpt>
   <trkpt lat="51.4826550" lon="-0.1237430">
    <ele>4.2</ele>
    <time>2026-10-04T18:14:14Z</time>
   </trkpt>
   <trkpt lat="51.4826230" lon="-0.1237080">
    <ele>4.1</ele>
    <time>2026-10-04T18:14:15Z</time>
   </trkpt>
   <trkpt lat="51.4826140" lon="-0.1236010">
    <ele>3.9</ele>
    <time>2026-10-04T18:14:16Z</time>
   </trkpt>
   <trkpt lat="51.4825890" lon="-0.1235430">
    <ele>3.8</ele>
    <time>2026-10-04T18:14:17Z</time>
   </trkpt>
   <trkpt lat="51.4825480" lon="-0.1235200">
    <ele>3.8</ele>
    <time>2026-10-04T18:14:18Z</time>
   </trkpt>
   <trkpt lat="51.4825040" lon="-0.1235120">
    <ele>3.8</ele>
    <time>2026-10-04T18:14:19Z</time>
   </trkpt>
   <trkpt lat="51.4824690" lon="-0.1234770">
    <ele>3.7</ele>
    <time>2026-10-04T18:14:20Z</time>
   </trkpt>
   <trkpt lat="51.4824760" lon="-0.1234000">
    <ele>3.7</ele>
    <time>2026-10-04T18:14:21Z</time>
   </trkpt>
   <trkpt lat="51.4824630" lon="-0.1233760">
    <ele>3.7</ele>
    <time>2026-10-04T18:14:22Z</time>
   </trkpt>
   <trkpt lat="51.4824500" lon="-0.1233520">
    <ele>3.7</ele>
    <time>2026-10-04T18:14:23Z</time>
   </trkpt>
   <trkpt lat="51.4824440" lon="-0.1232970">
    <ele>3.7</ele>
    <time>2026-10-04T18:14:24Z</time>
   </trkpt>
   <trkpt lat="51.4824370" lon="-0.1232430">
    <ele>3.7</ele>
    <time>2026-10-04T18:14:25Z</time>
   </trkpt>
   <trkpt lat="51.4823940" lon="-0.1231780">
    <ele>3.7</ele>
    <time>2026-10-04T18:14:26Z</time>
   </trkpt>
   <trkpt lat="51.4823780" lon="-0.1231060">
    <ele>3.7</ele>
    <time>2026-10-04T18:14:27Z</time>
   </trkpt>
   <trkpt lat="51.4823730" lon="-0.1230300">
    <ele>3.7</ele>
    <time>2026-10-04T18:14:28Z</time>
   </trkpt>
   <trkpt lat="51.4823400" lon="-0.1229780">
    <ele>3.7</ele>
    <time>2026-10-04T18:14:29Z</time>
   </trkpt>
   <trkpt lat="51.4823100" lon="-0.1229190">
    <ele>3.7</ele>
    <time>2026-10-04T18:14:30Z</time>
   </trkpt>
   <trkpt lat="51.4822830" lon="-0.1228630">
    <ele>3.7</ele>
    <time>2026-10-04T18:14:31Z</time>
   </trkpt>
   <trkpt lat="51.4822630" lon="-0.1228000">
    <ele>3.7</ele>
    <time>2026-10-04T18:14:32Z</time>
   </trkpt>
   <trkpt lat="51.4822330" lon="-0.1227130">
    <ele>3.7</ele>
    <time>2026-10-04T18:14:33Z</time>
   </trkpt>
   <trkpt lat="51.4822140" lon="-0.1226550">
    <ele>3.7</ele>
    <time>2026-10-04T18:14:34Z</time>
   </trkpt>
   <trkpt lat="51.4822110" lon="-0.1225990">
    <ele>3.7</ele>
    <time>2026-10-04T18:14:35Z</time>
   </trkpt>
   <trkpt lat="51.4821880" lon="-0.1225250">
    <ele>3.7</ele>
    <time>2026-10-04T18:14:36Z</time>
   </trkpt>
   <trkpt lat="51.4821630" lon="-0.1224560">
    <ele>3.7</ele>
    <time>2026-10-04T18:14:37Z</time>
   </trkpt>
   <trkpt lat="51.4821390" lon="-0.1223900">
    <ele>3.7</ele>
    <time>2026-10-04T18:14:38Z</time>
   </trkpt>
   <trkpt lat="51.4821080" lon="-0.1223120">
    <ele>3.7</ele>
    <time>2026-10-04T18:14:39Z</time>
   </trkpt>
   <trkpt lat="51.4820950" lon="-0.1222480">
    <ele>3.7</ele>
    <time>2026-10-04T18:14:40Z</time>
   </trkpt>
   <trkpt lat="51.4820840" lon="-0.1221680">
    <ele>3.7</ele>
    <time>2026-10-04T18:14:41Z</time>
   </trkpt>
   <trkpt lat="51.4820730" lon="-0.1220870">
    <ele>3.6</ele>
    <time>2026-10-04T18:14:42Z</time>
   </trkpt>
   <trkpt lat="51.4820520" lon="-0.1220280">
    <ele>3.6</ele>
    <time>2026-10-04T18:14:43Z</time>
   </trkpt>
   <trkpt lat="51.4820140" lon="-0.1219560">
    <ele>3.6</ele>
    <time>2026-10-04T18:14:44Z</time>
   </trkpt>
   <trkpt lat="51.4820000" lon="-0.1218970">
    <ele>3.6</ele>
    <time>2026-10-04T18:14:45Z</time>
   </trkpt>
   <trkpt lat="51.4819850" lon="-0.1218210">
    <ele>3.6</ele>
    <time>2026-10-04T18:14:46Z</time>
   </trkpt>
   <trkpt lat="51.4819590" lon="-0.1217530">
    <ele>3.6</ele>
    <time>2026-10-04T18:14:47Z</time>
   </trkpt>
   <trkpt lat="51.4819270" lon="-0.1216940">
    <ele>3.6</ele>
    <time>2026-10-04T18:14:48Z</time>
   </trkpt>
   <trkpt lat="51.4819100" lon="-0.1216340">
    <ele>3.5</ele>
    <time>2026-10-04T18:14:49Z</time>
   </trkpt>
   <trkpt lat="51.4818980" lon="-0.1215770">
    <ele>3.5</ele>
    <time>2026-10-04T18:14:50Z</time>
   </trkpt>
   <trkpt lat="51.4818860" lon="-0.1214910">
    <ele>3.5</ele>
    <time>2026-10-04T18:14:51Z</time>
   </trkpt>
   <trkpt lat="51.4818630" lon="-0.1214310">
    <ele>3.5</ele>
    <time>2026-10-04T18:14:52Z</time>
   </trkpt>
   <trkpt lat="51.4818390" lon="-0.1213750">
    <ele>3.5</ele>
    <time>2026-10-04T18:14:53Z</time>
   </trkpt>
   <trkpt lat="51.4818180" lon="-0.1213180">
    <ele>3.5</ele>
    <time>2026-10-04T18:14:54Z</time>
   </trkpt>
   <trkpt lat="51.4818210" lon="-0.1212540">
    <ele>3.5</ele>
    <time>2026-10-04T18:14:55Z</time>
   </trkpt>
   <trkpt lat="51.4817970" lon="-0.1211820">
    <ele>3.5</ele>
    <time>2026-10-04T18:14:56Z</time>
   </trkpt>
   <trkpt lat="51.4817590" lon="-0.1211280">
    <ele>3.5</ele>
    <time>2026-10-04T18:14:57Z</time>
   </trkpt>
   <trkpt lat="51.4817280" lon="-0.1210600">
    <ele>3.5</ele>
    <time>2026-10-04T18:14:58Z</time>
   </trkpt>
   <trkpt lat="51.4817110" lon="-0.1209910">
    <ele>3.5</ele>
    <time>2026-10-04T18:14:59Z</time>
   </trkpt>
   <trkpt lat="51.4816920" lon="-0.1209430">
    <ele>3.5</ele>
    <time>2026-10-04T18:15:00Z</time>
   </trkpt>
   <trkpt lat="51.4816690" lon="-0.1208650">
    <ele>3.6</ele>
    <time>2026-10-04T18:15:01Z</time>
   </trkpt>
   <trkpt lat="51.4816520" lon="-0.1207910">
    <ele>3.6</ele>
    <time>2026-10-04T18:15:02Z</time>
   </trkpt>
   <trkpt lat="51.4816300" lon="-0.1207310">
    <ele>3.6</ele>
    <time>2026-10-04T18:15:03Z</time>
   </trkpt>
   <trkpt lat="51.4816030" lon="-0.1206710">
    <ele>3.6</ele>
    <time>2026-10-04T18:15:04Z</time>
   </trkpt>
   <trkpt lat="51.4815850" lon="-0.1206030">
    <ele>3.6</ele>
    <time>2026-10-04T18:15:05Z</time>
   </trkpt>
   <trkpt lat="51.4815670" lon="-0.1205370">
    <ele>3.6</ele>
    <time>2026-10-04T18:15:06Z</time>
   </trkpt>
   <trkpt lat="51.4815460" lon="-0.1204760">
    <ele>3.6</ele>
    <time>2026-10-04T18:15:07Z</time>
   </trkpt>
   <trkpt lat="51.4815380" lon="-0.1204050">
    <ele>3.7</ele>
    <time>2026-10-04T18:15:08Z</time>
   </trkpt>
   <trkpt lat="51.4815090" lon="-0.1203460">
    <ele>3.7</ele>
    <time>2026-10-04T18:15:09Z</time>
   </trkpt>
   <trkpt lat="51.4814880" lon="-0.1202920">
    <ele>3.7</ele>
    <time>2026-10-04T18:15:10Z</time>
   </trkpt>
   <trkpt lat="51.4814670" lon="-0.1202240">
    <ele>3.7</ele>
    <time>2026-10-04T18:15:11Z</time>
   </trkpt>
   <trkpt lat="51.4814490" lon="-0.1201590">
    <ele>3.7</ele>
    <time>2026-10-04T18:15:12Z</time>
   </trkpt>
   <trkpt lat="51.4814270" lon="-0.1200920">
    <ele>3.7</ele>
    <time>2026-10-04T18:15:13Z</time>
   </trkpt>
   <trkpt lat="51.4814060" lon="-0.1200290">
    <ele>3.8</ele>
    <time>2026-10-04T18:15:14Z</time>
   </trkpt>
   <trkpt lat="51.4813800" lon="-0.1199730">
    <ele>3.8</ele>
    <time>2026-10-04T18:15:15Z</time>
   </trkpt>
   <trkpt lat="51.4813660" lon="-0.1199170">
    <ele>3.8</ele>
    <time>2026-10-04T18:15:16Z</time>
   </trkpt>
   <trkpt lat="51.4813540" lon="-0.1198610">
    <ele>3.9</ele>
    <time>2026-10-04T18:15:17Z</time>
   </trkpt>
   <trkpt lat="51.4813370" lon="-0.1198210">
    <ele>3.9</ele>
    <time>2026-10-04T18:15:18Z</time>
   </trkpt>
   <trkpt lat="51.4813210" lon="-0.1197900">
    <ele>3.9</ele>
    <time>2026-10-04T18:15:19Z</time>
   </trkpt>
   <trkpt lat="51.4813260" lon="-0.1197450">
    <ele>4.0</ele>
    <time>2026-10-04T18:15:20Z</time>
   </trkpt>
   <trkpt lat="51.4813170" lon="-0.1197110">
    <ele>4.0</ele>
    <time>2026-10-04T18:15:21Z</time>
   </trkpt>
   <trkpt lat="51.4813000" lon="-0.1196930">
    <ele>4.0</ele>
    <time>2026-10-04T18:15:22Z</time>
   </trkpt>
   <trkpt lat="51.4812660" lon="-0.1197050">
    <ele>4.1</ele>
    <time>2026-10-04T18:15:23Z</time>
   </trkpt>
   <trkpt lat="51.4812340" lon="-0.1196910">
    <ele>4.1</ele>
    <time>2026-10-04T18:15:24Z</time>
   </trkpt>
   <trkpt lat="51.4812140" lon="-0.1196750">
    <ele>4.1</ele>
    <time>2026-10-04T18:15:25Z</time>
   </trkpt>
   <trkpt lat="51.4811940" lon="-0.1196970">
    <ele>4.1</ele>
    <time>2026-10-04T18:15:26Z</time>
   </trkpt>
   <trkpt lat="51.4811680" lon="-0.1196940">
    <ele>4.1</ele>
    <time>2026-10-04T18:15:27Z</time>
   </trkpt>
   <trkpt lat="51.4811520" lon="-0.1197100">
    <ele>4.1</ele>
    <time>2026-10-04T18:15:28Z</time>
   </trkpt>
   <trkpt lat="51.4811350" lon="-0.1197590">
    <ele>4.1</ele>
    <time>2026-10-04T18:15:29Z</time>
   </trkpt>
   <trkpt lat="51.4811160" lon="-0.1197670">
    <ele>4.1</ele>
    <time>2026-10-04T18:15:30Z</time>
   </trkpt>
   <trkpt lat="51.4811030" lon="-0.1197840">
    <ele>4.1</ele>
    <time>2026-10-04T18:15:31Z</time>
   </trkpt>
   <trkpt lat="51.4810750" lon="-0.1197470">
    <ele>4.1</ele>
    <time>2026-10-04T18:15:32Z</time>
   </trkpt>
   <trkpt lat="51.4810710" lon="-0.1197250">
    <ele>4.1</ele>
    <time>2026-10-04T18:15:33Z</time>
   </trkpt>
   <trkpt lat="51.4810660" lon="-0.1197510">
    <ele>4.1</ele>
    <time>2026-10-04T18:15:34Z</time>
   </trkpt>
   <trkpt lat="51.4810290" lon="-0.1197660">
    <ele>4.1</ele>
    <time>2026-10-04T18:15:35Z</time>
   </trkpt>
   <trkpt lat="51.4810100" lon="-0.1197590">
    <ele>4.1</ele>
    <time>2026-10-04T18:15:36Z</time>
   </trkpt>
   <trkpt lat="51.4810030" lon="-0.1197720">
    <ele>4.1</ele>
    <time>2026-10-04T18:15:37Z</time>
   </trkpt>
   <trkpt lat="51.4809840" lon="-0.1198070">
    <ele>4.1</ele>
    <time>2026-10-04T18:15:38Z</time>
   </trkpt>
   <trkpt lat="51.4809560" lon="-0.1198220">
    <ele>4.1</ele>
    <time>2026-10-04T18:15:39Z</time>
   </trkpt>
   <trkpt lat="51.4809380" lon="-0.1198350">
    <ele>4.2</ele>
    <time>2026-10-04T18:15:40Z</time>
   </trkpt>
   <trkpt lat="51.4809300" lon="-0.1198550">
    <ele>4.2</ele>
    <time>2026-10-04T18:15:41Z</time>
   </trkpt>
   <trkpt lat="51.4809180" lon="-0.1198680">
    <ele>4.2</ele>
    <time>2026-10-04T18:15:42Z</time>
   </trkpt>
   <trkpt lat="51.4809020" lon="-0.1198810">
    <ele>4.2</ele>
    <time>2026-10-04T18:15:43Z</time>
   </trkpt>
   <trkpt lat="51.4808850" lon="-0.1198930">
    <ele>4.3</ele>
    <time>2026-10-04T18:15:44Z</time>
   </trkpt>
   <trkpt lat="51.4808630" lon="-0.1198910">
    <ele>4.3</ele>
    <time>2026-10-04T18:15:45Z</time>
   </trkpt>
   <trkpt lat="51.4808360" lon="-0.1198870">
    <ele>4.3</ele>
    <time>2026-10-04T18:15:46Z</time>
   </trkpt>
   <trkpt lat="51.4808180" lon="-0.1198940">
    <ele>4.4</ele>
    <time>2026-10-04T18:15:47Z</time>
   </trkpt>
   <trkpt lat="51.4807950" lon="-0.1198990">
    <ele>4.4</ele>
    <time>2026-10-04T18:15:48Z</time>
   </trkpt>
   <trkpt lat="51.4807700" lon="-0.1199050">
    <ele>4.4</ele>
    <time>2026-10-04T18:15:49Z</time>
   </trkpt>
   <trkpt lat="51.4807700" lon="-0.1199490">
    <ele>4.4</ele>
    <time>2026-10-04T18:15:50Z</time>
   </trkpt>
   <trkpt lat="51.4807500" lon="-0.1199910">
    <ele>4.4</ele>
    <time>2026-10-04T18:15:51Z</time>
   </trkpt>
   <trkpt lat="51.4807280" lon="-0.1200000">
    <ele>4.4</ele>
    <time>2026-10-04T18:15:52Z</time>
   </trkpt>
   <trkpt lat="51.4807100" lon="-0.1200220">
    <ele>4.4</ele>
    <time>2026-10-04T18:15:53Z</time>
   </trkpt>
   <trkpt lat="51.4806790" lon="-0.1200340">
    <ele>4.3</ele>
    <time>2026-10-04T18:15:54Z</time>
   </trkpt>
   <trkpt lat="51.4806580" lon="-0.1200470">
    <ele>4.3</ele>
    <time>2026-10-04T18:15:55Z</time>
   </trkpt>
   <trkpt lat="51.4806320" lon="-0.1200650">
    <ele>4.3</ele>
    <time>2026-10-04T18:15:56Z</time>
   </trkpt>
   <trkpt lat="51.4806110" lon="-0.1200780">
    <ele>4.3</ele>
    <time>2026-10-04T18:15:57Z</time>
   </trkpt>
   <trkpt lat="51.4805940" lon="-0.1200880">
    <ele>4.3</ele>
    <time>2026-10-04T18:15:58Z</time>
   </trkpt>
   <trkpt lat="51.4805740" lon="-0.1200970">
    <ele>4.3</ele>
    <time>2026-10-04T18:15:59Z</time>
   </trkpt>
   <trkpt lat="51.4805510" lon="-0.1200950">
    <ele>4.3</ele>
    <time>2026-10-04T18:16:00Z</time>
   </trkpt>
   <trkpt lat="51.4805380" lon="-0.1200770">
    <ele>4.3</ele>
    <time>2026-10-04T18:16:01Z</time>
   </trkpt>
   <trkpt lat="51.4805250" lon="-0.1200570">
    <ele>4.3</ele>
    <time>2026-10-04T18:16:02Z</time>
   </trkpt>
   <trkpt lat="51.4805170" lon="-0.1200520">
    <ele>4.3</ele>
    <time>2026-10-04T18:16:03Z</time>
   </trkpt>
   <trkpt lat="51.4805170" lon="-0.1200470">
    <ele>4.3</ele>
    <time>2026-10-04T18:16:04Z</time>
   </trkpt>
   <trkpt lat="51.4805140" lon="-0.1200280">
    <ele>4.3</ele>
    <time>2026-10-04T18:16:05Z</time>
   </trkpt>
   <trkpt lat="51.4805160" lon="-0.1200290">
    <ele>4.3</ele>
    <time>2026-10-04T18:16:06Z</time>
   </trkpt>
   <trkpt lat="51.4805180" lon="-0.1200280">
    <ele>4.3</ele>
    <time>2026-10-04T18:16:07Z</time>
   </trkpt>
   <trkpt lat="51.4805180" lon="-0.1200270">
    <ele>4.3</ele>
    <time>2026-10-04T18:16:08Z</time>
   </trkpt>
   <trkpt lat="51.4805160" lon="-0.1200160">
    <ele>4.3</ele>
    <time>2026-10-04T18:16:09Z</time>
   </trkpt>
   <trkpt lat="51.4805120" lon="-0.1200100">
    <ele>4.3</ele>
    <time>2026-10-04T18:16:10Z</time>
   </trkpt>
   <trkpt lat="51.4805160" lon="-0.1200120">
    <ele>4.3</ele>
    <time>2026-10-04T18:16:11Z</time>
   </trkpt>
   <trkpt lat="51.4805160" lon="-0.1200090">
    <ele>4.3</ele>
    <time>2026-10-04T18:16:12Z</time>
   </trkpt>
   <trkpt lat="51.4805160" lon="-0.1200090">
    <ele>4.3</ele>
    <time>2026-10-04T18:16:13Z</time>
   </trkpt>
   <trkpt lat="51.4805130" lon="-0.1200080">
    <ele>4.3</ele>
    <time>2026-10-04T18:16:14Z</time>
   </trkpt>
   <trkpt lat="51.4805120" lon="-0.1200080">
    <ele>4.3</ele>
    <time>2026-10-04T18:16:15Z</time>
   </trkpt>
   <trkpt lat="51.4804870" lon="-0.1200540">
    <ele>4.3</ele>
    <time>2026-10-04T18:16:32Z</time>
   </trkpt>
   <trkpt lat="51.4804930" lon="-0.1200400">
    <ele>4.3</ele>
    <time>2026-10-04T18:16:33Z</time>
   </trkpt>
   <trkpt lat="51.4804950" lon="-0.1200220">
    <ele>4.3</ele>
    <time>2026-10-04T18:16:34Z</time>
   </trkpt>
   <trkpt lat="51.4804940" lon="-0.1200370">
    <ele>4.3</ele>
    <time>2026-10-04T18:16:35Z</time>
   </trkpt>
   <trkpt lat="51.4804890" lon="-0.1200190">
    <ele>4.3</ele>
    <time>2026-10-04T18:16:36Z</time>
   </trkpt>
   <trkpt lat="51.4804970" lon="-0.1200210">
    <ele>4.3</ele>
    <time>2026-10-04T18:16:37Z</time>
   </trkpt>
   <trkpt lat="51.4805020" lon="-0.1200230">
    <ele>4.3</ele>
    <time>2026-10-04T18:16:38Z</time>
   </trkpt>
   <trkpt lat="51.4805050" lon="-0.1200230">
    <ele>4.3</ele>
    <time>2026-10-04T18:16:39Z</time>
   </trkpt>
   <trkpt lat="51.4804980" lon="-0.1200210">
    <ele>4.3</ele>
    <time>2026-10-04T18:16:40Z</time>
   </trkpt>
   <trkpt lat="51.4805010" lon="-0.1200180">
    <ele>4.3</ele>
    <time>2026-10-04T18:16:41Z</time>
   </trkpt>
   <trkpt lat="51.4805000" lon="-0.1200130">
    <ele>4.3</ele>
    <time>2026-10-04T18:16:42Z</time>
   </trkpt>
   <trkpt lat="51.4804980" lon="-0.1200270">
    <ele>4.3</ele>
    <time>2026-10-04T18:17:13Z</time>
   </trkpt>
   <trkpt lat="51.4804980" lon="-0.1200370">
    <ele>4.3</ele>
    <time>2026-10-04T18:17:14Z</time>
   </trkpt>
   <trkpt lat="51.4805080" lon="-0.1200450">
    <ele>4.3</ele>
    <time>2026-10-04T18:17:15Z</time>
   </trkpt>
   <trkpt lat="51.4805180" lon="-0.1200510">
    <ele>4.3</ele>
    <time>2026-10-04T18:17:16Z</time>
   </trkpt>
   <trkpt lat="51.4805260" lon="-0.1200560">
    <ele>4.3</ele>
    <time>2026-10-04T18:17:17Z</time>
   </trkpt>
   <trkpt lat="51.4805310" lon="-0.1200540">
    <ele>4.3</ele>
    <time>2026-10-04T18:17:18Z</time>
   </trkpt>
   <trkpt lat="51.4805360" lon="-0.1200490">
    <ele>4.3</ele>
    <time>2026-10-04T18:17:19Z</time>
   </trkpt>
   <trkpt lat="51.4805530" lon="-0.1200500">
    <ele>4.3</ele>
    <time>2026-10-04T18:17:20Z</time>
   </trkpt>
   <trkpt lat="51.4805640" lon="-0.1200540">
    <ele>4.3</ele>
    <time>2026-10-04T18:17:21Z</time>
   </trkpt>
   <trkpt lat="51.4805780" lon="-0.1200470">
    <ele>4.3</ele>
    <time>2026-10-04T18:17:22Z</time>
   </trkpt>
   <trkpt lat="51.4805770" lon="-0.1200490">
    <ele>4.3</ele>
    <time>2026-10-04T18:17:23Z</time>
   </trkpt>
   <trkpt lat="51.4805840" lon="-0.1200380">
    <ele>4.3</ele>
    <time>2026-10-04T18:17:24Z</time>
   </trkpt>
   <trkpt lat="51.4805990" lon="-0.1200270">
    <ele>4.3</ele>
    <time>2026-10-04T18:17:26Z</time>
   </trkpt>
   <trkpt lat="51.4806080" lon="-0.1200240">
    <ele>4.3</ele>
    <time>2026-10-04T18:17:27Z</time>
   </trkpt>
   <trkpt lat="51.4806340" lon="-0.1200390">
    <ele>4.3</ele>
    <time>2026-10-04T18:17:29Z</time>
   </trkpt>
   <trkpt lat="51.4806370" lon="-0.1200350">
    <ele>4.3</ele>
    <time>2026-10-04T18:17:30Z</time>
   </trkpt>
   <trkpt lat="51.4806340" lon="-0.1200320">
    <ele>4.3</ele>
    <time>2026-10-04T18:17:32Z</time>
   </trkpt>
   <trkpt lat="51.4806360" lon="-0.1200340">
    <ele>4.3</ele>
    <time>2026-10-04T18:17:33Z</time>
   </trkpt>
   <trkpt lat="51.4806370" lon="-0.1200400">
    <ele>4.3</ele>
    <time>2026-10-04T18:17:35Z</time>
   </trkpt>
   <trkpt lat="51.4806480" lon="-0.1200480">
    <ele>4.3</ele>
    <time>2026-10-04T18:17:36Z</time>
   </trkpt>
   <trkpt lat="51.4806740" lon="-0.1200440">
    <ele>4.3</ele>
    <time>2026-10-04T18:17:38Z</time>
   </trkpt>
   <trkpt lat="51.4806970" lon="-0.1200500">
    <ele>4.3</ele>
    <time>2026-10-04T18:17:39Z</time>
   </trkpt>
   <trkpt lat="51.4806960" lon="-0.1200430">
    <ele>4.3</ele>
    <time>2026-10-04T18:17:40Z</time>
   </trkpt>
   <trkpt lat="51.4807030" lon="-0.1200500">
    <ele>4.3</ele>
    <time>2026-10-04T18:17:41Z</time>
   </trkpt>
   <trkpt lat="51.4807030" lon="-0.1200680">
    <ele>4.3</ele>
    <time>2026-10-04T18:17:42Z</time>
   </trkpt>
   <trkpt lat="51.4807120" lon="-0.1200840">
    <ele>4.3</ele>
    <time>2026-10-04T18:17:43Z</time>
   </trkpt>
   <trkpt lat="51.4807220" lon="-0.1200930">
    <ele>4.3</ele>
    <time>2026-10-04T18:17:44Z</time>
   </trkpt>
   <trkpt lat="51.4807330" lon="-0.1201110">
    <ele>4.3</ele>
    <time>2026-10-04T18:17:45Z</time>
   </trkpt>
   <trkpt lat="51.4807320" lon="-0.1201250">
    <ele>4.3</ele>
    <time>2026-10-04T18:17:46Z</time>
   </trkpt>
   <trkpt lat="51.4807380" lon="-0.1201240">
    <ele>4.3</ele>
    <time>2026-10-04T18:17:47Z</time>
   </trkpt>
   <trkpt lat="51.4807480" lon="-0.1201230">
    <ele>4.3</ele>
    <time>2026-10-04T18:17:48Z</time>
   </trkpt>
   <trkpt lat="51.4807700" lon="-0.1201370">
    <ele>4.3</ele>
    <time>2026-10-04T18:17:49Z</time>
   </trkpt>
   <trkpt lat="51.4807660" lon="-0.1201460">
    <ele>4.3</ele>
    <time>2026-10-04T18:17:50Z</time>
   </trkpt>
   <trkpt lat="51.4807730" lon="-0.1201420">
    <ele>4.3</ele>
    <time>2026-10-04T18:17:51Z</time>
   </trkpt>
   <trkpt lat="51.4807850" lon="-0.1201400">
    <ele>4.3</ele>
    <time>2026-10-04T18:17:52Z</time>
   </trkpt>
   <trkpt lat="51.4807990" lon="-0.1201370">
    <ele>4.3</ele>
    <time>2026-10-04T18:17:53Z</time>
   </trkpt>
   <trkpt lat="51.4808060" lon="-0.1201250">
    <ele>4.2</ele>
    <time>2026-10-04T18:17:54Z</time>
   </trkpt>
   <trkpt lat="51.4808210" lon="-0.1201230">
    <ele>4.2</ele>
    <time>2026-10-04T18:17:55Z</time>
   </trkpt>
   <trkpt lat="51.4808250" lon="-0.1201140">
    <ele>4.2</ele>
    <time>2026-10-04T18:17:56Z</time>
   </trkpt>
   <trkpt lat="51.4808350" lon="-0.1201130">
    <ele>4.2</ele>
    <time>2026-10-04T18:17:57Z</time>
   </trkpt>
   <trkpt lat="51.4808500" lon="-0.1201140">
    <ele>4.2</ele>
    <time>2026-10-04T18:17:58Z</time>
   </trkpt>
   <trkpt lat="51.4808570" lon="-0.1201130">
    <ele>4.2</ele>
    <time>2026-10-04T18:17:59Z</time>
   </trkpt>
   <trkpt lat="51.4808710" lon="-0.1201070">
    <ele>4.2</ele>
    <time>2026-10-04T18:18:00Z</time>
   </trkpt>
   <trkpt lat="51.4808800" lon="-0.1201050">
    <ele>4.2</ele>
    <time>2026-10-04T18:18:01Z</time>
   </trkpt>
   <trkpt lat="51.4808860" lon="-0.1200970">
    <ele>4.2</ele>
    <time>2026-10-04T18:18:02Z</time>
   </trkpt>
   <trkpt lat="51.4808980" lon="-0.1200960">
    <ele>4.2</ele>
    <time>2026-10-04T18:18:03Z</time>
   </trkpt>
   <trkpt lat="51.4809080" lon="-0.1200940">
    <ele>4.2</ele>
    <time>2026-10-04T18:18:04Z</time>
   </trkpt>
   <trkpt lat="51.4809180" lon="-0.1200820">
    <ele>4.2</ele>
    <time>2026-10-04T18:18:05Z</time>
   </trkpt>
   <trkpt lat="51.4809280" lon="-0.1200730">
    <ele>4.2</ele>
    <time>2026-10-04T18:18:06Z</time>
   </trkpt>
   <trkpt lat="51.4809390" lon="-0.1200680">
    <ele>4.2</ele>
    <time>2026-10-04T18:18:07Z</time>
   </trkpt>
   <trkpt lat="51.4809520" lon="-0.1200620">
    <ele>4.2</ele>
    <time>2026-10-04T18:18:08Z</time>
   </trkpt>
   <trkpt lat="51.4809570" lon="-0.1200600">
    <ele>4.2</ele>
    <time>2026-10-04T18:18:09Z</time>
   </trkpt>
   <trkpt lat="51.4809620" lon="-0.1200550">
    <ele>4.2</ele>
    <time>2026-10-04T18:18:10Z</time>
   </trkpt>
   <trkpt lat="51.4809730" lon="-0.1200430">
    <ele>4.2</ele>
    <time>2026-10-04T18:18:11Z</time>
   </trkpt>
   <trkpt lat="51.4809850" lon="-0.1200270">
    <ele>4.2</ele>
    <time>2026-10-04T18:18:12Z</time>
   </trkpt>
   <trkpt lat="51.4809980" lon="-0.1200140">
    <ele>4.2</ele>
    <time>2026-10-04T18:18:13Z</time>
   </trkpt>
   <trkpt lat="51.4810080" lon="-0.1200280">
    <ele>4.2</ele>
    <time>2026-10-04T18:18:14Z</time>
   </trkpt>
   <trkpt lat="51.4810150" lon="-0.1200270">
    <ele>4.2</ele>
    <time>2026-10-04T18:18:15Z</time>
   </trkpt>
   <trkpt lat="51.4810380" lon="-0.1200200">
    <ele>4.1</ele>
    <time>2026-10-04T18:18:16Z</time>
   </trkpt>
   <trkpt lat="51.4810410" lon="-0.1200230">
    <ele>4.1</ele>
    <time>2026-10-04T18:18:17Z</time>
   </trkpt>
   <trkpt lat="51.4810510" lon="-0.1200200">
    <ele>4.1</ele>
    <time>2026-10-04T18:18:18Z</time>
   </trkpt>
   <trkpt lat="51.4810550" lon="-0.1199960">
    <ele>4.1</ele>
    <time>2026-10-04T18:18:19Z</time>
   </trkpt>
   <trkpt lat="51.4810600" lon="-0.1199950">
    <ele>4.1</ele>
    <time>2026-10-04T18:18:20Z</time>
   </trkpt>
   <trkpt lat="51.4810700" lon="-0.1199900">
    <ele>4.1</ele>
    <time>2026-10-04T18:18:21Z</time>
   </trkpt>
   <trkpt lat="51.4810800" lon="-0.1199730">
    <ele>4.1</ele>
    <time>2026-10-04T18:18:22Z</time>
   </trkpt>
   <trkpt lat="51.4810910" lon="-0.1199480">
    <ele>4.1</ele>
    <time>2026-10-04T18:18:23Z</time>
   </trkpt>
   <trkpt lat="51.4810960" lon="-0.1199330">
    <ele>4.1</ele>
    <time>2026-10-04T18:18:24Z</time>
   </trkpt>
   <trkpt lat="51.4811010" lon="-0.1199300">
    <ele>4.1</ele>
    <time>2026-10-04T18:18:25Z</time>
   </trkpt>
   <trkpt lat="51.4811090" lon="-0.1199320">
    <ele>4.1</ele>
    <time>2026-10-04T18:18:26Z</time>
   </trkpt>
   <trkpt lat="51.4811180" lon="-0.1199220">
    <ele>4.1</ele>
    <time>2026-10-04T18:18:27Z</time>
   </trkpt>
   <trkpt lat="51.4811300" lon="-0.1199160">
    <ele>4.1</ele>
    <time>2026-10-04T18:18:28Z</time>
   </trkpt>
   <trkpt lat="51.4811340" lon="-0.1199090">
    <ele>4.1</ele>
    <time>2026-10-04T18:18:29Z</time>
   </trkpt>
   <trkpt lat="51.4811430" lon="-0.1199050">
    <ele>4.1</ele>
    <time>2026-10-04T18:18:30Z</time>
   </trkpt>
   <trkpt lat="51.4811520" lon="-0.1198970">
    <ele>4.1</ele>
    <time>2026-10-04T18:18:31Z</time>
   </trkpt>
   <trkpt lat="51.4811630" lon="-0.1199010">
    <ele>4.1</ele>
    <time>2026-10-04T18:18:32Z</time>
   </trkpt>
   <trkpt lat="51.4811740" lon="-0.1198960">
    <ele>4.1</ele>
    <time>2026-10-04T18:18:33Z</time>
   </trkpt>
   <trkpt lat="51.4811830" lon="-0.1198900">
    <ele>4.1</ele>
    <time>2026-10-04T18:18:34Z</time>
   </trkpt>
   <trkpt lat="51.4811880" lon="-0.1198820">
    <ele>4.1</ele>
    <time>2026-10-04T18:18:35Z</time>
   </trkpt>
   <trkpt lat="51.4811990" lon="-0.1198700">
    <ele>4.1</ele>
    <time>2026-10-04T18:18:36Z</time>
   </trkpt>
   <trkpt lat="51.4812160" lon="-0.1198570">
    <ele>4.1</ele>
    <time>2026-10-04T18:18:37Z</time>
   </trkpt>
   <trkpt lat="51.4812280" lon="-0.1198510">
    <ele>4.1</ele>
    <time>2026-10-04T18:18:38Z</time>
   </trkpt>
   <trkpt lat="51.4812370" lon="-0.1198380">
    <ele>4.1</ele>
    <time>2026-10-04T18:18:39Z</time>
   </trkpt>
   <trkpt lat="51.4812480" lon="-0.1198250">
    <ele>4.1</ele>
    <time>2026-10-04T18:18:40Z</time>
   </trkpt>
   <trkpt lat="51.4812530" lon="-0.1198160">
    <ele>4.1</ele>
    <time>2026-10-04T18:18:41Z</time>
   </trkpt>
   <trkpt lat="51.4812660" lon="-0.1198080">
    <ele>4.1</ele>
    <time>2026-10-04T18:18:42Z</time>
   </trkpt>
   <trkpt lat="51.4812760" lon="-0.1197930">
    <ele>4.0</ele>
    <time>2026-10-04T18:18:43Z</time>
   </trkpt>
   <trkpt lat="51.4812830" lon="-0.1198000">
    <ele>4.0</ele>
    <time>2026-10-04T18:18:44Z</time>
   </trkpt>
   <trkpt lat="51.4812830" lon="-0.1198090">
    <ele>4.0</ele>
    <time>2026-10-04T18:18:45Z</time>
   </trkpt>
   <trkpt lat="51.4812890" lon="-0.1198330">
    <ele>4.0</ele>
    <time>2026-10-04T18:18:46Z</time>
   </trkpt>
   <trkpt lat="51.4812980" lon="-0.1198520">
    <ele>4.0</ele>
    <time>2026-10-04T18:18:47Z</time>
   </trkpt>
   <trkpt lat="51.4813050" lon="-0.1198740">
    <ele>4.0</ele>
    <time>2026-10-04T18:18:48Z</time>
   </trkpt>
   <trkpt lat="51.4813100" lon="-0.1198940">
    <ele>4.0</ele>
    <time>2026-10-04T18:18:49Z</time>
   </trkpt>
   <trkpt lat="51.4813150" lon="-0.1199060">
    <ele>4.0</ele>
    <time>2026-10-04T18:18:50Z</time>
   </trkpt>
   <trkpt lat="51.4813270" lon="-0.1199120">
    <ele>4.0</ele>
    <time>2026-10-04T18:18:51Z</time>
   </trkpt>
   <trkpt lat="51.4813240" lon="-0.1199250">
    <ele>3.9</ele>
    <time>2026-10-04T18:18:52Z</time>
   </trkpt>
   <trkpt lat="51.4813280" lon="-0.1199370">
    <ele>3.9</ele>
    <time>2026-10-04T18:18:53Z</time>
   </trkpt>
   <trkpt lat="51.4813350" lon="-0.1199510">
    <ele>3.9</ele>
    <time>2026-10-04T18:18:54Z</time>
   </trkpt>
   <trkpt lat="51.4813420" lon="-0.1199670">
    <ele>3.9</ele>
    <time>2026-10-04T18:18:55Z</time>
   </trkpt>
   <trkpt lat="51.4813490" lon="-0.1199870">
    <ele>3.9</ele>
    <time>2026-10-04T18:18:56Z</time>
   </trkpt>
   <trkpt lat="51.4813520" lon="-0.1199960">
    <ele>3.9</ele>
    <time>2026-10-04T18:18:57Z</time>
   </trkpt>
   <trkpt lat="51.4813570" lon="-0.1200090">
    <ele>3.9</ele>
    <time>2026-10-04T18:18:58Z</time>
   </trkpt>
   <trkpt lat="51.4813640" lon="-0.1200220">
    <ele>3.9</ele>
    <time>2026-10-04T18:18:59Z</time>
   </trkpt>
   <trkpt lat="51.4813690" lon="-0.1200360">
    <ele>3.9</ele>
    <time>2026-10-04T18:19:00Z</time>
   </trkpt>
   <trkpt lat="51.4813790" lon="-0.1200570">
    <ele>3.8</ele>
    <time>2026-10-04T18:19:01Z</time>
   </trkpt>
   <trkpt lat="51.4813900" lon="-0.1200710">
    <ele>3.8</ele>
    <time>2026-10-04T18:19:02Z</time>
   </trkpt>
   <trkpt lat="51.4813920" lon="-0.1200920">
    <ele>3.8</ele>
    <time>2026-10-04T18:19:03Z</time>
   </trkpt>
   <trkpt lat="51.4814050" lon="-0.1201110">
    <ele>3.8</ele>
    <time>2026-10-04T18:19:04Z</time>
   </trkpt>
   <trkpt lat="51.4814130" lon="-0.1201200">
    <ele>3.8</ele>
    <time>2026-10-04T18:19:05Z</time>
   </trkpt>
   <trkpt lat="51.4814100" lon="-0.1201260">
    <ele>3.8</ele>
    <time>2026-10-04T18:19:06Z</time>
   </trkpt>
   <trkpt lat="51.4814120" lon="-0.1201330">
    <ele>3.8</ele>
    <time>2026-10-04T18:19:07Z</time>
   </trkpt>
   <trkpt lat="51.4814200" lon="-0.1201660">
    <ele>3.8</ele>
    <time>2026-10-04T18:19:08Z</time>
   </trkpt>
   <trkpt lat="51.4814230" lon="-0.1202000">
    <ele>3.7</ele>
    <time>2026-10-04T18:19:09Z</time>
   </trkpt>
   <trkpt lat="51.4814280" lon="-0.1202100">
    <ele>3.7</ele>
    <time>2026-10-04T18:19:10Z</time>
   </trkpt>
   <trkpt lat="51.4814380" lon="-0.1202260">
    <ele>3.7</ele>
    <time>2026-10-04T18:19:11Z</time>
   </trkpt>
   <trkpt lat="51.4814530" lon="-0.1202240">
    <ele>3.7</ele>
    <time>2026-10-04T18:19:12Z</time>
   </trkpt>
   <trkpt lat="51.4814730" lon="-0.1202510">
    <ele>3.7</ele>
    <time>2026-10-04T18:19:13Z</time>
   </trkpt>
   <trkpt lat="51.4814910" lon="-0.1202720">
    <ele>3.7</ele>
    <time>2026-10-04T18:19:14Z</time>
   </trkpt>
   <trkpt lat="51.4814930" lon="-0.1202760">
    <ele>3.7</ele>
    <time>2026-10-04T18:19:15Z</time>
   </trkpt>
   <trkpt lat="51.4814970" lon="-0.1202880">
    <ele>3.7</ele>
    <time>2026-10-04T18:19:16Z</time>
   </trkpt>
   <trkpt lat="51.4815080" lon="-0.1203110">
    <ele>3.7</ele>
    <time>2026-10-04T18:19:17Z</time>
   </trkpt>
   <trkpt lat="51.4815230" lon="-0.1203430">
    <ele>3.7</ele>
    <time>2026-10-04T18:19:18Z</time>
   </trkpt>
   <trkpt lat="51.4815170" lon="-0.1203490">
    <ele>3.7</ele>
    <time>2026-10-04T18:19:19Z</time>
   </trkpt>
   <trkpt lat="51.4815260" lon="-0.1203610">
    <ele>3.7</ele>
    <time>2026-10-04T18:19:20Z</time>
   </trkpt>
   <trkpt lat="51.4815340" lon="-0.1203840">
    <ele>3.7</ele>
    <time>2026-10-04T18:19:21Z</time>
   </trkpt>
   <trkpt lat="51.4815270" lon="-0.1203980">
    <ele>3.7</ele>
    <time>2026-10-04T18:19:22Z</time>
   </trkpt>
   <trkpt lat="51.4815230" lon="-0.1204140">
    <ele>3.7</ele>
    <time>2026-10-04T18:19:23Z</time>
   </trkpt>
   <trkpt lat="51.4815310" lon="-0.1204470">
    <ele>3.6</ele>
    <time>2026-10-04T18:19:24Z</time>
   </trkpt>
   <trkpt lat="51.4815410" lon="-0.1204610">
    <ele>3.6</ele>
    <time>2026-10-04T18:19:25Z</time>
   </trkpt>
   <trkpt lat="51.4815460" lon="-0.1204710">
    <ele>3.6</ele>
    <time>2026-10-04T18:19:26Z</time>
   </trkpt>
   <trkpt lat="51.4815490" lon="-0.1204880">
    <ele>3.6</ele>
    <time>2026-10-04T18:19:27Z</time>
   </trkpt>
   <trkpt lat="51.4815510" lon="-0.1205130">
    <ele>3.6</ele>
    <time>2026-10-04T18:19:28Z</time>
   </trkpt>
   <trkpt lat="51.4815580" lon="-0.1205270">
    <ele>3.6</ele>
    <time>2026-10-04T18:19:29Z</time>
   </trkpt>
   <trkpt lat="51.4815660" lon="-0.1205400">
    <ele>3.6</ele>
    <time>2026-10-04T18:19:31Z</time>
   </trkpt>
   <trkpt lat="51.4815650" lon="-0.1205550">
    <ele>3.6</ele>
    <time>2026-10-04T18:19:32Z</time>
   </trkpt>
   <trkpt lat="51.4815780" lon="-0.1205850">
    <ele>3.6</ele>
    <time>2026-10-04T18:19:33Z</time>
   </trkpt>
   <trkpt lat="51.4815760" lon="-0.1206160">
    <ele>3.6</ele>
    <time>2026-10-04T18:19:34Z</time>
   </trkpt>
   <trkpt lat="51.4815750" lon="-0.1206220">
    <ele>3.6</ele>
    <time>2026-10-04T18:19:35Z</time>
   </trkpt>
   <trkpt lat="51.4815760" lon="-0.1206400">
    <ele>3.6</ele>
    <time>2026-10-04T18:19:36Z</time>
   </trkpt>
   <trkpt lat="51.4815760" lon="-0.1206600">
    <ele>3.6</ele>
    <time>2026-10-04T18:19:37Z</time>
   </trkpt>
   <trkpt lat="51.4815770" lon="-0.1206830">
    <ele>3.6</ele>
    <time>2026-10-04T18:19:38Z</time>
   </trkpt>
   <trkpt lat="51.4815890" lon="-0.1206950">
    <ele>3.6</ele>
    <time>2026-10-04T18:19:39Z</time>
   </trkpt>
   <trkpt lat="51.4815980" lon="-0.1207190">
    <ele>3.6</ele>
    <time>2026-10-04T18:19:40Z</time>
   </trkpt>
   <trkpt lat="51.4815980" lon="-0.1207310">
    <ele>3.6</ele>
    <time>2026-10-04T18:19:41Z</time>
   </trkpt>
   <trkpt lat="51.4816050" lon="-0.1207430">
    <ele>3.6</ele>
    <time>2026-10-04T18:19:42Z</time>
   </trkpt>
   <trkpt lat="51.4816140" lon="-0.1207600">
    <ele>3.6</ele>
    <time>2026-10-04T18:19:43Z</time>
   </trkpt>
   <trkpt lat="51.4816190" lon="-0.1207770">
    <ele>3.6</ele>
    <time>2026-10-04T18:19:44Z</time>
   </trkpt>
   <trkpt lat="51.4816190" lon="-0.1207940">
    <ele>3.6</ele>
    <time>2026-10-04T18:19:45Z</time>
   </trkpt>
   <trkpt lat="51.4816390" lon="-0.1208240">
    <ele>3.6</ele>
    <time>2026-10-04T18:19:46Z</time>
   </trkpt>
   <trkpt lat="51.4816440" lon="-0.1208440">
    <ele>3.6</ele>
    <time>2026-10-04T18:19:47Z</time>
   </trkpt>
   <trkpt lat="51.4816490" lon="-0.1208590">
    <ele>3.6</ele>
    <time>2026-10-04T18:19:48Z</time>
   </trkpt>
   <trkpt lat="51.4816520" lon="-0.1208750">
    <ele>3.6</ele>
    <time>2026-10-04T18:19:49Z</time>
   </trkpt>
   <trkpt lat="51.4816520" lon="-0.1208940">
    <ele>3.6</ele>
    <time>2026-10-04T18:19:50Z</time>
   </trkpt>
   <trkpt lat="51.4816610" lon="-0.1209170">
    <ele>3.6</ele>
    <time>2026-10-04T18:19:51Z</time>
   </trkpt>
   <trkpt lat="51.4816700" lon="-0.1209390">
    <ele>3.6</ele>
    <time>2026-10-04T18:19:52Z</time>
   </trkpt>
   <trkpt lat="51.4816710" lon="-0.1209660">
    <ele>3.5</ele>
    <time>2026-10-04T18:19:53Z</time>
   </trkpt>
   <trkpt lat="51.4816760" lon="-0.1209780">
    <ele>3.5</ele>
    <time>2026-10-04T18:19:54Z</time>
   </trkpt>
   <trkpt lat="51.4816790" lon="-0.1209770">
    <ele>3.5</ele>
    <time>2026-10-04T18:19:55Z</time>
   </trkpt>
   <trkpt lat="51.4816790" lon="-0.1209910">
    <ele>3.5</ele>
    <time>2026-10-04T18:19:56Z</time>
   </trkpt>
   <trkpt lat="51.4816820" lon="-0.1210100">
    <ele>3.5</ele>
    <time>2026-10-04T18:19:57Z</time>
   </trkpt>
   <trkpt lat="51.4816830" lon="-0.1210340">
    <ele>3.5</ele>
    <time>2026-10-04T18:19:58Z</time>
   </trkpt>
   <trkpt lat="51.4816940" lon="-0.1210550">
    <ele>3.5</ele>
    <time>2026-10-04T18:19:59Z</time>
   </trkpt>
   <trkpt lat="51.4817080" lon="-0.1210730">
    <ele>3.5</ele>
    <time>2026-10-04T18:20:00Z</time>
   </trkpt>
   <trkpt lat="51.4817050" lon="-0.1210850">
    <ele>3.5</ele>
    <time>2026-10-04T18:20:01Z</time>
   </trkpt>
   <trkpt lat="51.4817170" lon="-0.1211050">
    <ele>3.5</ele>
    <time>2026-10-04T18:20:02Z</time>
   </trkpt>
   <trkpt lat="51.4817230" lon="-0.1211150">
    <ele>3.5</ele>
    <time>2026-10-04T18:20:03Z</time>
   </trkpt>
   <trkpt lat="51.4817270" lon="-0.1211300">
    <ele>3.5</ele>
    <time>2026-10-04T18:20:04Z</time>
   </trkpt>
   <trkpt lat="51.4817320" lon="-0.1211560">
    <ele>3.5</ele>
    <time>2026-10-04T18:20:05Z</time>
   </trkpt>
   <trkpt lat="51.4817340" lon="-0.1211720">
    <ele>3.5</ele>
    <time>2026-10-04T18:20:06Z</time>
   </trkpt>
   <trkpt lat="51.4817420" lon="-0.1211870">
    <ele>3.5</ele>
    <time>2026-10-04T18:20:07Z</time>
   </trkpt>
   <trkpt lat="51.4817480" lon="-0.1212020">
    <ele>3.5</ele>
    <time>2026-10-04T18:20:08Z</time>
   </trkpt>
   <trkpt lat="51.4817480" lon="-0.1212150">
    <ele>3.5</ele>
    <time>2026-10-04T18:20:09Z</time>
   </trkpt>
   <trkpt lat="51.4817450" lon="-0.1212410">
    <ele>3.5</ele>
    <time>2026-10-04T18:20:10Z</time>
   </trkpt>
   <trkpt lat="51.4817490" lon="-0.1212430">
    <ele>3.5</ele>
    <time>2026-10-04T18:20:11Z</time>
   </trkpt>
   <trkpt lat="51.4817560" lon="-0.1212540">
    <ele>3.5</ele>
    <time>2026-10-04T18:20:12Z</time>
   </trkpt>
   <trkpt lat="51.4817650" lon="-0.1212740">
    <ele>3.5</ele>
    <time>2026-10-04T18:20:13Z</time>
   </trkpt>
   <trkpt lat="51.4817700" lon="-0.1212950">
    <ele>3.5</ele>
    <time>2026-10-04T18:20:14Z</time>
   </trkpt>
   <trkpt lat="51.4817710" lon="-0.1213130">
    <ele>3.5</ele>
    <time>2026-10-04T18:20:15Z</time>
   </trkpt>
   <trkpt lat="51.4817800" lon="-0.1213290">
    <ele>3.5</ele>
    <time>2026-10-04T18:20:16Z</time>
   </trkpt>
   <trkpt lat="51.4817770" lon="-0.1213410">
    <ele>3.5</ele>
    <time>2026-10-04T18:20:17Z</time>
   </trkpt>
   <trkpt lat="51.4817720" lon="-0.1213620">
    <ele>3.5</ele>
    <time>2026-10-04T18:20:18Z</time>
   </trkpt>
   <trkpt lat="51.4817740" lon="-0.1213810">
    <ele>3.5</ele>
    <time>2026-10-04T18:20:19Z</time>
   </trkpt>
   <trkpt lat="51.4817810" lon="-0.1213990">
    <ele>3.5</ele>
    <time>2026-10-04T18:20:20Z</time>
   </trkpt>
   <trkpt lat="51.4817880" lon="-0.1214270">
    <ele>3.5</ele>
    <time>2026-10-04T18:20:21Z</time>
   </trkpt>
   <trkpt lat="51.4817800" lon="-0.1214530">
    <ele>3.5</ele>
    <time>2026-10-04T18:20:22Z</time>
   </trkpt>
   <trkpt lat="51.4817750" lon="-0.1214640">
    <ele>3.5</ele>
    <time>2026-10-04T18:20:23Z</time>
   </trkpt>
   <trkpt lat="51.4817550" lon="-0.1214770">
    <ele>3.5</ele>
    <time>2026-10-04T18:20:24Z</time>
   </trkpt>
   <trkpt lat="51.4817490" lon="-0.1214790">
    <ele>3.5</ele>
    <time>2026-10-04T18:20:25Z</time>
   </trkpt>
   <trkpt lat="51.4817460" lon="-0.1214800">
    <ele>3.5</ele>
    <time>2026-10-04T18:20:26Z</time>
   </trkpt>
   <trkpt lat="51.4817420" lon="-0.1214900">
    <ele>3.5</ele>
    <time>2026-10-04T18:20:27Z</time>
   </trkpt>
   <trkpt lat="51.4817280" lon="-0.1215210">
    <ele>3.5</ele>
    <time>2026-10-04T18:20:28Z</time>
   </trkpt>
   <trkpt lat="51.4817280" lon="-0.1215210">
    <ele>3.5</ele>
    <time>2026-10-04T18:20:29Z</time>
   </trkpt>
   <trkpt lat="51.4817280" lon="-0.1215210">
    <ele>3.5</ele>
    <time>2026-10-04T18:20:30Z</time>
   </trkpt>
   <trkpt lat="51.4817280" lon="-0.1215210">
    <ele>3.5</ele>
    <time>2026-10-04T18:20:31Z</time>
   </trkpt>
   <trkpt lat="51.4817280" lon="-0.1215210">
    <ele>3.5</ele>
    <time>2026-10-04T18:20:32Z</time>
   </trkpt>
   <trkpt lat="51.4817280" lon="-0.1215330">
    <ele>3.5</ele>
    <time>2026-10-04T18:20:33Z</time>
   </trkpt>
   <trkpt lat="51.4817280" lon="-0.1215330">
    <ele>3.5</ele>
    <time>2026-10-04T18:20:34Z</time>
   </trkpt>
   <trkpt lat="51.4817280" lon="-0.1215330">
    <ele>3.5</ele>
    <time>2026-10-04T18:20:35Z</time>
   </trkpt>
   <trkpt lat="51.4817280" lon="-0.1215450">
    <ele>3.5</ele>
    <time>2026-10-04T18:20:36Z</time>
   </trkpt>
   <trkpt lat="51.4817280" lon="-0.1215530">
    <ele>3.5</ele>
    <time>2026-10-04T18:20:37Z</time>
   </trkpt>
   <trkpt lat="51.4817280" lon="-0.1215600">
    <ele>3.5</ele>
    <time>2026-10-04T18:20:38Z</time>
   </trkpt>
  </trkseg>
 </trk>
</gpx>
